horizon,regime,algo,sampler,n_features,selector,params_json,fold_index,split,metric,value
1,GLOBAL,CatBoost,SMOTE,6,shap,{},0,test,AUC_ovr_4cls,0.5656
1,GLOBAL,CatBoost,SMOTE,6,shap,{},0,test,Acc_dir,0.5943
1,GLOBAL,CatBoost,SMOTE,6,shap,{},0,test,BalAcc_4cls,0.3061
1,GLOBAL,CatBoost,SMOTE,6,shap,{},0,test,Brier_up,0.242342311345063
1,GLOBAL,CatBoost,SMOTE,6,shap,{},0,test,ECE_up,0.07636203174690995
1,GLOBAL,CatBoost,SMOTE,6,shap,{},0,test,F1_4cls,0.3041
1,GLOBAL,CatBoost,SMOTE,6,shap,{},0,test,F1_DOWN_FORT,0.4195
1,GLOBAL,CatBoost,SMOTE,6,shap,{},0,test,F1_UP_FORT,0.4271
1,GLOBAL,CatBoost,SMOTE,6,shap,{},0,test,F1_dir,0.5908
1,GLOBAL,CatBoost,SMOTE,6,shap,{},0,test,MCC_4cls,0.0752
1,GLOBAL,CatBoost,SMOTE,6,shap,{},0,test_path,Acc_dir,0.6136
1,GLOBAL,CatBoost,SMOTE,6,shap,{},0,test_path,BalAcc_4cls,0.3212
1,GLOBAL,CatBoost,SMOTE,6,shap,{},0,test_path,F1_4cls,0.3191
1,GLOBAL,CatBoost,SMOTE,6,shap,{},0,test_path,F1_DOWN_FORT,0.4869
1,GLOBAL,CatBoost,SMOTE,6,shap,{},0,test_path,F1_UP_FORT,0.4484
1,GLOBAL,CatBoost,SMOTE,6,shap,{},0,test_path,F1_dir,0.6127
1,GLOBAL,CatBoost,SMOTE,6,shap,{},0,test_path,MCC_4cls,0.0984
1,GLOBAL,CatBoost,SMOTE,6,shap,{},1,test,AUC_ovr_4cls,0.5896
1,GLOBAL,CatBoost,SMOTE,6,shap,{},1,test,Acc_dir,0.583
1,GLOBAL,CatBoost,SMOTE,6,shap,{},1,test,BalAcc_4cls,0.2968
1,GLOBAL,CatBoost,SMOTE,6,shap,{},1,test,Brier_up,0.23807197754459886
1,GLOBAL,CatBoost,SMOTE,6,shap,{},1,test,ECE_up,0.05656994014798257
1,GLOBAL,CatBoost,SMOTE,6,shap,{},1,test,F1_4cls,0.2934
1,GLOBAL,CatBoost,SMOTE,6,shap,{},1,test,F1_DOWN_FORT,0.4487
1,GLOBAL,CatBoost,SMOTE,6,shap,{},1,test,F1_UP_FORT,0.4437
1,GLOBAL,CatBoost,SMOTE,6,shap,{},1,test,F1_dir,0.5828
1,GLOBAL,CatBoost,SMOTE,6,shap,{},1,test,MCC_4cls,0.0627
1,GLOBAL,CatBoost,SMOTE,6,shap,{},1,test_path,Acc_dir,0.5929
1,GLOBAL,CatBoost,SMOTE,6,shap,{},1,test_path,BalAcc_4cls,0.3181
1,GLOBAL,CatBoost,SMOTE,6,shap,{},1,test_path,F1_4cls,0.317
1,GLOBAL,CatBoost,SMOTE,6,shap,{},1,test_path,F1_DOWN_FORT,0.4522
1,GLOBAL,CatBoost,SMOTE,6,shap,{},1,test_path,F1_UP_FORT,0.4553
1,GLOBAL,CatBoost,SMOTE,6,shap,{},1,test_path,F1_dir,0.5927
1,GLOBAL,CatBoost,SMOTE,6,shap,{},1,test_path,MCC_4cls,0.0923
1,GLOBAL,CatBoost,SMOTE,6,shap,{},2,test,AUC_ovr_4cls,0.6109
1,GLOBAL,CatBoost,SMOTE,6,shap,{},2,test,Acc_dir,0.6277
1,GLOBAL,CatBoost,SMOTE,6,shap,{},2,test,BalAcc_4cls,0.341
1,GLOBAL,CatBoost,SMOTE,6,shap,{},2,test,Brier_up,0.22533257105540294
1,GLOBAL,CatBoost,SMOTE,6,shap,{},2,test,ECE_up,0.05223251123093433
1,GLOBAL,CatBoost,SMOTE,6,shap,{},2,test,F1_4cls,0.3371
1,GLOBAL,CatBoost,SMOTE,6,shap,{},2,test,F1_DOWN_FORT,0.544
1,GLOBAL,CatBoost,SMOTE,6,shap,{},2,test,F1_UP_FORT,0.4581
1,GLOBAL,CatBoost,SMOTE,6,shap,{},2,test,F1_dir,0.6239
1,GLOBAL,CatBoost,SMOTE,6,shap,{},2,test,MCC_4cls,0.1291
1,GLOBAL,CatBoost,SMOTE,6,shap,{},2,test_path,Acc_dir,0.5779
1,GLOBAL,CatBoost,SMOTE,6,shap,{},2,test_path,BalAcc_4cls,0.3042
1,GLOBAL,CatBoost,SMOTE,6,shap,{},2,test_path,F1_4cls,0.299
1,GLOBAL,CatBoost,SMOTE,6,shap,{},2,test_path,F1_DOWN_FORT,0.5034
1,GLOBAL,CatBoost,SMOTE,6,shap,{},2,test_path,F1_UP_FORT,0.3963
1,GLOBAL,CatBoost,SMOTE,6,shap,{},2,test_path,F1_dir,0.5773
1,GLOBAL,CatBoost,SMOTE,6,shap,{},2,test_path,MCC_4cls,0.075
1,GLOBAL,CatBoost,SMOTE,6,shap,{},3,test,AUC_ovr_4cls,0.5259
1,GLOBAL,CatBoost,SMOTE,6,shap,{},3,test,Acc_dir,0.537
1,GLOBAL,CatBoost,SMOTE,6,shap,{},3,test,BalAcc_4cls,0.2704
1,GLOBAL,CatBoost,SMOTE,6,shap,{},3,test,Brier_up,0.25194597354032194
1,GLOBAL,CatBoost,SMOTE,6,shap,{},3,test,ECE_up,0.09865687068692967
1,GLOBAL,CatBoost,SMOTE,6,shap,{},3,test,F1_4cls,0.2694
1,GLOBAL,CatBoost,SMOTE,6,shap,{},3,test,F1_DOWN_FORT,0.4065
1,GLOBAL,CatBoost,SMOTE,6,shap,{},3,test,F1_UP_FORT,0.3529
1,GLOBAL,CatBoost,SMOTE,6,shap,{},3,test,F1_dir,0.5351
1,GLOBAL,CatBoost,SMOTE,6,shap,{},3,test,MCC_4cls,0.0278
1,GLOBAL,CatBoost,SMOTE,6,shap,{},3,test_path,Acc_dir,0.5774
1,GLOBAL,CatBoost,SMOTE,6,shap,{},3,test_path,BalAcc_4cls,0.2911
1,GLOBAL,CatBoost,SMOTE,6,shap,{},3,test_path,F1_4cls,0.2874
1,GLOBAL,CatBoost,SMOTE,6,shap,{},3,test_path,F1_DOWN_FORT,0.4728
1,GLOBAL,CatBoost,SMOTE,6,shap,{},3,test_path,F1_UP_FORT,0.4339
1,GLOBAL,CatBoost,SMOTE,6,shap,{},3,test_path,F1_dir,0.5763
1,GLOBAL,CatBoost,SMOTE,6,shap,{},3,test_path,MCC_4cls,0.0579
1,GLOBAL,CatBoost,SMOTE,6,shap,{},4,test,AUC_ovr_4cls,0.5852
1,GLOBAL,CatBoost,SMOTE,6,shap,{},4,test,Acc_dir,0.5891
1,GLOBAL,CatBoost,SMOTE,6,shap,{},4,test,BalAcc_4cls,0.3028
1,GLOBAL,CatBoost,SMOTE,6,shap,{},4,test,Brier_up,0.23948932496721329
1,GLOBAL,CatBoost,SMOTE,6,shap,{},4,test,ECE_up,0.06065020124976488
1,GLOBAL,CatBoost,SMOTE,6,shap,{},4,test,F1_4cls,0.3011
1,GLOBAL,CatBoost,SMOTE,6,shap,{},4,test,F1_DOWN_FORT,0.4314
1,GLOBAL,CatBoost,SMOTE,6,shap,{},4,test,F1_UP_FORT,0.4396
1,GLOBAL,CatBoost,SMOTE,6,shap,{},4,test,F1_dir,0.5879
1,GLOBAL,CatBoost,SMOTE,6,shap,{},4,test,MCC_4cls,0.0707
1,GLOBAL,CatBoost,SMOTE,6,shap,{},5,test,AUC_ovr_4cls,0.6204
1,GLOBAL,CatBoost,SMOTE,6,shap,{},5,test,Acc_dir,0.634
1,GLOBAL,CatBoost,SMOTE,6,shap,{},5,test,BalAcc_4cls,0.3568
1,GLOBAL,CatBoost,SMOTE,6,shap,{},5,test,Brier_up,0.21950831267474544
1,GLOBAL,CatBoost,SMOTE,6,shap,{},5,test,ECE_up,0.05093935179498658
1,GLOBAL,CatBoost,SMOTE,6,shap,{},5,test,F1_4cls,0.3502
1,GLOBAL,CatBoost,SMOTE,6,shap,{},5,test,F1_DOWN_FORT,0.5403
1,GLOBAL,CatBoost,SMOTE,6,shap,{},5,test,F1_UP_FORT,0.4718
1,GLOBAL,CatBoost,SMOTE,6,shap,{},5,test,F1_dir,0.6326
1,GLOBAL,CatBoost,SMOTE,6,shap,{},5,test,MCC_4cls,0.1467
1,GLOBAL,CatBoost,SMOTE,6,shap,{},6,test,AUC_ovr_4cls,0.5511
1,GLOBAL,CatBoost,SMOTE,6,shap,{},6,test,Acc_dir,0.5665
1,GLOBAL,CatBoost,SMOTE,6,shap,{},6,test,BalAcc_4cls,0.2894
1,GLOBAL,CatBoost,SMOTE,6,shap,{},6,test,Brier_up,0.24687153559231284
1,GLOBAL,CatBoost,SMOTE,6,shap,{},6,test,ECE_up,0.08176431628393047
1,GLOBAL,CatBoost,SMOTE,6,shap,{},6,test,F1_4cls,0.2895
1,GLOBAL,CatBoost,SMOTE,6,shap,{},6,test,F1_DOWN_FORT,0.3961
1,GLOBAL,CatBoost,SMOTE,6,shap,{},6,test,F1_UP_FORT,0.4079
1,GLOBAL,CatBoost,SMOTE,6,shap,{},6,test,F1_dir,0.5664
1,GLOBAL,CatBoost,SMOTE,6,shap,{},6,test,MCC_4cls,0.0527
1,GLOBAL,CatBoost,SMOTE,6,shap,{},7,test,AUC_ovr_4cls,0.59
1,GLOBAL,CatBoost,SMOTE,6,shap,{},7,test,Acc_dir,0.6056
1,GLOBAL,CatBoost,SMOTE,6,shap,{},7,test,BalAcc_4cls,0.3196
1,GLOBAL,CatBoost,SMOTE,6,shap,{},7,test,Brier_up,0.23258993598038127
1,GLOBAL,CatBoost,SMOTE,6,shap,{},7,test,ECE_up,0.029904029761390984
1,GLOBAL,CatBoost,SMOTE,6,shap,{},7,test,F1_4cls,0.3139
1,GLOBAL,CatBoost,SMOTE,6,shap,{},7,test,F1_DOWN_FORT,0.549
1,GLOBAL,CatBoost,SMOTE,6,shap,{},7,test,F1_UP_FORT,0.4412
1,GLOBAL,CatBoost,SMOTE,6,shap,{},7,test,F1_dir,0.6055
1,GLOBAL,CatBoost,SMOTE,6,shap,{},7,test,MCC_4cls,0.0991
1,GLOBAL,CatBoost,SMOTE,6,shap,{},8,test,AUC_ovr_4cls,0.5648
1,GLOBAL,CatBoost,SMOTE,6,shap,{},8,test,Acc_dir,0.5722
1,GLOBAL,CatBoost,SMOTE,6,shap,{},8,test,BalAcc_4cls,0.3036
1,GLOBAL,CatBoost,SMOTE,6,shap,{},8,test,Brier_up,0.25263420969697487
1,GLOBAL,CatBoost,SMOTE,6,shap,{},8,test,ECE_up,0.09366335326603993
1,GLOBAL,CatBoost,SMOTE,6,shap,{},8,test,F1_4cls,0.2947
1,GLOBAL,CatBoost,SMOTE,6,shap,{},8,test,F1_DOWN_FORT,0.5199
1,GLOBAL,CatBoost,SMOTE,6,shap,{},8,test,F1_UP_FORT,0.4329
1,GLOBAL,CatBoost,SMOTE,6,shap,{},8,test,F1_dir,0.5701
1,GLOBAL,CatBoost,SMOTE,6,shap,{},8,test,MCC_4cls,0.0731
1,GLOBAL,CatBoost,SMOTE,6,shap,{},9,test,AUC_ovr_4cls,0.581
1,GLOBAL,CatBoost,SMOTE,6,shap,{},9,test,Acc_dir,0.5945
1,GLOBAL,CatBoost,SMOTE,6,shap,{},9,test,BalAcc_4cls,0.2921
1,GLOBAL,CatBoost,SMOTE,6,shap,{},9,test,Brier_up,0.22993155074097157
1,GLOBAL,CatBoost,SMOTE,6,shap,{},9,test,ECE_up,0.033795937049690965
1,GLOBAL,CatBoost,SMOTE,6,shap,{},9,test,F1_4cls,0.2891
1,GLOBAL,CatBoost,SMOTE,6,shap,{},9,test,F1_DOWN_FORT,0.4972
1,GLOBAL,CatBoost,SMOTE,6,shap,{},9,test,F1_UP_FORT,0.4528
1,GLOBAL,CatBoost,SMOTE,6,shap,{},9,test,F1_dir,0.5916
1,GLOBAL,CatBoost,SMOTE,6,shap,{},9,test,MCC_4cls,0.0643
1,GLOBAL,CatBoost,SMOTE,10,shap,{},0,test,AUC_ovr_4cls,0.5632
1,GLOBAL,CatBoost,SMOTE,10,shap,{},0,test,Acc_dir,0.5849
1,GLOBAL,CatBoost,SMOTE,10,shap,{},0,test,BalAcc_4cls,0.3072
1,GLOBAL,CatBoost,SMOTE,10,shap,{},0,test,Brier_up,0.2442551874434088
1,GLOBAL,CatBoost,SMOTE,10,shap,{},0,test,ECE_up,0.08006217993191153
1,GLOBAL,CatBoost,SMOTE,10,shap,{},0,test,F1_4cls,0.3017
1,GLOBAL,CatBoost,SMOTE,10,shap,{},0,test,F1_DOWN_FORT,0.487
1,GLOBAL,CatBoost,SMOTE,10,shap,{},0,test,F1_UP_FORT,0.3986
1,GLOBAL,CatBoost,SMOTE,10,shap,{},0,test,F1_dir,0.5807
1,GLOBAL,CatBoost,SMOTE,10,shap,{},0,test,MCC_4cls,0.0765
1,GLOBAL,CatBoost,SMOTE,10,shap,{},0,test_path,Acc_dir,0.5931
1,GLOBAL,CatBoost,SMOTE,10,shap,{},0,test_path,BalAcc_4cls,0.3336
1,GLOBAL,CatBoost,SMOTE,10,shap,{},0,test_path,F1_4cls,0.3299
1,GLOBAL,CatBoost,SMOTE,10,shap,{},0,test_path,F1_DOWN_FORT,0.5319
1,GLOBAL,CatBoost,SMOTE,10,shap,{},0,test_path,F1_UP_FORT,0.4374
1,GLOBAL,CatBoost,SMOTE,10,shap,{},0,test_path,F1_dir,0.592
1,GLOBAL,CatBoost,SMOTE,10,shap,{},0,test_path,MCC_4cls,0.1142
1,GLOBAL,CatBoost,SMOTE,10,shap,{},1,test,AUC_ovr_4cls,0.5806
1,GLOBAL,CatBoost,SMOTE,10,shap,{},1,test,Acc_dir,0.5764
1,GLOBAL,CatBoost,SMOTE,10,shap,{},1,test,BalAcc_4cls,0.3038
1,GLOBAL,CatBoost,SMOTE,10,shap,{},1,test,Brier_up,0.23969651862524083
1,GLOBAL,CatBoost,SMOTE,10,shap,{},1,test,ECE_up,0.07246579995321105
1,GLOBAL,CatBoost,SMOTE,10,shap,{},1,test,F1_4cls,0.3033
1,GLOBAL,CatBoost,SMOTE,10,shap,{},1,test,F1_DOWN_FORT,0.4393
1,GLOBAL,CatBoost,SMOTE,10,shap,{},1,test,F1_UP_FORT,0.3882
1,GLOBAL,CatBoost,SMOTE,10,shap,{},1,test,F1_dir,0.5763
1,GLOBAL,CatBoost,SMOTE,10,shap,{},1,test,MCC_4cls,0.0731
1,GLOBAL,CatBoost,SMOTE,10,shap,{},1,test_path,Acc_dir,0.6042
1,GLOBAL,CatBoost,SMOTE,10,shap,{},1,test_path,BalAcc_4cls,0.3267
1,GLOBAL,CatBoost,SMOTE,10,shap,{},1,test_path,F1_4cls,0.3256
1,GLOBAL,CatBoost,SMOTE,10,shap,{},1,test_path,F1_DOWN_FORT,0.4748
1,GLOBAL,CatBoost,SMOTE,10,shap,{},1,test_path,F1_UP_FORT,0.4623
1,GLOBAL,CatBoost,SMOTE,10,shap,{},1,test_path,F1_dir,0.6033
1,GLOBAL,CatBoost,SMOTE,10,shap,{},1,test_path,MCC_4cls,0.1051
1,GLOBAL,CatBoost,SMOTE,10,shap,{},2,test,AUC_ovr_4cls,0.6183
1,GLOBAL,CatBoost,SMOTE,10,shap,{},2,test,Acc_dir,0.6196
1,GLOBAL,CatBoost,SMOTE,10,shap,{},2,test,BalAcc_4cls,0.3593
1,GLOBAL,CatBoost,SMOTE,10,shap,{},2,test,Brier_up,0.22631462981048986
1,GLOBAL,CatBoost,SMOTE,10,shap,{},2,test,ECE_up,0.04130927882034782
1,GLOBAL,CatBoost,SMOTE,10,shap,{},2,test,F1_4cls,0.355
1,GLOBAL,CatBoost,SMOTE,10,shap,{},2,test,F1_DOWN_FORT,0.5684
1,GLOBAL,CatBoost,SMOTE,10,shap,{},2,test,F1_UP_FORT,0.4787
1,GLOBAL,CatBoost,SMOTE,10,shap,{},2,test,F1_dir,0.6148
1,GLOBAL,CatBoost,SMOTE,10,shap,{},2,test,MCC_4cls,0.151
1,GLOBAL,CatBoost,SMOTE,10,shap,{},2,test_path,Acc_dir,0.5806
1,GLOBAL,CatBoost,SMOTE,10,shap,{},2,test_path,BalAcc_4cls,0.3065
1,GLOBAL,CatBoost,SMOTE,10,shap,{},2,test_path,F1_4cls,0.3032
1,GLOBAL,CatBoost,SMOTE,10,shap,{},2,test_path,F1_DOWN_FORT,0.49
1,GLOBAL,CatBoost,SMOTE,10,shap,{},2,test_path,F1_UP_FORT,0.3819
1,GLOBAL,CatBoost,SMOTE,10,shap,{},2,test_path,F1_dir,0.5801
1,GLOBAL,CatBoost,SMOTE,10,shap,{},2,test_path,MCC_4cls,0.0772
1,GLOBAL,CatBoost,SMOTE,10,shap,{},3,test,AUC_ovr_4cls,0.5494
1,GLOBAL,CatBoost,SMOTE,10,shap,{},3,test,Acc_dir,0.5315
1,GLOBAL,CatBoost,SMOTE,10,shap,{},3,test,BalAcc_4cls,0.2945
1,GLOBAL,CatBoost,SMOTE,10,shap,{},3,test,Brier_up,0.2543619606851725
1,GLOBAL,CatBoost,SMOTE,10,shap,{},3,test,ECE_up,0.08140570224212625
1,GLOBAL,CatBoost,SMOTE,10,shap,{},3,test,F1_4cls,0.291
1,GLOBAL,CatBoost,SMOTE,10,shap,{},3,test,F1_DOWN_FORT,0.481
1,GLOBAL,CatBoost,SMOTE,10,shap,{},3,test,F1_UP_FORT,0.3346
1,GLOBAL,CatBoost,SMOTE,10,shap,{},3,test,F1_dir,0.5304
1,GLOBAL,CatBoost,SMOTE,10,shap,{},3,test,MCC_4cls,0.0585
1,GLOBAL,CatBoost,SMOTE,10,shap,{},3,test_path,Acc_dir,0.5779
1,GLOBAL,CatBoost,SMOTE,10,shap,{},3,test_path,BalAcc_4cls,0.2953
1,GLOBAL,CatBoost,SMOTE,10,shap,{},3,test_path,F1_4cls,0.2922
1,GLOBAL,CatBoost,SMOTE,10,shap,{},3,test_path,F1_DOWN_FORT,0.4982
1,GLOBAL,CatBoost,SMOTE,10,shap,{},3,test_path,F1_UP_FORT,0.4118
1,GLOBAL,CatBoost,SMOTE,10,shap,{},3,test_path,F1_dir,0.5768
1,GLOBAL,CatBoost,SMOTE,10,shap,{},3,test_path,MCC_4cls,0.064
1,GLOBAL,CatBoost,SMOTE,10,shap,{},4,test,AUC_ovr_4cls,0.6103
1,GLOBAL,CatBoost,SMOTE,10,shap,{},4,test,Acc_dir,0.6144
1,GLOBAL,CatBoost,SMOTE,10,shap,{},4,test,BalAcc_4cls,0.3407
1,GLOBAL,CatBoost,SMOTE,10,shap,{},4,test,Brier_up,0.2345028319258718
1,GLOBAL,CatBoost,SMOTE,10,shap,{},4,test,ECE_up,0.05377077693985075
1,GLOBAL,CatBoost,SMOTE,10,shap,{},4,test,F1_4cls,0.3365
1,GLOBAL,CatBoost,SMOTE,10,shap,{},4,test,F1_DOWN_FORT,0.4725
1,GLOBAL,CatBoost,SMOTE,10,shap,{},4,test,F1_UP_FORT,0.5115
1,GLOBAL,CatBoost,SMOTE,10,shap,{},4,test,F1_dir,0.6141
1,GLOBAL,CatBoost,SMOTE,10,shap,{},4,test,MCC_4cls,0.1225
1,GLOBAL,CatBoost,SMOTE,10,shap,{},5,test,AUC_ovr_4cls,0.6115
1,GLOBAL,CatBoost,SMOTE,10,shap,{},5,test,Acc_dir,0.6068
1,GLOBAL,CatBoost,SMOTE,10,shap,{},5,test,BalAcc_4cls,0.3219
1,GLOBAL,CatBoost,SMOTE,10,shap,{},5,test,Brier_up,0.2214040039068779
1,GLOBAL,CatBoost,SMOTE,10,shap,{},5,test,ECE_up,0.0540804082561629
1,GLOBAL,CatBoost,SMOTE,10,shap,{},5,test,F1_4cls,0.318
1,GLOBAL,CatBoost,SMOTE,10,shap,{},5,test,F1_DOWN_FORT,0.5243
1,GLOBAL,CatBoost,SMOTE,10,shap,{},5,test,F1_UP_FORT,0.461
1,GLOBAL,CatBoost,SMOTE,10,shap,{},5,test,F1_dir,0.6061
1,GLOBAL,CatBoost,SMOTE,10,shap,{},5,test,MCC_4cls,0.1053
1,GLOBAL,CatBoost,SMOTE,10,shap,{},6,test,AUC_ovr_4cls,0.5539
1,GLOBAL,CatBoost,SMOTE,10,shap,{},6,test,Acc_dir,0.5748
1,GLOBAL,CatBoost,SMOTE,10,shap,{},6,test,BalAcc_4cls,0.2804
1,GLOBAL,CatBoost,SMOTE,10,shap,{},6,test,Brier_up,0.24359852010939406
1,GLOBAL,CatBoost,SMOTE,10,shap,{},6,test,ECE_up,0.07188773481045321
1,GLOBAL,CatBoost,SMOTE,10,shap,{},6,test,F1_4cls,0.2805
1,GLOBAL,CatBoost,SMOTE,10,shap,{},6,test,F1_DOWN_FORT,0.4185
1,GLOBAL,CatBoost,SMOTE,10,shap,{},6,test,F1_UP_FORT,0.3849
1,GLOBAL,CatBoost,SMOTE,10,shap,{},6,test,F1_dir,0.57
1,GLOBAL,CatBoost,SMOTE,10,shap,{},6,test,MCC_4cls,0.0402
1,GLOBAL,CatBoost,SMOTE,10,shap,{},7,test,AUC_ovr_4cls,0.6098
1,GLOBAL,CatBoost,SMOTE,10,shap,{},7,test,Acc_dir,0.6176
1,GLOBAL,CatBoost,SMOTE,10,shap,{},7,test,BalAcc_4cls,0.3246
1,GLOBAL,CatBoost,SMOTE,10,shap,{},7,test,Brier_up,0.22592699988265758
1,GLOBAL,CatBoost,SMOTE,10,shap,{},7,test,ECE_up,0.03390947961789229
1,GLOBAL,CatBoost,SMOTE,10,shap,{},7,test,F1_4cls,0.3204
1,GLOBAL,CatBoost,SMOTE,10,shap,{},7,test,F1_DOWN_FORT,0.5602
1,GLOBAL,CatBoost,SMOTE,10,shap,{},7,test,F1_UP_FORT,0.3912
1,GLOBAL,CatBoost,SMOTE,10,shap,{},7,test,F1_dir,0.6176
1,GLOBAL,CatBoost,SMOTE,10,shap,{},7,test,MCC_4cls,0.104
1,GLOBAL,CatBoost,SMOTE,10,shap,{},8,test,AUC_ovr_4cls,0.5875
1,GLOBAL,CatBoost,SMOTE,10,shap,{},8,test,Acc_dir,0.5776
1,GLOBAL,CatBoost,SMOTE,10,shap,{},8,test,BalAcc_4cls,0.3055
1,GLOBAL,CatBoost,SMOTE,10,shap,{},8,test,Brier_up,0.24353058046513398
1,GLOBAL,CatBoost,SMOTE,10,shap,{},8,test,ECE_up,0.06697166103232327
1,GLOBAL,CatBoost,SMOTE,10,shap,{},8,test,F1_4cls,0.2997
1,GLOBAL,CatBoost,SMOTE,10,shap,{},8,test,F1_DOWN_FORT,0.4954
1,GLOBAL,CatBoost,SMOTE,10,shap,{},8,test,F1_UP_FORT,0.4231
1,GLOBAL,CatBoost,SMOTE,10,shap,{},8,test,F1_dir,0.5769
1,GLOBAL,CatBoost,SMOTE,10,shap,{},8,test,MCC_4cls,0.0755
1,GLOBAL,CatBoost,SMOTE,10,shap,{},9,test,AUC_ovr_4cls,0.58
1,GLOBAL,CatBoost,SMOTE,10,shap,{},9,test,Acc_dir,0.5848
1,GLOBAL,CatBoost,SMOTE,10,shap,{},9,test,BalAcc_4cls,0.3088
1,GLOBAL,CatBoost,SMOTE,10,shap,{},9,test,Brier_up,0.23200469565428933
1,GLOBAL,CatBoost,SMOTE,10,shap,{},9,test,ECE_up,0.032885177176443244
1,GLOBAL,CatBoost,SMOTE,10,shap,{},9,test,F1_4cls,0.3086
1,GLOBAL,CatBoost,SMOTE,10,shap,{},9,test,F1_DOWN_FORT,0.5176
1,GLOBAL,CatBoost,SMOTE,10,shap,{},9,test,F1_UP_FORT,0.4444
1,GLOBAL,CatBoost,SMOTE,10,shap,{},9,test,F1_dir,0.5836
1,GLOBAL,CatBoost,SMOTE,10,shap,{},9,test,MCC_4cls,0.0882
1,GLOBAL,CatBoost,SMOTE,14,shap,{},0,test,AUC_ovr_4cls,0.5657
1,GLOBAL,CatBoost,SMOTE,14,shap,{},0,test,Acc_dir,0.5782
1,GLOBAL,CatBoost,SMOTE,14,shap,{},0,test,BalAcc_4cls,0.2913
1,GLOBAL,CatBoost,SMOTE,14,shap,{},0,test,Brier_up,0.2406079128312678
1,GLOBAL,CatBoost,SMOTE,14,shap,{},0,test,ECE_up,0.06903227521224985
1,GLOBAL,CatBoost,SMOTE,14,shap,{},0,test,F1_4cls,0.2827
1,GLOBAL,CatBoost,SMOTE,14,shap,{},0,test,F1_DOWN_FORT,0.4637
1,GLOBAL,CatBoost,SMOTE,14,shap,{},0,test,F1_UP_FORT,0.3118
1,GLOBAL,CatBoost,SMOTE,14,shap,{},0,test,F1_dir,0.5714
1,GLOBAL,CatBoost,SMOTE,14,shap,{},0,test,MCC_4cls,0.0524
1,GLOBAL,CatBoost,SMOTE,14,shap,{},0,test_path,Acc_dir,0.5931
1,GLOBAL,CatBoost,SMOTE,14,shap,{},0,test_path,BalAcc_4cls,0.3171
1,GLOBAL,CatBoost,SMOTE,14,shap,{},0,test_path,F1_4cls,0.3137
1,GLOBAL,CatBoost,SMOTE,14,shap,{},0,test_path,F1_DOWN_FORT,0.508
1,GLOBAL,CatBoost,SMOTE,14,shap,{},0,test_path,F1_UP_FORT,0.4192
1,GLOBAL,CatBoost,SMOTE,14,shap,{},0,test_path,F1_dir,0.5915
1,GLOBAL,CatBoost,SMOTE,14,shap,{},0,test_path,MCC_4cls,0.0924
1,GLOBAL,CatBoost,SMOTE,14,shap,{},1,test,AUC_ovr_4cls,0.5672
1,GLOBAL,CatBoost,SMOTE,14,shap,{},1,test,Acc_dir,0.5737
1,GLOBAL,CatBoost,SMOTE,14,shap,{},1,test,BalAcc_4cls,0.2764
1,GLOBAL,CatBoost,SMOTE,14,shap,{},1,test,Brier_up,0.23930708270287107
1,GLOBAL,CatBoost,SMOTE,14,shap,{},1,test,ECE_up,0.059374640590188606
1,GLOBAL,CatBoost,SMOTE,14,shap,{},1,test,F1_4cls,0.2744
1,GLOBAL,CatBoost,SMOTE,14,shap,{},1,test,F1_DOWN_FORT,0.4479
1,GLOBAL,CatBoost,SMOTE,14,shap,{},1,test,F1_UP_FORT,0.3766
1,GLOBAL,CatBoost,SMOTE,14,shap,{},1,test,F1_dir,0.5737
1,GLOBAL,CatBoost,SMOTE,14,shap,{},1,test,MCC_4cls,0.0363
1,GLOBAL,CatBoost,SMOTE,14,shap,{},1,test_path,Acc_dir,0.5994
1,GLOBAL,CatBoost,SMOTE,14,shap,{},1,test_path,BalAcc_4cls,0.3184
1,GLOBAL,CatBoost,SMOTE,14,shap,{},1,test_path,F1_4cls,0.3154
1,GLOBAL,CatBoost,SMOTE,14,shap,{},1,test_path,F1_DOWN_FORT,0.4982
1,GLOBAL,CatBoost,SMOTE,14,shap,{},1,test_path,F1_UP_FORT,0.4464
1,GLOBAL,CatBoost,SMOTE,14,shap,{},1,test_path,F1_dir,0.5993
1,GLOBAL,CatBoost,SMOTE,14,shap,{},1,test_path,MCC_4cls,0.0957
1,GLOBAL,CatBoost,SMOTE,14,shap,{},2,test,AUC_ovr_4cls,0.6199
1,GLOBAL,CatBoost,SMOTE,14,shap,{},2,test,Acc_dir,0.6101
1,GLOBAL,CatBoost,SMOTE,14,shap,{},2,test,BalAcc_4cls,0.3589
1,GLOBAL,CatBoost,SMOTE,14,shap,{},2,test,Brier_up,0.22546585068297323
1,GLOBAL,CatBoost,SMOTE,14,shap,{},2,test,ECE_up,0.04465817029521115
1,GLOBAL,CatBoost,SMOTE,14,shap,{},2,test,F1_4cls,0.3574
1,GLOBAL,CatBoost,SMOTE,14,shap,{},2,test,F1_DOWN_FORT,0.5249
1,GLOBAL,CatBoost,SMOTE,14,shap,{},2,test,F1_UP_FORT,0.5253
1,GLOBAL,CatBoost,SMOTE,14,shap,{},2,test,F1_dir,0.6066
1,GLOBAL,CatBoost,SMOTE,14,shap,{},2,test,MCC_4cls,0.1478
1,GLOBAL,CatBoost,SMOTE,14,shap,{},2,test_path,Acc_dir,0.5812
1,GLOBAL,CatBoost,SMOTE,14,shap,{},2,test_path,BalAcc_4cls,0.3117
1,GLOBAL,CatBoost,SMOTE,14,shap,{},2,test_path,F1_4cls,0.306
1,GLOBAL,CatBoost,SMOTE,14,shap,{},2,test_path,F1_DOWN_FORT,0.4875
1,GLOBAL,CatBoost,SMOTE,14,shap,{},2,test_path,F1_UP_FORT,0.406
1,GLOBAL,CatBoost,SMOTE,14,shap,{},2,test_path,F1_dir,0.5811
1,GLOBAL,CatBoost,SMOTE,14,shap,{},2,test_path,MCC_4cls,0.0844
1,GLOBAL,CatBoost,SMOTE,14,shap,{},3,test,AUC_ovr_4cls,0.5618
1,GLOBAL,CatBoost,SMOTE,14,shap,{},3,test,Acc_dir,0.5575
1,GLOBAL,CatBoost,SMOTE,14,shap,{},3,test,BalAcc_4cls,0.2808
1,GLOBAL,CatBoost,SMOTE,14,shap,{},3,test,Brier_up,0.2469436662332218
1,GLOBAL,CatBoost,SMOTE,14,shap,{},3,test,ECE_up,0.06523654832824674
1,GLOBAL,CatBoost,SMOTE,14,shap,{},3,test,F1_4cls,0.277
1,GLOBAL,CatBoost,SMOTE,14,shap,{},3,test,F1_DOWN_FORT,0.4776
1,GLOBAL,CatBoost,SMOTE,14,shap,{},3,test,F1_UP_FORT,0.3509
1,GLOBAL,CatBoost,SMOTE,14,shap,{},3,test,F1_dir,0.5567
1,GLOBAL,CatBoost,SMOTE,14,shap,{},3,test,MCC_4cls,0.0442
1,GLOBAL,CatBoost,SMOTE,14,shap,{},3,test_path,Acc_dir,0.5768
1,GLOBAL,CatBoost,SMOTE,14,shap,{},3,test_path,BalAcc_4cls,0.2924
1,GLOBAL,CatBoost,SMOTE,14,shap,{},3,test_path,F1_4cls,0.2874
1,GLOBAL,CatBoost,SMOTE,14,shap,{},3,test_path,F1_DOWN_FORT,0.4994
1,GLOBAL,CatBoost,SMOTE,14,shap,{},3,test_path,F1_UP_FORT,0.4219
1,GLOBAL,CatBoost,SMOTE,14,shap,{},3,test_path,F1_dir,0.5766
1,GLOBAL,CatBoost,SMOTE,14,shap,{},3,test_path,MCC_4cls,0.0603
1,GLOBAL,CatBoost,SMOTE,14,shap,{},4,test,AUC_ovr_4cls,0.5999
1,GLOBAL,CatBoost,SMOTE,14,shap,{},4,test,Acc_dir,0.5918
1,GLOBAL,CatBoost,SMOTE,14,shap,{},4,test,BalAcc_4cls,0.335
1,GLOBAL,CatBoost,SMOTE,14,shap,{},4,test,Brier_up,0.2341721620351191
1,GLOBAL,CatBoost,SMOTE,14,shap,{},4,test,ECE_up,0.05056858123552977
1,GLOBAL,CatBoost,SMOTE,14,shap,{},4,test,F1_4cls,0.3262
1,GLOBAL,CatBoost,SMOTE,14,shap,{},4,test,F1_DOWN_FORT,0.5179
1,GLOBAL,CatBoost,SMOTE,14,shap,{},4,test,F1_UP_FORT,0.5
1,GLOBAL,CatBoost,SMOTE,14,shap,{},4,test,F1_dir,0.5918
1,GLOBAL,CatBoost,SMOTE,14,shap,{},4,test,MCC_4cls,0.1145
1,GLOBAL,CatBoost,SMOTE,14,shap,{},5,test,AUC_ovr_4cls,0.6156
1,GLOBAL,CatBoost,SMOTE,14,shap,{},5,test,Acc_dir,0.5973
1,GLOBAL,CatBoost,SMOTE,14,shap,{},5,test,BalAcc_4cls,0.3248
1,GLOBAL,CatBoost,SMOTE,14,shap,{},5,test,Brier_up,0.22640979911534312
1,GLOBAL,CatBoost,SMOTE,14,shap,{},5,test,ECE_up,0.08778693878371972
1,GLOBAL,CatBoost,SMOTE,14,shap,{},5,test,F1_4cls,0.3118
1,GLOBAL,CatBoost,SMOTE,14,shap,{},5,test,F1_DOWN_FORT,0.5337
1,GLOBAL,CatBoost,SMOTE,14,shap,{},5,test,F1_UP_FORT,0.4595
1,GLOBAL,CatBoost,SMOTE,14,shap,{},5,test,F1_dir,0.5953
1,GLOBAL,CatBoost,SMOTE,14,shap,{},5,test,MCC_4cls,0.1128
1,GLOBAL,CatBoost,SMOTE,14,shap,{},6,test,AUC_ovr_4cls,0.5651
1,GLOBAL,CatBoost,SMOTE,14,shap,{},6,test,Acc_dir,0.5693
1,GLOBAL,CatBoost,SMOTE,14,shap,{},6,test,BalAcc_4cls,0.2825
1,GLOBAL,CatBoost,SMOTE,14,shap,{},6,test,Brier_up,0.24034925827197662
1,GLOBAL,CatBoost,SMOTE,14,shap,{},6,test,ECE_up,0.06310009718628377
1,GLOBAL,CatBoost,SMOTE,14,shap,{},6,test,F1_4cls,0.2833
1,GLOBAL,CatBoost,SMOTE,14,shap,{},6,test,F1_DOWN_FORT,0.412
1,GLOBAL,CatBoost,SMOTE,14,shap,{},6,test,F1_UP_FORT,0.363
1,GLOBAL,CatBoost,SMOTE,14,shap,{},6,test,F1_dir,0.5693
1,GLOBAL,CatBoost,SMOTE,14,shap,{},6,test,MCC_4cls,0.0441
1,GLOBAL,CatBoost,SMOTE,14,shap,{},7,test,AUC_ovr_4cls,0.6014
1,GLOBAL,CatBoost,SMOTE,14,shap,{},7,test,Acc_dir,0.6176
1,GLOBAL,CatBoost,SMOTE,14,shap,{},7,test,BalAcc_4cls,0.3192
1,GLOBAL,CatBoost,SMOTE,14,shap,{},7,test,Brier_up,0.22626438411569416
1,GLOBAL,CatBoost,SMOTE,14,shap,{},7,test,ECE_up,0.054845498178854986
1,GLOBAL,CatBoost,SMOTE,14,shap,{},7,test,F1_4cls,0.3108
1,GLOBAL,CatBoost,SMOTE,14,shap,{},7,test,F1_DOWN_FORT,0.5559
1,GLOBAL,CatBoost,SMOTE,14,shap,{},7,test,F1_UP_FORT,0.4101
1,GLOBAL,CatBoost,SMOTE,14,shap,{},7,test,F1_dir,0.6176
1,GLOBAL,CatBoost,SMOTE,14,shap,{},7,test,MCC_4cls,0.0987
1,GLOBAL,CatBoost,SMOTE,14,shap,{},8,test,AUC_ovr_4cls,0.5831
1,GLOBAL,CatBoost,SMOTE,14,shap,{},8,test,Acc_dir,0.587
1,GLOBAL,CatBoost,SMOTE,14,shap,{},8,test,BalAcc_4cls,0.3131
1,GLOBAL,CatBoost,SMOTE,14,shap,{},8,test,Brier_up,0.24502886351452638
1,GLOBAL,CatBoost,SMOTE,14,shap,{},8,test,ECE_up,0.079197792024123
1,GLOBAL,CatBoost,SMOTE,14,shap,{},8,test,F1_4cls,0.3077
1,GLOBAL,CatBoost,SMOTE,14,shap,{},8,test,F1_DOWN_FORT,0.4907
1,GLOBAL,CatBoost,SMOTE,14,shap,{},8,test,F1_UP_FORT,0.4416
1,GLOBAL,CatBoost,SMOTE,14,shap,{},8,test,F1_dir,0.5856
1,GLOBAL,CatBoost,SMOTE,14,shap,{},8,test,MCC_4cls,0.0862
1,GLOBAL,CatBoost,SMOTE,14,shap,{},9,test,AUC_ovr_4cls,0.5866
1,GLOBAL,CatBoost,SMOTE,14,shap,{},9,test,Acc_dir,0.5931
1,GLOBAL,CatBoost,SMOTE,14,shap,{},9,test,BalAcc_4cls,0.3109
1,GLOBAL,CatBoost,SMOTE,14,shap,{},9,test,Brier_up,0.23023951293631265
1,GLOBAL,CatBoost,SMOTE,14,shap,{},9,test,ECE_up,0.040431906664503685
1,GLOBAL,CatBoost,SMOTE,14,shap,{},9,test,F1_4cls,0.3074
1,GLOBAL,CatBoost,SMOTE,14,shap,{},9,test,F1_DOWN_FORT,0.5378
1,GLOBAL,CatBoost,SMOTE,14,shap,{},9,test,F1_UP_FORT,0.4587
1,GLOBAL,CatBoost,SMOTE,14,shap,{},9,test,F1_dir,0.5929
1,GLOBAL,CatBoost,SMOTE,14,shap,{},9,test,MCC_4cls,0.0918
1,GLOBAL,LightGBM,SMOTE,6,shap,{},0,test,AUC_ovr_4cls,0.5431
1,GLOBAL,LightGBM,SMOTE,6,shap,{},0,test,Acc_dir,0.5728
1,GLOBAL,LightGBM,SMOTE,6,shap,{},0,test,BalAcc_4cls,0.2931
1,GLOBAL,LightGBM,SMOTE,6,shap,{},0,test,Brier_up,0.2759067974073332
1,GLOBAL,LightGBM,SMOTE,6,shap,{},0,test,ECE_up,0.1566682344336828
1,GLOBAL,LightGBM,SMOTE,6,shap,{},0,test,F1_4cls,0.2851
1,GLOBAL,LightGBM,SMOTE,6,shap,{},0,test,F1_DOWN_FORT,0.3648
1,GLOBAL,LightGBM,SMOTE,6,shap,{},0,test,F1_UP_FORT,0.5
1,GLOBAL,LightGBM,SMOTE,6,shap,{},0,test,F1_dir,0.5727
1,GLOBAL,LightGBM,SMOTE,6,shap,{},0,test,MCC_4cls,0.0548
1,GLOBAL,LightGBM,SMOTE,6,shap,{},0,test_path,Acc_dir,0.5936
1,GLOBAL,LightGBM,SMOTE,6,shap,{},0,test_path,BalAcc_4cls,0.3127
1,GLOBAL,LightGBM,SMOTE,6,shap,{},0,test_path,F1_4cls,0.3108
1,GLOBAL,LightGBM,SMOTE,6,shap,{},0,test_path,F1_DOWN_FORT,0.4464
1,GLOBAL,LightGBM,SMOTE,6,shap,{},0,test_path,F1_UP_FORT,0.467
1,GLOBAL,LightGBM,SMOTE,6,shap,{},0,test_path,F1_dir,0.5935
1,GLOBAL,LightGBM,SMOTE,6,shap,{},0,test_path,MCC_4cls,0.0851
1,GLOBAL,LightGBM,SMOTE,6,shap,{},1,test,AUC_ovr_4cls,0.5758
1,GLOBAL,LightGBM,SMOTE,6,shap,{},1,test,Acc_dir,0.5764
1,GLOBAL,LightGBM,SMOTE,6,shap,{},1,test,BalAcc_4cls,0.3152
1,GLOBAL,LightGBM,SMOTE,6,shap,{},1,test,Brier_up,0.25566605102512474
1,GLOBAL,LightGBM,SMOTE,6,shap,{},1,test,ECE_up,0.12007504683232174
1,GLOBAL,LightGBM,SMOTE,6,shap,{},1,test,F1_4cls,0.3137
1,GLOBAL,LightGBM,SMOTE,6,shap,{},1,test,F1_DOWN_FORT,0.471
1,GLOBAL,LightGBM,SMOTE,6,shap,{},1,test,F1_UP_FORT,0.4092
1,GLOBAL,LightGBM,SMOTE,6,shap,{},1,test,F1_dir,0.5762
1,GLOBAL,LightGBM,SMOTE,6,shap,{},1,test,MCC_4cls,0.0862
1,GLOBAL,LightGBM,SMOTE,6,shap,{},1,test_path,Acc_dir,0.5636
1,GLOBAL,LightGBM,SMOTE,6,shap,{},1,test_path,BalAcc_4cls,0.3113
1,GLOBAL,LightGBM,SMOTE,6,shap,{},1,test_path,F1_4cls,0.3113
1,GLOBAL,LightGBM,SMOTE,6,shap,{},1,test_path,F1_DOWN_FORT,0.4492
1,GLOBAL,LightGBM,SMOTE,6,shap,{},1,test_path,F1_UP_FORT,0.4223
1,GLOBAL,LightGBM,SMOTE,6,shap,{},1,test_path,F1_dir,0.5623
1,GLOBAL,LightGBM,SMOTE,6,shap,{},1,test_path,MCC_4cls,0.0832
1,GLOBAL,LightGBM,SMOTE,6,shap,{},2,test,AUC_ovr_4cls,0.5958
1,GLOBAL,LightGBM,SMOTE,6,shap,{},2,test,Acc_dir,0.5978
1,GLOBAL,LightGBM,SMOTE,6,shap,{},2,test,BalAcc_4cls,0.3219
1,GLOBAL,LightGBM,SMOTE,6,shap,{},2,test,Brier_up,0.241211310854709
1,GLOBAL,LightGBM,SMOTE,6,shap,{},2,test,ECE_up,0.09547476093621923
1,GLOBAL,LightGBM,SMOTE,6,shap,{},2,test,F1_4cls,0.3207
1,GLOBAL,LightGBM,SMOTE,6,shap,{},2,test,F1_DOWN_FORT,0.4781
1,GLOBAL,LightGBM,SMOTE,6,shap,{},2,test,F1_UP_FORT,0.4272
1,GLOBAL,LightGBM,SMOTE,6,shap,{},2,test,F1_dir,0.5968
1,GLOBAL,LightGBM,SMOTE,6,shap,{},2,test,MCC_4cls,0.0962
1,GLOBAL,LightGBM,SMOTE,6,shap,{},2,test_path,Acc_dir,0.5552
1,GLOBAL,LightGBM,SMOTE,6,shap,{},2,test_path,BalAcc_4cls,0.2872
1,GLOBAL,LightGBM,SMOTE,6,shap,{},2,test_path,F1_4cls,0.2859
1,GLOBAL,LightGBM,SMOTE,6,shap,{},2,test_path,F1_DOWN_FORT,0.4577
1,GLOBAL,LightGBM,SMOTE,6,shap,{},2,test_path,F1_UP_FORT,0.389
1,GLOBAL,LightGBM,SMOTE,6,shap,{},2,test_path,F1_dir,0.5551
1,GLOBAL,LightGBM,SMOTE,6,shap,{},2,test_path,MCC_4cls,0.0521
1,GLOBAL,LightGBM,SMOTE,6,shap,{},3,test,AUC_ovr_4cls,0.5292
1,GLOBAL,LightGBM,SMOTE,6,shap,{},3,test,Acc_dir,0.5356
1,GLOBAL,LightGBM,SMOTE,6,shap,{},3,test,BalAcc_4cls,0.2625
1,GLOBAL,LightGBM,SMOTE,6,shap,{},3,test,Brier_up,0.2817635073482398
1,GLOBAL,LightGBM,SMOTE,6,shap,{},3,test,ECE_up,0.17232291296482324
1,GLOBAL,LightGBM,SMOTE,6,shap,{},3,test,F1_4cls,0.2626
1,GLOBAL,LightGBM,SMOTE,6,shap,{},3,test,F1_DOWN_FORT,0.3826
1,GLOBAL,LightGBM,SMOTE,6,shap,{},3,test,F1_UP_FORT,0.3394
1,GLOBAL,LightGBM,SMOTE,6,shap,{},3,test,F1_dir,0.5338
1,GLOBAL,LightGBM,SMOTE,6,shap,{},3,test,MCC_4cls,0.0169
1,GLOBAL,LightGBM,SMOTE,6,shap,{},3,test_path,Acc_dir,0.559
1,GLOBAL,LightGBM,SMOTE,6,shap,{},3,test_path,BalAcc_4cls,0.2758
1,GLOBAL,LightGBM,SMOTE,6,shap,{},3,test_path,F1_4cls,0.2745
1,GLOBAL,LightGBM,SMOTE,6,shap,{},3,test_path,F1_DOWN_FORT,0.4218
1,GLOBAL,LightGBM,SMOTE,6,shap,{},3,test_path,F1_UP_FORT,0.4111
1,GLOBAL,LightGBM,SMOTE,6,shap,{},3,test_path,F1_dir,0.558
1,GLOBAL,LightGBM,SMOTE,6,shap,{},3,test_path,MCC_4cls,0.0361
1,GLOBAL,LightGBM,SMOTE,6,shap,{},4,test,AUC_ovr_4cls,0.5608
1,GLOBAL,LightGBM,SMOTE,6,shap,{},4,test,Acc_dir,0.5399
1,GLOBAL,LightGBM,SMOTE,6,shap,{},4,test,BalAcc_4cls,0.2901
1,GLOBAL,LightGBM,SMOTE,6,shap,{},4,test,Brier_up,0.2751401822869056
1,GLOBAL,LightGBM,SMOTE,6,shap,{},4,test,ECE_up,0.15704599382629408
1,GLOBAL,LightGBM,SMOTE,6,shap,{},4,test,F1_4cls,0.2907
1,GLOBAL,LightGBM,SMOTE,6,shap,{},4,test,F1_DOWN_FORT,0.4267
1,GLOBAL,LightGBM,SMOTE,6,shap,{},4,test,F1_UP_FORT,0.4028
1,GLOBAL,LightGBM,SMOTE,6,shap,{},4,test,F1_dir,0.5365
1,GLOBAL,LightGBM,SMOTE,6,shap,{},4,test,MCC_4cls,0.0538
1,GLOBAL,LightGBM,SMOTE,6,shap,{},5,test,AUC_ovr_4cls,0.5851
1,GLOBAL,LightGBM,SMOTE,6,shap,{},5,test,Acc_dir,0.615
1,GLOBAL,LightGBM,SMOTE,6,shap,{},5,test,BalAcc_4cls,0.3423
1,GLOBAL,LightGBM,SMOTE,6,shap,{},5,test,Brier_up,0.24382364941539417
1,GLOBAL,LightGBM,SMOTE,6,shap,{},5,test,ECE_up,0.11259114313113291
1,GLOBAL,LightGBM,SMOTE,6,shap,{},5,test,F1_4cls,0.3385
1,GLOBAL,LightGBM,SMOTE,6,shap,{},5,test,F1_DOWN_FORT,0.5041
1,GLOBAL,LightGBM,SMOTE,6,shap,{},5,test,F1_UP_FORT,0.4951
1,GLOBAL,LightGBM,SMOTE,6,shap,{},5,test,F1_dir,0.6145
1,GLOBAL,LightGBM,SMOTE,6,shap,{},5,test,MCC_4cls,0.1292
1,GLOBAL,LightGBM,SMOTE,6,shap,{},6,test,AUC_ovr_4cls,0.5395
1,GLOBAL,LightGBM,SMOTE,6,shap,{},6,test,Acc_dir,0.5556
1,GLOBAL,LightGBM,SMOTE,6,shap,{},6,test,BalAcc_4cls,0.278
1,GLOBAL,LightGBM,SMOTE,6,shap,{},6,test,Brier_up,0.2680739975437798
1,GLOBAL,LightGBM,SMOTE,6,shap,{},6,test,ECE_up,0.1503736181509348
1,GLOBAL,LightGBM,SMOTE,6,shap,{},6,test,F1_4cls,0.2783
1,GLOBAL,LightGBM,SMOTE,6,shap,{},6,test,F1_DOWN_FORT,0.3734
1,GLOBAL,LightGBM,SMOTE,6,shap,{},6,test,F1_UP_FORT,0.3564
1,GLOBAL,LightGBM,SMOTE,6,shap,{},6,test,F1_dir,0.553
1,GLOBAL,LightGBM,SMOTE,6,shap,{},6,test,MCC_4cls,0.0356
1,GLOBAL,LightGBM,SMOTE,6,shap,{},7,test,AUC_ovr_4cls,0.5614
1,GLOBAL,LightGBM,SMOTE,6,shap,{},7,test,Acc_dir,0.5762
1,GLOBAL,LightGBM,SMOTE,6,shap,{},7,test,BalAcc_4cls,0.2981
1,GLOBAL,LightGBM,SMOTE,6,shap,{},7,test,Brier_up,0.2562141877225433
1,GLOBAL,LightGBM,SMOTE,6,shap,{},7,test,ECE_up,0.11129456359075593
1,GLOBAL,LightGBM,SMOTE,6,shap,{},7,test,F1_4cls,0.2952
1,GLOBAL,LightGBM,SMOTE,6,shap,{},7,test,F1_DOWN_FORT,0.4923
1,GLOBAL,LightGBM,SMOTE,6,shap,{},7,test,F1_UP_FORT,0.413
1,GLOBAL,LightGBM,SMOTE,6,shap,{},7,test,F1_dir,0.576
1,GLOBAL,LightGBM,SMOTE,6,shap,{},7,test,MCC_4cls,0.0684
1,GLOBAL,LightGBM,SMOTE,6,shap,{},8,test,AUC_ovr_4cls,0.5574
1,GLOBAL,LightGBM,SMOTE,6,shap,{},8,test,Acc_dir,0.5452
1,GLOBAL,LightGBM,SMOTE,6,shap,{},8,test,BalAcc_4cls,0.2885
1,GLOBAL,LightGBM,SMOTE,6,shap,{},8,test,Brier_up,0.27604103694715665
1,GLOBAL,LightGBM,SMOTE,6,shap,{},8,test,ECE_up,0.15695326065404872
1,GLOBAL,LightGBM,SMOTE,6,shap,{},8,test,F1_4cls,0.2814
1,GLOBAL,LightGBM,SMOTE,6,shap,{},8,test,F1_DOWN_FORT,0.4904
1,GLOBAL,LightGBM,SMOTE,6,shap,{},8,test,F1_UP_FORT,0.4451
1,GLOBAL,LightGBM,SMOTE,6,shap,{},8,test,F1_dir,0.5437
1,GLOBAL,LightGBM,SMOTE,6,shap,{},8,test,MCC_4cls,0.0535
1,GLOBAL,LightGBM,SMOTE,6,shap,{},9,test,AUC_ovr_4cls,0.5715
1,GLOBAL,LightGBM,SMOTE,6,shap,{},9,test,Acc_dir,0.5641
1,GLOBAL,LightGBM,SMOTE,6,shap,{},9,test,BalAcc_4cls,0.2797
1,GLOBAL,LightGBM,SMOTE,6,shap,{},9,test,Brier_up,0.24286897843490896
1,GLOBAL,LightGBM,SMOTE,6,shap,{},9,test,ECE_up,0.09862354268104818
1,GLOBAL,LightGBM,SMOTE,6,shap,{},9,test,F1_4cls,0.2801
1,GLOBAL,LightGBM,SMOTE,6,shap,{},9,test,F1_DOWN_FORT,0.4375
1,GLOBAL,LightGBM,SMOTE,6,shap,{},9,test,F1_UP_FORT,0.4221
1,GLOBAL,LightGBM,SMOTE,6,shap,{},9,test,F1_dir,0.5638
1,GLOBAL,LightGBM,SMOTE,6,shap,{},9,test,MCC_4cls,0.0449
1,GLOBAL,LightGBM,SMOTE,10,shap,{},0,test,AUC_ovr_4cls,0.5423
1,GLOBAL,LightGBM,SMOTE,10,shap,{},0,test,Acc_dir,0.562
1,GLOBAL,LightGBM,SMOTE,10,shap,{},0,test,BalAcc_4cls,0.2765
1,GLOBAL,LightGBM,SMOTE,10,shap,{},0,test,Brier_up,0.2721271085560329
1,GLOBAL,LightGBM,SMOTE,10,shap,{},0,test,ECE_up,0.16583099836647103
1,GLOBAL,LightGBM,SMOTE,10,shap,{},0,test,F1_4cls,0.2726
1,GLOBAL,LightGBM,SMOTE,10,shap,{},0,test,F1_DOWN_FORT,0.3962
1,GLOBAL,LightGBM,SMOTE,10,shap,{},0,test,F1_UP_FORT,0.4354
1,GLOBAL,LightGBM,SMOTE,10,shap,{},0,test,F1_dir,0.5615
1,GLOBAL,LightGBM,SMOTE,10,shap,{},0,test,MCC_4cls,0.0344
1,GLOBAL,LightGBM,SMOTE,10,shap,{},0,test_path,Acc_dir,0.5839
1,GLOBAL,LightGBM,SMOTE,10,shap,{},0,test_path,BalAcc_4cls,0.3085
1,GLOBAL,LightGBM,SMOTE,10,shap,{},0,test_path,F1_4cls,0.3075
1,GLOBAL,LightGBM,SMOTE,10,shap,{},0,test_path,F1_DOWN_FORT,0.464
1,GLOBAL,LightGBM,SMOTE,10,shap,{},0,test_path,F1_UP_FORT,0.4444
1,GLOBAL,LightGBM,SMOTE,10,shap,{},0,test_path,F1_dir,0.5837
1,GLOBAL,LightGBM,SMOTE,10,shap,{},0,test_path,MCC_4cls,0.0802
1,GLOBAL,LightGBM,SMOTE,10,shap,{},1,test,AUC_ovr_4cls,0.5797
1,GLOBAL,LightGBM,SMOTE,10,shap,{},1,test,Acc_dir,0.5671
1,GLOBAL,LightGBM,SMOTE,10,shap,{},1,test,BalAcc_4cls,0.3168
1,GLOBAL,LightGBM,SMOTE,10,shap,{},1,test,Brier_up,0.26117726667519686
1,GLOBAL,LightGBM,SMOTE,10,shap,{},1,test,ECE_up,0.1332204714850243
1,GLOBAL,LightGBM,SMOTE,10,shap,{},1,test,F1_4cls,0.3152
1,GLOBAL,LightGBM,SMOTE,10,shap,{},1,test,F1_DOWN_FORT,0.4631
1,GLOBAL,LightGBM,SMOTE,10,shap,{},1,test,F1_UP_FORT,0.4625
1,GLOBAL,LightGBM,SMOTE,10,shap,{},1,test,F1_dir,0.567
1,GLOBAL,LightGBM,SMOTE,10,shap,{},1,test,MCC_4cls,0.0896
1,GLOBAL,LightGBM,SMOTE,10,shap,{},1,test_path,Acc_dir,0.5707
1,GLOBAL,LightGBM,SMOTE,10,shap,{},1,test_path,BalAcc_4cls,0.3153
1,GLOBAL,LightGBM,SMOTE,10,shap,{},1,test_path,F1_4cls,0.3154
1,GLOBAL,LightGBM,SMOTE,10,shap,{},1,test_path,F1_DOWN_FORT,0.4611
1,GLOBAL,LightGBM,SMOTE,10,shap,{},1,test_path,F1_UP_FORT,0.4329
1,GLOBAL,LightGBM,SMOTE,10,shap,{},1,test_path,F1_dir,0.5693
1,GLOBAL,LightGBM,SMOTE,10,shap,{},1,test_path,MCC_4cls,0.0891
1,GLOBAL,LightGBM,SMOTE,10,shap,{},2,test,AUC_ovr_4cls,0.6092
1,GLOBAL,LightGBM,SMOTE,10,shap,{},2,test,Acc_dir,0.6046
1,GLOBAL,LightGBM,SMOTE,10,shap,{},2,test,BalAcc_4cls,0.323
1,GLOBAL,LightGBM,SMOTE,10,shap,{},2,test,Brier_up,0.23990670082576798
1,GLOBAL,LightGBM,SMOTE,10,shap,{},2,test,ECE_up,0.10446328039667938
1,GLOBAL,LightGBM,SMOTE,10,shap,{},2,test,F1_4cls,0.3228
1,GLOBAL,LightGBM,SMOTE,10,shap,{},2,test,F1_DOWN_FORT,0.487
1,GLOBAL,LightGBM,SMOTE,10,shap,{},2,test,F1_UP_FORT,0.4487
1,GLOBAL,LightGBM,SMOTE,10,shap,{},2,test,F1_dir,0.6026
1,GLOBAL,LightGBM,SMOTE,10,shap,{},2,test,MCC_4cls,0.102
1,GLOBAL,LightGBM,SMOTE,10,shap,{},2,test_path,Acc_dir,0.5563
1,GLOBAL,LightGBM,SMOTE,10,shap,{},2,test_path,BalAcc_4cls,0.2829
1,GLOBAL,LightGBM,SMOTE,10,shap,{},2,test_path,F1_4cls,0.2827
1,GLOBAL,LightGBM,SMOTE,10,shap,{},2,test_path,F1_DOWN_FORT,0.4077
1,GLOBAL,LightGBM,SMOTE,10,shap,{},2,test_path,F1_UP_FORT,0.3769
1,GLOBAL,LightGBM,SMOTE,10,shap,{},2,test_path,F1_dir,0.5558
1,GLOBAL,LightGBM,SMOTE,10,shap,{},2,test_path,MCC_4cls,0.0448
1,GLOBAL,LightGBM,SMOTE,10,shap,{},3,test,AUC_ovr_4cls,0.5421
1,GLOBAL,LightGBM,SMOTE,10,shap,{},3,test,Acc_dir,0.5466
1,GLOBAL,LightGBM,SMOTE,10,shap,{},3,test,BalAcc_4cls,0.2872
1,GLOBAL,LightGBM,SMOTE,10,shap,{},3,test,Brier_up,0.2886475893290939
1,GLOBAL,LightGBM,SMOTE,10,shap,{},3,test,ECE_up,0.19128479816829488
1,GLOBAL,LightGBM,SMOTE,10,shap,{},3,test,F1_4cls,0.2836
1,GLOBAL,LightGBM,SMOTE,10,shap,{},3,test,F1_DOWN_FORT,0.4252
1,GLOBAL,LightGBM,SMOTE,10,shap,{},3,test,F1_UP_FORT,0.2932
1,GLOBAL,LightGBM,SMOTE,10,shap,{},3,test,F1_dir,0.546
1,GLOBAL,LightGBM,SMOTE,10,shap,{},3,test,MCC_4cls,0.0483
1,GLOBAL,LightGBM,SMOTE,10,shap,{},3,test_path,Acc_dir,0.5736
1,GLOBAL,LightGBM,SMOTE,10,shap,{},3,test_path,BalAcc_4cls,0.2859
1,GLOBAL,LightGBM,SMOTE,10,shap,{},3,test_path,F1_4cls,0.2852
1,GLOBAL,LightGBM,SMOTE,10,shap,{},3,test_path,F1_DOWN_FORT,0.4447
1,GLOBAL,LightGBM,SMOTE,10,shap,{},3,test_path,F1_UP_FORT,0.4157
1,GLOBAL,LightGBM,SMOTE,10,shap,{},3,test_path,F1_dir,0.5726
1,GLOBAL,LightGBM,SMOTE,10,shap,{},3,test_path,MCC_4cls,0.0495
1,GLOBAL,LightGBM,SMOTE,10,shap,{},4,test,AUC_ovr_4cls,0.5809
1,GLOBAL,LightGBM,SMOTE,10,shap,{},4,test,Acc_dir,0.5665
1,GLOBAL,LightGBM,SMOTE,10,shap,{},4,test,BalAcc_4cls,0.3225
1,GLOBAL,LightGBM,SMOTE,10,shap,{},4,test,Brier_up,0.26472625061437227
1,GLOBAL,LightGBM,SMOTE,10,shap,{},4,test,ECE_up,0.15101620307418057
1,GLOBAL,LightGBM,SMOTE,10,shap,{},4,test,F1_4cls,0.3215
1,GLOBAL,LightGBM,SMOTE,10,shap,{},4,test,F1_DOWN_FORT,0.4379
1,GLOBAL,LightGBM,SMOTE,10,shap,{},4,test,F1_UP_FORT,0.4744
1,GLOBAL,LightGBM,SMOTE,10,shap,{},4,test,F1_dir,0.5642
1,GLOBAL,LightGBM,SMOTE,10,shap,{},4,test,MCC_4cls,0.0978
1,GLOBAL,LightGBM,SMOTE,10,shap,{},5,test,AUC_ovr_4cls,0.5986
1,GLOBAL,LightGBM,SMOTE,10,shap,{},5,test,Acc_dir,0.5932
1,GLOBAL,LightGBM,SMOTE,10,shap,{},5,test,BalAcc_4cls,0.3139
1,GLOBAL,LightGBM,SMOTE,10,shap,{},5,test,Brier_up,0.244093371963416
1,GLOBAL,LightGBM,SMOTE,10,shap,{},5,test,ECE_up,0.11526992904680983
1,GLOBAL,LightGBM,SMOTE,10,shap,{},5,test,F1_4cls,0.3116
1,GLOBAL,LightGBM,SMOTE,10,shap,{},5,test,F1_DOWN_FORT,0.4485
1,GLOBAL,LightGBM,SMOTE,10,shap,{},5,test,F1_UP_FORT,0.4085
1,GLOBAL,LightGBM,SMOTE,10,shap,{},5,test,F1_dir,0.5928
1,GLOBAL,LightGBM,SMOTE,10,shap,{},5,test,MCC_4cls,0.086
1,GLOBAL,LightGBM,SMOTE,10,shap,{},6,test,AUC_ovr_4cls,0.5354
1,GLOBAL,LightGBM,SMOTE,10,shap,{},6,test,Acc_dir,0.5501
1,GLOBAL,LightGBM,SMOTE,10,shap,{},6,test,BalAcc_4cls,0.2644
1,GLOBAL,LightGBM,SMOTE,10,shap,{},6,test,Brier_up,0.26430683782242587
1,GLOBAL,LightGBM,SMOTE,10,shap,{},6,test,ECE_up,0.1344568970834402
1,GLOBAL,LightGBM,SMOTE,10,shap,{},6,test,F1_4cls,0.2643
1,GLOBAL,LightGBM,SMOTE,10,shap,{},6,test,F1_DOWN_FORT,0.3694
1,GLOBAL,LightGBM,SMOTE,10,shap,{},6,test,F1_UP_FORT,0.3623
1,GLOBAL,LightGBM,SMOTE,10,shap,{},6,test,F1_dir,0.5453
1,GLOBAL,LightGBM,SMOTE,10,shap,{},6,test,MCC_4cls,0.0193
1,GLOBAL,LightGBM,SMOTE,10,shap,{},7,test,AUC_ovr_4cls,0.59
1,GLOBAL,LightGBM,SMOTE,10,shap,{},7,test,Acc_dir,0.5869
1,GLOBAL,LightGBM,SMOTE,10,shap,{},7,test,BalAcc_4cls,0.2988
1,GLOBAL,LightGBM,SMOTE,10,shap,{},7,test,Brier_up,0.24748667957666992
1,GLOBAL,LightGBM,SMOTE,10,shap,{},7,test,ECE_up,0.1309045154459007
1,GLOBAL,LightGBM,SMOTE,10,shap,{},7,test,F1_4cls,0.2975
1,GLOBAL,LightGBM,SMOTE,10,shap,{},7,test,F1_DOWN_FORT,0.4514
1,GLOBAL,LightGBM,SMOTE,10,shap,{},7,test,F1_UP_FORT,0.4061
1,GLOBAL,LightGBM,SMOTE,10,shap,{},7,test,F1_dir,0.5867
1,GLOBAL,LightGBM,SMOTE,10,shap,{},7,test,MCC_4cls,0.0671
1,GLOBAL,LightGBM,SMOTE,10,shap,{},8,test,AUC_ovr_4cls,0.5788
1,GLOBAL,LightGBM,SMOTE,10,shap,{},8,test,Acc_dir,0.5466
1,GLOBAL,LightGBM,SMOTE,10,shap,{},8,test,BalAcc_4cls,0.2823
1,GLOBAL,LightGBM,SMOTE,10,shap,{},8,test,Brier_up,0.27175925730529604
1,GLOBAL,LightGBM,SMOTE,10,shap,{},8,test,ECE_up,0.15379006999660655
1,GLOBAL,LightGBM,SMOTE,10,shap,{},8,test,F1_4cls,0.2753
1,GLOBAL,LightGBM,SMOTE,10,shap,{},8,test,F1_DOWN_FORT,0.5032
1,GLOBAL,LightGBM,SMOTE,10,shap,{},8,test,F1_UP_FORT,0.4103
1,GLOBAL,LightGBM,SMOTE,10,shap,{},8,test,F1_dir,0.5459
1,GLOBAL,LightGBM,SMOTE,10,shap,{},8,test,MCC_4cls,0.0447
1,GLOBAL,LightGBM,SMOTE,10,shap,{},9,test,AUC_ovr_4cls,0.564
1,GLOBAL,LightGBM,SMOTE,10,shap,{},9,test,Acc_dir,0.5876
1,GLOBAL,LightGBM,SMOTE,10,shap,{},9,test,BalAcc_4cls,0.2986
1,GLOBAL,LightGBM,SMOTE,10,shap,{},9,test,Brier_up,0.25437979025315727
1,GLOBAL,LightGBM,SMOTE,10,shap,{},9,test,ECE_up,0.10550849249228537
1,GLOBAL,LightGBM,SMOTE,10,shap,{},9,test,F1_4cls,0.301
1,GLOBAL,LightGBM,SMOTE,10,shap,{},9,test,F1_DOWN_FORT,0.4601
1,GLOBAL,LightGBM,SMOTE,10,shap,{},9,test,F1_UP_FORT,0.4539
1,GLOBAL,LightGBM,SMOTE,10,shap,{},9,test,F1_dir,0.5862
1,GLOBAL,LightGBM,SMOTE,10,shap,{},9,test,MCC_4cls,0.0717
1,GLOBAL,LightGBM,SMOTE,14,shap,{},0,test,AUC_ovr_4cls,0.5531
1,GLOBAL,LightGBM,SMOTE,14,shap,{},0,test,Acc_dir,0.5512
1,GLOBAL,LightGBM,SMOTE,14,shap,{},0,test,BalAcc_4cls,0.2953
1,GLOBAL,LightGBM,SMOTE,14,shap,{},0,test,Brier_up,0.2762859321202521
1,GLOBAL,LightGBM,SMOTE,14,shap,{},0,test,ECE_up,0.1682023601168062
1,GLOBAL,LightGBM,SMOTE,14,shap,{},0,test,F1_4cls,0.2916
1,GLOBAL,LightGBM,SMOTE,14,shap,{},0,test,F1_DOWN_FORT,0.4699
1,GLOBAL,LightGBM,SMOTE,14,shap,{},0,test,F1_UP_FORT,0.3059
1,GLOBAL,LightGBM,SMOTE,14,shap,{},0,test,F1_dir,0.5431
1,GLOBAL,LightGBM,SMOTE,14,shap,{},0,test,MCC_4cls,0.0633
1,GLOBAL,LightGBM,SMOTE,14,shap,{},0,test_path,Acc_dir,0.5736
1,GLOBAL,LightGBM,SMOTE,14,shap,{},0,test_path,BalAcc_4cls,0.3281
1,GLOBAL,LightGBM,SMOTE,14,shap,{},0,test_path,F1_4cls,0.3278
1,GLOBAL,LightGBM,SMOTE,14,shap,{},0,test_path,F1_DOWN_FORT,0.4963
1,GLOBAL,LightGBM,SMOTE,14,shap,{},0,test_path,F1_UP_FORT,0.4233
1,GLOBAL,LightGBM,SMOTE,14,shap,{},0,test_path,F1_dir,0.5719
1,GLOBAL,LightGBM,SMOTE,14,shap,{},0,test_path,MCC_4cls,0.1066
1,GLOBAL,LightGBM,SMOTE,14,shap,{},1,test,AUC_ovr_4cls,0.5688
1,GLOBAL,LightGBM,SMOTE,14,shap,{},1,test,Acc_dir,0.5525
1,GLOBAL,LightGBM,SMOTE,14,shap,{},1,test,BalAcc_4cls,0.3041
1,GLOBAL,LightGBM,SMOTE,14,shap,{},1,test,Brier_up,0.2690968120847131
1,GLOBAL,LightGBM,SMOTE,14,shap,{},1,test,ECE_up,0.15114371893123799
1,GLOBAL,LightGBM,SMOTE,14,shap,{},1,test,F1_4cls,0.3025
1,GLOBAL,LightGBM,SMOTE,14,shap,{},1,test,F1_DOWN_FORT,0.4379
1,GLOBAL,LightGBM,SMOTE,14,shap,{},1,test,F1_UP_FORT,0.443
1,GLOBAL,LightGBM,SMOTE,14,shap,{},1,test,F1_dir,0.5523
1,GLOBAL,LightGBM,SMOTE,14,shap,{},1,test,MCC_4cls,0.0725
1,GLOBAL,LightGBM,SMOTE,14,shap,{},1,test_path,Acc_dir,0.5874
1,GLOBAL,LightGBM,SMOTE,14,shap,{},1,test_path,BalAcc_4cls,0.3258
1,GLOBAL,LightGBM,SMOTE,14,shap,{},1,test_path,F1_4cls,0.3244
1,GLOBAL,LightGBM,SMOTE,14,shap,{},1,test_path,F1_DOWN_FORT,0.4646
1,GLOBAL,LightGBM,SMOTE,14,shap,{},1,test_path,F1_UP_FORT,0.4268
1,GLOBAL,LightGBM,SMOTE,14,shap,{},1,test_path,F1_dir,0.5874
1,GLOBAL,LightGBM,SMOTE,14,shap,{},1,test_path,MCC_4cls,0.1025
1,GLOBAL,LightGBM,SMOTE,14,shap,{},2,test,AUC_ovr_4cls,0.6167
1,GLOBAL,LightGBM,SMOTE,14,shap,{},2,test,Acc_dir,0.5856
1,GLOBAL,LightGBM,SMOTE,14,shap,{},2,test,BalAcc_4cls,0.3539
1,GLOBAL,LightGBM,SMOTE,14,shap,{},2,test,Brier_up,0.24895856404419395
1,GLOBAL,LightGBM,SMOTE,14,shap,{},2,test,ECE_up,0.1297341401220683
1,GLOBAL,LightGBM,SMOTE,14,shap,{},2,test,F1_4cls,0.3547
1,GLOBAL,LightGBM,SMOTE,14,shap,{},2,test,F1_DOWN_FORT,0.4956
1,GLOBAL,LightGBM,SMOTE,14,shap,{},2,test,F1_UP_FORT,0.5033
1,GLOBAL,LightGBM,SMOTE,14,shap,{},2,test,F1_dir,0.581
1,GLOBAL,LightGBM,SMOTE,14,shap,{},2,test,MCC_4cls,0.1405
1,GLOBAL,LightGBM,SMOTE,14,shap,{},2,test_path,Acc_dir,0.5703
1,GLOBAL,LightGBM,SMOTE,14,shap,{},2,test_path,BalAcc_4cls,0.3054
1,GLOBAL,LightGBM,SMOTE,14,shap,{},2,test_path,F1_4cls,0.3042
1,GLOBAL,LightGBM,SMOTE,14,shap,{},2,test_path,F1_DOWN_FORT,0.4464
1,GLOBAL,LightGBM,SMOTE,14,shap,{},2,test_path,F1_UP_FORT,0.3945
1,GLOBAL,LightGBM,SMOTE,14,shap,{},2,test_path,F1_dir,0.5702
1,GLOBAL,LightGBM,SMOTE,14,shap,{},2,test_path,MCC_4cls,0.0755
1,GLOBAL,LightGBM,SMOTE,14,shap,{},3,test,AUC_ovr_4cls,0.5528
1,GLOBAL,LightGBM,SMOTE,14,shap,{},3,test,Acc_dir,0.5466
1,GLOBAL,LightGBM,SMOTE,14,shap,{},3,test,BalAcc_4cls,0.2859
1,GLOBAL,LightGBM,SMOTE,14,shap,{},3,test,Brier_up,0.27473371372431565
1,GLOBAL,LightGBM,SMOTE,14,shap,{},3,test,ECE_up,0.14941780225965426
1,GLOBAL,LightGBM,SMOTE,14,shap,{},3,test,F1_4cls,0.2849
1,GLOBAL,LightGBM,SMOTE,14,shap,{},3,test,F1_DOWN_FORT,0.4351
1,GLOBAL,LightGBM,SMOTE,14,shap,{},3,test,F1_UP_FORT,0.3643
1,GLOBAL,LightGBM,SMOTE,14,shap,{},3,test,F1_dir,0.5465
1,GLOBAL,LightGBM,SMOTE,14,shap,{},3,test,MCC_4cls,0.049
1,GLOBAL,LightGBM,SMOTE,14,shap,{},3,test_path,Acc_dir,0.566
1,GLOBAL,LightGBM,SMOTE,14,shap,{},3,test_path,BalAcc_4cls,0.2868
1,GLOBAL,LightGBM,SMOTE,14,shap,{},3,test_path,F1_4cls,0.2846
1,GLOBAL,LightGBM,SMOTE,14,shap,{},3,test_path,F1_DOWN_FORT,0.448
1,GLOBAL,LightGBM,SMOTE,14,shap,{},3,test_path,F1_UP_FORT,0.4371
1,GLOBAL,LightGBM,SMOTE,14,shap,{},3,test_path,F1_dir,0.566
1,GLOBAL,LightGBM,SMOTE,14,shap,{},3,test_path,MCC_4cls,0.0522
1,GLOBAL,LightGBM,SMOTE,14,shap,{},4,test,AUC_ovr_4cls,0.5901
1,GLOBAL,LightGBM,SMOTE,14,shap,{},4,test,Acc_dir,0.5864
1,GLOBAL,LightGBM,SMOTE,14,shap,{},4,test,BalAcc_4cls,0.3295
1,GLOBAL,LightGBM,SMOTE,14,shap,{},4,test,Brier_up,0.25368854159370385
1,GLOBAL,LightGBM,SMOTE,14,shap,{},4,test,ECE_up,0.14235057756905534
1,GLOBAL,LightGBM,SMOTE,14,shap,{},4,test,F1_4cls,0.3288
1,GLOBAL,LightGBM,SMOTE,14,shap,{},4,test,F1_DOWN_FORT,0.4665
1,GLOBAL,LightGBM,SMOTE,14,shap,{},4,test,F1_UP_FORT,0.4615
1,GLOBAL,LightGBM,SMOTE,14,shap,{},4,test,F1_dir,0.5859
1,GLOBAL,LightGBM,SMOTE,14,shap,{},4,test,MCC_4cls,0.1063
1,GLOBAL,LightGBM,SMOTE,14,shap,{},5,test,AUC_ovr_4cls,0.5874
1,GLOBAL,LightGBM,SMOTE,14,shap,{},5,test,Acc_dir,0.6122
1,GLOBAL,LightGBM,SMOTE,14,shap,{},5,test,BalAcc_4cls,0.3292
1,GLOBAL,LightGBM,SMOTE,14,shap,{},5,test,Brier_up,0.24678907451327256
1,GLOBAL,LightGBM,SMOTE,14,shap,{},5,test,ECE_up,0.128837161357998
1,GLOBAL,LightGBM,SMOTE,14,shap,{},5,test,F1_4cls,0.3222
1,GLOBAL,LightGBM,SMOTE,14,shap,{},5,test,F1_DOWN_FORT,0.5146
1,GLOBAL,LightGBM,SMOTE,14,shap,{},5,test,F1_UP_FORT,0.3946
1,GLOBAL,LightGBM,SMOTE,14,shap,{},5,test,F1_dir,0.6113
1,GLOBAL,LightGBM,SMOTE,14,shap,{},5,test,MCC_4cls,0.1136
1,GLOBAL,LightGBM,SMOTE,14,shap,{},6,test,AUC_ovr_4cls,0.5603
1,GLOBAL,LightGBM,SMOTE,14,shap,{},6,test,Acc_dir,0.5748
1,GLOBAL,LightGBM,SMOTE,14,shap,{},6,test,BalAcc_4cls,0.2927
1,GLOBAL,LightGBM,SMOTE,14,shap,{},6,test,Brier_up,0.2567046638486481
1,GLOBAL,LightGBM,SMOTE,14,shap,{},6,test,ECE_up,0.1280111472160737
1,GLOBAL,LightGBM,SMOTE,14,shap,{},6,test,F1_4cls,0.2881
1,GLOBAL,LightGBM,SMOTE,14,shap,{},6,test,F1_DOWN_FORT,0.3448
1,GLOBAL,LightGBM,SMOTE,14,shap,{},6,test,F1_UP_FORT,0.3663
1,GLOBAL,LightGBM,SMOTE,14,shap,{},6,test,F1_dir,0.5742
1,GLOBAL,LightGBM,SMOTE,14,shap,{},6,test,MCC_4cls,0.0566
1,GLOBAL,LightGBM,SMOTE,14,shap,{},7,test,AUC_ovr_4cls,0.5764
1,GLOBAL,LightGBM,SMOTE,14,shap,{},7,test,Acc_dir,0.5922
1,GLOBAL,LightGBM,SMOTE,14,shap,{},7,test,BalAcc_4cls,0.3101
1,GLOBAL,LightGBM,SMOTE,14,shap,{},7,test,Brier_up,0.25191325107844376
1,GLOBAL,LightGBM,SMOTE,14,shap,{},7,test,ECE_up,0.11909475785969004
1,GLOBAL,LightGBM,SMOTE,14,shap,{},7,test,F1_4cls,0.3095
1,GLOBAL,LightGBM,SMOTE,14,shap,{},7,test,F1_DOWN_FORT,0.4776
1,GLOBAL,LightGBM,SMOTE,14,shap,{},7,test,F1_UP_FORT,0.4174
1,GLOBAL,LightGBM,SMOTE,14,shap,{},7,test,F1_dir,0.5922
1,GLOBAL,LightGBM,SMOTE,14,shap,{},7,test,MCC_4cls,0.0837
1,GLOBAL,LightGBM,SMOTE,14,shap,{},8,test,AUC_ovr_4cls,0.5862
1,GLOBAL,LightGBM,SMOTE,14,shap,{},8,test,Acc_dir,0.5668
1,GLOBAL,LightGBM,SMOTE,14,shap,{},8,test,BalAcc_4cls,0.3149
1,GLOBAL,LightGBM,SMOTE,14,shap,{},8,test,Brier_up,0.2719769448550343
1,GLOBAL,LightGBM,SMOTE,14,shap,{},8,test,ECE_up,0.1516489999014319
1,GLOBAL,LightGBM,SMOTE,14,shap,{},8,test,F1_4cls,0.309
1,GLOBAL,LightGBM,SMOTE,14,shap,{},8,test,F1_DOWN_FORT,0.5047
1,GLOBAL,LightGBM,SMOTE,14,shap,{},8,test,F1_UP_FORT,0.4648
1,GLOBAL,LightGBM,SMOTE,14,shap,{},8,test,F1_dir,0.5663
1,GLOBAL,LightGBM,SMOTE,14,shap,{},8,test,MCC_4cls,0.0883
1,GLOBAL,LightGBM,SMOTE,14,shap,{},9,test,AUC_ovr_4cls,0.567
1,GLOBAL,LightGBM,SMOTE,14,shap,{},9,test,Acc_dir,0.5752
1,GLOBAL,LightGBM,SMOTE,14,shap,{},9,test,BalAcc_4cls,0.2961
1,GLOBAL,LightGBM,SMOTE,14,shap,{},9,test,Brier_up,0.2549453023938475
1,GLOBAL,LightGBM,SMOTE,14,shap,{},9,test,ECE_up,0.10668161767063405
1,GLOBAL,LightGBM,SMOTE,14,shap,{},9,test,F1_4cls,0.2961
1,GLOBAL,LightGBM,SMOTE,14,shap,{},9,test,F1_DOWN_FORT,0.4731
1,GLOBAL,LightGBM,SMOTE,14,shap,{},9,test,F1_UP_FORT,0.4551
1,GLOBAL,LightGBM,SMOTE,14,shap,{},9,test,F1_dir,0.5751
1,GLOBAL,LightGBM,SMOTE,14,shap,{},9,test,MCC_4cls,0.0694
1,GLOBAL,RandomForest,SMOTE,6,shap,{},0,test,AUC_ovr_4cls,0.565
1,GLOBAL,RandomForest,SMOTE,6,shap,{},0,test,Acc_dir,0.5809
1,GLOBAL,RandomForest,SMOTE,6,shap,{},0,test,BalAcc_4cls,0.2886
1,GLOBAL,RandomForest,SMOTE,6,shap,{},0,test,Brier_up,0.23805613010363774
1,GLOBAL,RandomForest,SMOTE,6,shap,{},0,test,ECE_up,0.055200366022156666
1,GLOBAL,RandomForest,SMOTE,6,shap,{},0,test,F1_4cls,0.2886
1,GLOBAL,RandomForest,SMOTE,6,shap,{},0,test,F1_DOWN_FORT,0.4112
1,GLOBAL,RandomForest,SMOTE,6,shap,{},0,test,F1_UP_FORT,0.3902
1,GLOBAL,RandomForest,SMOTE,6,shap,{},0,test,F1_dir,0.5765
1,GLOBAL,RandomForest,SMOTE,6,shap,{},0,test,MCC_4cls,0.0513
1,GLOBAL,RandomForest,SMOTE,6,shap,{},0,test_path,Acc_dir,0.6044
1,GLOBAL,RandomForest,SMOTE,6,shap,{},0,test_path,BalAcc_4cls,0.3176
1,GLOBAL,RandomForest,SMOTE,6,shap,{},0,test_path,F1_4cls,0.3161
1,GLOBAL,RandomForest,SMOTE,6,shap,{},0,test_path,F1_DOWN_FORT,0.4923
1,GLOBAL,RandomForest,SMOTE,6,shap,{},0,test_path,F1_UP_FORT,0.4254
1,GLOBAL,RandomForest,SMOTE,6,shap,{},0,test_path,F1_dir,0.6035
1,GLOBAL,RandomForest,SMOTE,6,shap,{},0,test_path,MCC_4cls,0.0929
1,GLOBAL,RandomForest,SMOTE,6,shap,{},1,test,AUC_ovr_4cls,0.5895
1,GLOBAL,RandomForest,SMOTE,6,shap,{},1,test,Acc_dir,0.5843
1,GLOBAL,RandomForest,SMOTE,6,shap,{},1,test,BalAcc_4cls,0.313
1,GLOBAL,RandomForest,SMOTE,6,shap,{},1,test,Brier_up,0.23540634311489872
1,GLOBAL,RandomForest,SMOTE,6,shap,{},1,test,ECE_up,0.03768266423795243
1,GLOBAL,RandomForest,SMOTE,6,shap,{},1,test,F1_4cls,0.3097
1,GLOBAL,RandomForest,SMOTE,6,shap,{},1,test,F1_DOWN_FORT,0.4422
1,GLOBAL,RandomForest,SMOTE,6,shap,{},1,test,F1_UP_FORT,0.43
1,GLOBAL,RandomForest,SMOTE,6,shap,{},1,test,F1_dir,0.5829
1,GLOBAL,RandomForest,SMOTE,6,shap,{},1,test,MCC_4cls,0.0851
1,GLOBAL,RandomForest,SMOTE,6,shap,{},1,test_path,Acc_dir,0.6053
1,GLOBAL,RandomForest,SMOTE,6,shap,{},1,test_path,BalAcc_4cls,0.3201
1,GLOBAL,RandomForest,SMOTE,6,shap,{},1,test_path,F1_4cls,0.3174
1,GLOBAL,RandomForest,SMOTE,6,shap,{},1,test_path,F1_DOWN_FORT,0.4767
1,GLOBAL,RandomForest,SMOTE,6,shap,{},1,test_path,F1_UP_FORT,0.4668
1,GLOBAL,RandomForest,SMOTE,6,shap,{},1,test_path,F1_dir,0.6052
1,GLOBAL,RandomForest,SMOTE,6,shap,{},1,test_path,MCC_4cls,0.0967
1,GLOBAL,RandomForest,SMOTE,6,shap,{},2,test,AUC_ovr_4cls,0.6251
1,GLOBAL,RandomForest,SMOTE,6,shap,{},2,test,Acc_dir,0.6182
1,GLOBAL,RandomForest,SMOTE,6,shap,{},2,test,BalAcc_4cls,0.3386
1,GLOBAL,RandomForest,SMOTE,6,shap,{},2,test,Brier_up,0.22210808800647683
1,GLOBAL,RandomForest,SMOTE,6,shap,{},2,test,ECE_up,0.045609341494461
1,GLOBAL,RandomForest,SMOTE,6,shap,{},2,test,F1_4cls,0.3368
1,GLOBAL,RandomForest,SMOTE,6,shap,{},2,test,F1_DOWN_FORT,0.5358
1,GLOBAL,RandomForest,SMOTE,6,shap,{},2,test,F1_UP_FORT,0.4459
1,GLOBAL,RandomForest,SMOTE,6,shap,{},2,test,F1_dir,0.613
1,GLOBAL,RandomForest,SMOTE,6,shap,{},2,test,MCC_4cls,0.1247
1,GLOBAL,RandomForest,SMOTE,6,shap,{},2,test_path,Acc_dir,0.585
1,GLOBAL,RandomForest,SMOTE,6,shap,{},2,test_path,BalAcc_4cls,0.313
1,GLOBAL,RandomForest,SMOTE,6,shap,{},2,test_path,F1_4cls,0.3073
1,GLOBAL,RandomForest,SMOTE,6,shap,{},2,test_path,F1_DOWN_FORT,0.509
1,GLOBAL,RandomForest,SMOTE,6,shap,{},2,test_path,F1_UP_FORT,0.4053
1,GLOBAL,RandomForest,SMOTE,6,shap,{},2,test_path,F1_dir,0.5846
1,GLOBAL,RandomForest,SMOTE,6,shap,{},2,test_path,MCC_4cls,0.0876
1,GLOBAL,RandomForest,SMOTE,6,shap,{},3,test,AUC_ovr_4cls,0.545
1,GLOBAL,RandomForest,SMOTE,6,shap,{},3,test,Acc_dir,0.5479
1,GLOBAL,RandomForest,SMOTE,6,shap,{},3,test,BalAcc_4cls,0.2581
1,GLOBAL,RandomForest,SMOTE,6,shap,{},3,test,Brier_up,0.24685051753981552
1,GLOBAL,RandomForest,SMOTE,6,shap,{},3,test,ECE_up,0.07055143946829026
1,GLOBAL,RandomForest,SMOTE,6,shap,{},3,test,F1_4cls,0.2568
1,GLOBAL,RandomForest,SMOTE,6,shap,{},3,test,F1_DOWN_FORT,0.3987
1,GLOBAL,RandomForest,SMOTE,6,shap,{},3,test,F1_UP_FORT,0.3066
1,GLOBAL,RandomForest,SMOTE,6,shap,{},3,test,F1_dir,0.5464
1,GLOBAL,RandomForest,SMOTE,6,shap,{},3,test,MCC_4cls,0.0121
1,GLOBAL,RandomForest,SMOTE,6,shap,{},3,test_path,Acc_dir,0.599
1,GLOBAL,RandomForest,SMOTE,6,shap,{},3,test_path,BalAcc_4cls,0.3053
1,GLOBAL,RandomForest,SMOTE,6,shap,{},3,test_path,F1_4cls,0.2983
1,GLOBAL,RandomForest,SMOTE,6,shap,{},3,test_path,F1_DOWN_FORT,0.5086
1,GLOBAL,RandomForest,SMOTE,6,shap,{},3,test_path,F1_UP_FORT,0.4564
1,GLOBAL,RandomForest,SMOTE,6,shap,{},3,test_path,F1_dir,0.5984
1,GLOBAL,RandomForest,SMOTE,6,shap,{},3,test_path,MCC_4cls,0.0787
1,GLOBAL,RandomForest,SMOTE,6,shap,{},4,test,AUC_ovr_4cls,0.6054
1,GLOBAL,RandomForest,SMOTE,6,shap,{},4,test,Acc_dir,0.609
1,GLOBAL,RandomForest,SMOTE,6,shap,{},4,test,BalAcc_4cls,0.3249
1,GLOBAL,RandomForest,SMOTE,6,shap,{},4,test,Brier_up,0.23161461228622338
1,GLOBAL,RandomForest,SMOTE,6,shap,{},4,test,ECE_up,0.01610059984362308
1,GLOBAL,RandomForest,SMOTE,6,shap,{},4,test,F1_4cls,0.3224
1,GLOBAL,RandomForest,SMOTE,6,shap,{},4,test,F1_DOWN_FORT,0.4595
1,GLOBAL,RandomForest,SMOTE,6,shap,{},4,test,F1_UP_FORT,0.4838
1,GLOBAL,RandomForest,SMOTE,6,shap,{},4,test,F1_dir,0.609
1,GLOBAL,RandomForest,SMOTE,6,shap,{},4,test,MCC_4cls,0.1004
1,GLOBAL,RandomForest,SMOTE,6,shap,{},5,test,AUC_ovr_4cls,0.6267
1,GLOBAL,RandomForest,SMOTE,6,shap,{},5,test,Acc_dir,0.6463
1,GLOBAL,RandomForest,SMOTE,6,shap,{},5,test,BalAcc_4cls,0.349
1,GLOBAL,RandomForest,SMOTE,6,shap,{},5,test,Brier_up,0.21806496731272967
1,GLOBAL,RandomForest,SMOTE,6,shap,{},5,test,ECE_up,0.07234543541623636
1,GLOBAL,RandomForest,SMOTE,6,shap,{},5,test,F1_4cls,0.3335
1,GLOBAL,RandomForest,SMOTE,6,shap,{},5,test,F1_DOWN_FORT,0.5514
1,GLOBAL,RandomForest,SMOTE,6,shap,{},5,test,F1_UP_FORT,0.4759
1,GLOBAL,RandomForest,SMOTE,6,shap,{},5,test,F1_dir,0.6462
1,GLOBAL,RandomForest,SMOTE,6,shap,{},5,test,MCC_4cls,0.1402
1,GLOBAL,RandomForest,SMOTE,6,shap,{},6,test,AUC_ovr_4cls,0.5618
1,GLOBAL,RandomForest,SMOTE,6,shap,{},6,test,Acc_dir,0.5775
1,GLOBAL,RandomForest,SMOTE,6,shap,{},6,test,BalAcc_4cls,0.2815
1,GLOBAL,RandomForest,SMOTE,6,shap,{},6,test,Brier_up,0.23890976746137566
1,GLOBAL,RandomForest,SMOTE,6,shap,{},6,test,ECE_up,0.04625988439568544
1,GLOBAL,RandomForest,SMOTE,6,shap,{},6,test,F1_4cls,0.2778
1,GLOBAL,RandomForest,SMOTE,6,shap,{},6,test,F1_DOWN_FORT,0.4396
1,GLOBAL,RandomForest,SMOTE,6,shap,{},6,test,F1_UP_FORT,0.4353
1,GLOBAL,RandomForest,SMOTE,6,shap,{},6,test,F1_dir,0.5773
1,GLOBAL,RandomForest,SMOTE,6,shap,{},6,test,MCC_4cls,0.0441
1,GLOBAL,RandomForest,SMOTE,6,shap,{},7,test,AUC_ovr_4cls,0.5986
1,GLOBAL,RandomForest,SMOTE,6,shap,{},7,test,Acc_dir,0.615
1,GLOBAL,RandomForest,SMOTE,6,shap,{},7,test,BalAcc_4cls,0.3263
1,GLOBAL,RandomForest,SMOTE,6,shap,{},7,test,Brier_up,0.22824007169885144
1,GLOBAL,RandomForest,SMOTE,6,shap,{},7,test,ECE_up,0.027774096372082883
1,GLOBAL,RandomForest,SMOTE,6,shap,{},7,test,F1_4cls,0.3154
1,GLOBAL,RandomForest,SMOTE,6,shap,{},7,test,F1_DOWN_FORT,0.5813
1,GLOBAL,RandomForest,SMOTE,6,shap,{},7,test,F1_UP_FORT,0.4602
1,GLOBAL,RandomForest,SMOTE,6,shap,{},7,test,F1_dir,0.615
1,GLOBAL,RandomForest,SMOTE,6,shap,{},7,test,MCC_4cls,0.1106
1,GLOBAL,RandomForest,SMOTE,6,shap,{},8,test,AUC_ovr_4cls,0.5792
1,GLOBAL,RandomForest,SMOTE,6,shap,{},8,test,Acc_dir,0.583
1,GLOBAL,RandomForest,SMOTE,6,shap,{},8,test,BalAcc_4cls,0.3255
1,GLOBAL,RandomForest,SMOTE,6,shap,{},8,test,Brier_up,0.24053174368450583
1,GLOBAL,RandomForest,SMOTE,6,shap,{},8,test,ECE_up,0.0515676543396425
1,GLOBAL,RandomForest,SMOTE,6,shap,{},8,test,F1_4cls,0.3184
1,GLOBAL,RandomForest,SMOTE,6,shap,{},8,test,F1_DOWN_FORT,0.5482
1,GLOBAL,RandomForest,SMOTE,6,shap,{},8,test,F1_UP_FORT,0.4244
1,GLOBAL,RandomForest,SMOTE,6,shap,{},8,test,F1_dir,0.5815
1,GLOBAL,RandomForest,SMOTE,6,shap,{},8,test,MCC_4cls,0.1032
1,GLOBAL,RandomForest,SMOTE,6,shap,{},9,test,AUC_ovr_4cls,0.604
1,GLOBAL,RandomForest,SMOTE,6,shap,{},9,test,Acc_dir,0.6221
1,GLOBAL,RandomForest,SMOTE,6,shap,{},9,test,BalAcc_4cls,0.319
1,GLOBAL,RandomForest,SMOTE,6,shap,{},9,test,Brier_up,0.2264144153662303
1,GLOBAL,RandomForest,SMOTE,6,shap,{},9,test,ECE_up,0.025643793604596486
1,GLOBAL,RandomForest,SMOTE,6,shap,{},9,test,F1_4cls,0.3077
1,GLOBAL,RandomForest,SMOTE,6,shap,{},9,test,F1_DOWN_FORT,0.5514
1,GLOBAL,RandomForest,SMOTE,6,shap,{},9,test,F1_UP_FORT,0.5088
1,GLOBAL,RandomForest,SMOTE,6,shap,{},9,test,F1_dir,0.62
1,GLOBAL,RandomForest,SMOTE,6,shap,{},9,test,MCC_4cls,0.1047
1,GLOBAL,RandomForest,SMOTE,10,shap,{},0,test,AUC_ovr_4cls,0.5766
1,GLOBAL,RandomForest,SMOTE,10,shap,{},0,test,Acc_dir,0.5782
1,GLOBAL,RandomForest,SMOTE,10,shap,{},0,test,BalAcc_4cls,0.3144
1,GLOBAL,RandomForest,SMOTE,10,shap,{},0,test,Brier_up,0.23719749047595054
1,GLOBAL,RandomForest,SMOTE,10,shap,{},0,test,ECE_up,0.052345174759599364
1,GLOBAL,RandomForest,SMOTE,10,shap,{},0,test,F1_4cls,0.3122
1,GLOBAL,RandomForest,SMOTE,10,shap,{},0,test,F1_DOWN_FORT,0.4688
1,GLOBAL,RandomForest,SMOTE,10,shap,{},0,test,F1_UP_FORT,0.3958
1,GLOBAL,RandomForest,SMOTE,10,shap,{},0,test,F1_dir,0.5728
1,GLOBAL,RandomForest,SMOTE,10,shap,{},0,test,MCC_4cls,0.0858
1,GLOBAL,RandomForest,SMOTE,10,shap,{},0,test_path,Acc_dir,0.6028
1,GLOBAL,RandomForest,SMOTE,10,shap,{},0,test_path,BalAcc_4cls,0.3418
1,GLOBAL,RandomForest,SMOTE,10,shap,{},0,test_path,F1_4cls,0.3398
1,GLOBAL,RandomForest,SMOTE,10,shap,{},0,test_path,F1_DOWN_FORT,0.5308
1,GLOBAL,RandomForest,SMOTE,10,shap,{},0,test_path,F1_UP_FORT,0.4368
1,GLOBAL,RandomForest,SMOTE,10,shap,{},0,test_path,F1_dir,0.6015
1,GLOBAL,RandomForest,SMOTE,10,shap,{},0,test_path,MCC_4cls,0.1254
1,GLOBAL,RandomForest,SMOTE,10,shap,{},1,test,AUC_ovr_4cls,0.5834
1,GLOBAL,RandomForest,SMOTE,10,shap,{},1,test,Acc_dir,0.5936
1,GLOBAL,RandomForest,SMOTE,10,shap,{},1,test,BalAcc_4cls,0.2975
1,GLOBAL,RandomForest,SMOTE,10,shap,{},1,test,Brier_up,0.23405592667496591
1,GLOBAL,RandomForest,SMOTE,10,shap,{},1,test,ECE_up,0.04717084908272587
1,GLOBAL,RandomForest,SMOTE,10,shap,{},1,test,F1_4cls,0.2931
1,GLOBAL,RandomForest,SMOTE,10,shap,{},1,test,F1_DOWN_FORT,0.4437
1,GLOBAL,RandomForest,SMOTE,10,shap,{},1,test,F1_UP_FORT,0.4
1,GLOBAL,RandomForest,SMOTE,10,shap,{},1,test,F1_dir,0.5925
1,GLOBAL,RandomForest,SMOTE,10,shap,{},1,test,MCC_4cls,0.0643
1,GLOBAL,RandomForest,SMOTE,10,shap,{},1,test_path,Acc_dir,0.6134
1,GLOBAL,RandomForest,SMOTE,10,shap,{},1,test_path,BalAcc_4cls,0.3205
1,GLOBAL,RandomForest,SMOTE,10,shap,{},1,test_path,F1_4cls,0.3181
1,GLOBAL,RandomForest,SMOTE,10,shap,{},1,test_path,F1_DOWN_FORT,0.4797
1,GLOBAL,RandomForest,SMOTE,10,shap,{},1,test_path,F1_UP_FORT,0.4715
1,GLOBAL,RandomForest,SMOTE,10,shap,{},1,test_path,F1_dir,0.613
1,GLOBAL,RandomForest,SMOTE,10,shap,{},1,test_path,MCC_4cls,0.0972
1,GLOBAL,RandomForest,SMOTE,10,shap,{},2,test,AUC_ovr_4cls,0.636
1,GLOBAL,RandomForest,SMOTE,10,shap,{},2,test,Acc_dir,0.6264
1,GLOBAL,RandomForest,SMOTE,10,shap,{},2,test,BalAcc_4cls,0.3554
1,GLOBAL,RandomForest,SMOTE,10,shap,{},2,test,Brier_up,0.22207204249490894
1,GLOBAL,RandomForest,SMOTE,10,shap,{},2,test,ECE_up,0.048642589197777655
1,GLOBAL,RandomForest,SMOTE,10,shap,{},2,test,F1_4cls,0.3539
1,GLOBAL,RandomForest,SMOTE,10,shap,{},2,test,F1_DOWN_FORT,0.5499
1,GLOBAL,RandomForest,SMOTE,10,shap,{},2,test,F1_UP_FORT,0.4749
1,GLOBAL,RandomForest,SMOTE,10,shap,{},2,test,F1_dir,0.6198
1,GLOBAL,RandomForest,SMOTE,10,shap,{},2,test,MCC_4cls,0.148
1,GLOBAL,RandomForest,SMOTE,10,shap,{},2,test_path,Acc_dir,0.5996
1,GLOBAL,RandomForest,SMOTE,10,shap,{},2,test_path,BalAcc_4cls,0.3141
1,GLOBAL,RandomForest,SMOTE,10,shap,{},2,test_path,F1_4cls,0.3084
1,GLOBAL,RandomForest,SMOTE,10,shap,{},2,test_path,F1_DOWN_FORT,0.5199
1,GLOBAL,RandomForest,SMOTE,10,shap,{},2,test_path,F1_UP_FORT,0.3616
1,GLOBAL,RandomForest,SMOTE,10,shap,{},2,test_path,F1_dir,0.5987
1,GLOBAL,RandomForest,SMOTE,10,shap,{},2,test_path,MCC_4cls,0.0878
1,GLOBAL,RandomForest,SMOTE,10,shap,{},3,test,AUC_ovr_4cls,0.5513
1,GLOBAL,RandomForest,SMOTE,10,shap,{},3,test,Acc_dir,0.5342
1,GLOBAL,RandomForest,SMOTE,10,shap,{},3,test,BalAcc_4cls,0.2811
1,GLOBAL,RandomForest,SMOTE,10,shap,{},3,test,Brier_up,0.24717217764264984
1,GLOBAL,RandomForest,SMOTE,10,shap,{},3,test,ECE_up,0.06637087488700073
1,GLOBAL,RandomForest,SMOTE,10,shap,{},3,test,F1_4cls,0.2783
1,GLOBAL,RandomForest,SMOTE,10,shap,{},3,test,F1_DOWN_FORT,0.4465
1,GLOBAL,RandomForest,SMOTE,10,shap,{},3,test,F1_UP_FORT,0.3065
1,GLOBAL,RandomForest,SMOTE,10,shap,{},3,test,F1_dir,0.5311
1,GLOBAL,RandomForest,SMOTE,10,shap,{},3,test,MCC_4cls,0.0412
1,GLOBAL,RandomForest,SMOTE,10,shap,{},3,test_path,Acc_dir,0.5915
1,GLOBAL,RandomForest,SMOTE,10,shap,{},3,test_path,BalAcc_4cls,0.3071
1,GLOBAL,RandomForest,SMOTE,10,shap,{},3,test_path,F1_4cls,0.3012
1,GLOBAL,RandomForest,SMOTE,10,shap,{},3,test_path,F1_DOWN_FORT,0.537
1,GLOBAL,RandomForest,SMOTE,10,shap,{},3,test_path,F1_UP_FORT,0.4165
1,GLOBAL,RandomForest,SMOTE,10,shap,{},3,test_path,F1_dir,0.5897
1,GLOBAL,RandomForest,SMOTE,10,shap,{},3,test_path,MCC_4cls,0.0805
1,GLOBAL,RandomForest,SMOTE,10,shap,{},4,test,AUC_ovr_4cls,0.6158
1,GLOBAL,RandomForest,SMOTE,10,shap,{},4,test,Acc_dir,0.629
1,GLOBAL,RandomForest,SMOTE,10,shap,{},4,test,BalAcc_4cls,0.3452
1,GLOBAL,RandomForest,SMOTE,10,shap,{},4,test,Brier_up,0.2279860830059395
1,GLOBAL,RandomForest,SMOTE,10,shap,{},4,test,ECE_up,0.03226766957898047
1,GLOBAL,RandomForest,SMOTE,10,shap,{},4,test,F1_4cls,0.3384
1,GLOBAL,RandomForest,SMOTE,10,shap,{},4,test,F1_DOWN_FORT,0.4753
1,GLOBAL,RandomForest,SMOTE,10,shap,{},4,test,F1_UP_FORT,0.5419
1,GLOBAL,RandomForest,SMOTE,10,shap,{},4,test,F1_dir,0.6289
1,GLOBAL,RandomForest,SMOTE,10,shap,{},4,test,MCC_4cls,0.1284
1,GLOBAL,RandomForest,SMOTE,10,shap,{},5,test,AUC_ovr_4cls,0.6284
1,GLOBAL,RandomForest,SMOTE,10,shap,{},5,test,Acc_dir,0.6395
1,GLOBAL,RandomForest,SMOTE,10,shap,{},5,test,BalAcc_4cls,0.3296
1,GLOBAL,RandomForest,SMOTE,10,shap,{},5,test,Brier_up,0.217924738980676
1,GLOBAL,RandomForest,SMOTE,10,shap,{},5,test,ECE_up,0.05666979323362786
1,GLOBAL,RandomForest,SMOTE,10,shap,{},5,test,F1_4cls,0.3192
1,GLOBAL,RandomForest,SMOTE,10,shap,{},5,test,F1_DOWN_FORT,0.5722
1,GLOBAL,RandomForest,SMOTE,10,shap,{},5,test,F1_UP_FORT,0.4356
1,GLOBAL,RandomForest,SMOTE,10,shap,{},5,test,F1_dir,0.638
1,GLOBAL,RandomForest,SMOTE,10,shap,{},5,test,MCC_4cls,0.115
1,GLOBAL,RandomForest,SMOTE,10,shap,{},6,test,AUC_ovr_4cls,0.5658
1,GLOBAL,RandomForest,SMOTE,10,shap,{},6,test,Acc_dir,0.5734
1,GLOBAL,RandomForest,SMOTE,10,shap,{},6,test,BalAcc_4cls,0.2735
1,GLOBAL,RandomForest,SMOTE,10,shap,{},6,test,Brier_up,0.23712884436766934
1,GLOBAL,RandomForest,SMOTE,10,shap,{},6,test,ECE_up,0.03582430767959148
1,GLOBAL,RandomForest,SMOTE,10,shap,{},6,test,F1_4cls,0.2728
1,GLOBAL,RandomForest,SMOTE,10,shap,{},6,test,F1_DOWN_FORT,0.4451
1,GLOBAL,RandomForest,SMOTE,10,shap,{},6,test,F1_UP_FORT,0.3517
1,GLOBAL,RandomForest,SMOTE,10,shap,{},6,test,F1_dir,0.5679
1,GLOBAL,RandomForest,SMOTE,10,shap,{},6,test,MCC_4cls,0.0324
1,GLOBAL,RandomForest,SMOTE,10,shap,{},7,test,AUC_ovr_4cls,0.6176
1,GLOBAL,RandomForest,SMOTE,10,shap,{},7,test,Acc_dir,0.627
1,GLOBAL,RandomForest,SMOTE,10,shap,{},7,test,BalAcc_4cls,0.3313
1,GLOBAL,RandomForest,SMOTE,10,shap,{},7,test,Brier_up,0.2234912598122573
1,GLOBAL,RandomForest,SMOTE,10,shap,{},7,test,ECE_up,0.033391069785969466
1,GLOBAL,RandomForest,SMOTE,10,shap,{},7,test,F1_4cls,0.3228
1,GLOBAL,RandomForest,SMOTE,10,shap,{},7,test,F1_DOWN_FORT,0.6005
1,GLOBAL,RandomForest,SMOTE,10,shap,{},7,test,F1_UP_FORT,0.4136
1,GLOBAL,RandomForest,SMOTE,10,shap,{},7,test,F1_dir,0.627
1,GLOBAL,RandomForest,SMOTE,10,shap,{},7,test,MCC_4cls,0.116
1,GLOBAL,RandomForest,SMOTE,10,shap,{},8,test,AUC_ovr_4cls,0.5936
1,GLOBAL,RandomForest,SMOTE,10,shap,{},8,test,Acc_dir,0.614
1,GLOBAL,RandomForest,SMOTE,10,shap,{},8,test,BalAcc_4cls,0.3424
1,GLOBAL,RandomForest,SMOTE,10,shap,{},8,test,Brier_up,0.2366618992459514
1,GLOBAL,RandomForest,SMOTE,10,shap,{},8,test,ECE_up,0.04584027666231552
1,GLOBAL,RandomForest,SMOTE,10,shap,{},8,test,F1_4cls,0.3352
1,GLOBAL,RandomForest,SMOTE,10,shap,{},8,test,F1_DOWN_FORT,0.5655
1,GLOBAL,RandomForest,SMOTE,10,shap,{},8,test,F1_UP_FORT,0.3864
1,GLOBAL,RandomForest,SMOTE,10,shap,{},8,test,F1_dir,0.6134
1,GLOBAL,RandomForest,SMOTE,10,shap,{},8,test,MCC_4cls,0.1255
1,GLOBAL,RandomForest,SMOTE,10,shap,{},9,test,AUC_ovr_4cls,0.5966
1,GLOBAL,RandomForest,SMOTE,10,shap,{},9,test,Acc_dir,0.6014
1,GLOBAL,RandomForest,SMOTE,10,shap,{},9,test,BalAcc_4cls,0.3207
1,GLOBAL,RandomForest,SMOTE,10,shap,{},9,test,Brier_up,0.22783657984733477
1,GLOBAL,RandomForest,SMOTE,10,shap,{},9,test,ECE_up,0.03187081665132273
1,GLOBAL,RandomForest,SMOTE,10,shap,{},9,test,F1_4cls,0.3141
1,GLOBAL,RandomForest,SMOTE,10,shap,{},9,test,F1_DOWN_FORT,0.5659
1,GLOBAL,RandomForest,SMOTE,10,shap,{},9,test,F1_UP_FORT,0.48
1,GLOBAL,RandomForest,SMOTE,10,shap,{},9,test,F1_dir,0.5988
1,GLOBAL,RandomForest,SMOTE,10,shap,{},9,test,MCC_4cls,0.1063
1,GLOBAL,RandomForest,SMOTE,14,shap,{},0,test,AUC_ovr_4cls,0.5767
1,GLOBAL,RandomForest,SMOTE,14,shap,{},0,test,Acc_dir,0.5863
1,GLOBAL,RandomForest,SMOTE,14,shap,{},0,test,BalAcc_4cls,0.3024
1,GLOBAL,RandomForest,SMOTE,14,shap,{},0,test,Brier_up,0.2344765371973242
1,GLOBAL,RandomForest,SMOTE,14,shap,{},0,test,ECE_up,0.041874706623947516
1,GLOBAL,RandomForest,SMOTE,14,shap,{},0,test,F1_4cls,0.299
1,GLOBAL,RandomForest,SMOTE,14,shap,{},0,test,F1_DOWN_FORT,0.4264
1,GLOBAL,RandomForest,SMOTE,14,shap,{},0,test,F1_UP_FORT,0.3841
1,GLOBAL,RandomForest,SMOTE,14,shap,{},0,test,F1_dir,0.5836
1,GLOBAL,RandomForest,SMOTE,14,shap,{},0,test,MCC_4cls,0.0702
1,GLOBAL,RandomForest,SMOTE,14,shap,{},0,test_path,Acc_dir,0.6001
1,GLOBAL,RandomForest,SMOTE,14,shap,{},0,test_path,BalAcc_4cls,0.3368
1,GLOBAL,RandomForest,SMOTE,14,shap,{},0,test_path,F1_4cls,0.3343
1,GLOBAL,RandomForest,SMOTE,14,shap,{},0,test_path,F1_DOWN_FORT,0.5214
1,GLOBAL,RandomForest,SMOTE,14,shap,{},0,test_path,F1_UP_FORT,0.4544
1,GLOBAL,RandomForest,SMOTE,14,shap,{},0,test_path,F1_dir,0.5993
1,GLOBAL,RandomForest,SMOTE,14,shap,{},0,test_path,MCC_4cls,0.1197
1,GLOBAL,RandomForest,SMOTE,14,shap,{},1,test,AUC_ovr_4cls,0.5869
1,GLOBAL,RandomForest,SMOTE,14,shap,{},1,test,Acc_dir,0.5817
1,GLOBAL,RandomForest,SMOTE,14,shap,{},1,test,BalAcc_4cls,0.2938
1,GLOBAL,RandomForest,SMOTE,14,shap,{},1,test,Brier_up,0.23380433698902328
1,GLOBAL,RandomForest,SMOTE,14,shap,{},1,test,ECE_up,0.02718953511035129
1,GLOBAL,RandomForest,SMOTE,14,shap,{},1,test,F1_4cls,0.2906
1,GLOBAL,RandomForest,SMOTE,14,shap,{},1,test,F1_DOWN_FORT,0.4581
1,GLOBAL,RandomForest,SMOTE,14,shap,{},1,test,F1_UP_FORT,0.4039
1,GLOBAL,RandomForest,SMOTE,14,shap,{},1,test,F1_dir,0.581
1,GLOBAL,RandomForest,SMOTE,14,shap,{},1,test,MCC_4cls,0.0599
1,GLOBAL,RandomForest,SMOTE,14,shap,{},1,test_path,Acc_dir,0.6075
1,GLOBAL,RandomForest,SMOTE,14,shap,{},1,test_path,BalAcc_4cls,0.3289
1,GLOBAL,RandomForest,SMOTE,14,shap,{},1,test_path,F1_4cls,0.3237
1,GLOBAL,RandomForest,SMOTE,14,shap,{},1,test_path,F1_DOWN_FORT,0.4976
1,GLOBAL,RandomForest,SMOTE,14,shap,{},1,test_path,F1_UP_FORT,0.4591
1,GLOBAL,RandomForest,SMOTE,14,shap,{},1,test_path,F1_dir,0.6073
1,GLOBAL,RandomForest,SMOTE,14,shap,{},1,test_path,MCC_4cls,0.1085
1,GLOBAL,RandomForest,SMOTE,14,shap,{},2,test,AUC_ovr_4cls,0.6362
1,GLOBAL,RandomForest,SMOTE,14,shap,{},2,test,Acc_dir,0.6345
1,GLOBAL,RandomForest,SMOTE,14,shap,{},2,test,BalAcc_4cls,0.3821
1,GLOBAL,RandomForest,SMOTE,14,shap,{},2,test,Brier_up,0.22279762681566587
1,GLOBAL,RandomForest,SMOTE,14,shap,{},2,test,ECE_up,0.058285389488970614
1,GLOBAL,RandomForest,SMOTE,14,shap,{},2,test,F1_4cls,0.378
1,GLOBAL,RandomForest,SMOTE,14,shap,{},2,test,F1_DOWN_FORT,0.5556
1,GLOBAL,RandomForest,SMOTE,14,shap,{},2,test,F1_UP_FORT,0.5759
1,GLOBAL,RandomForest,SMOTE,14,shap,{},2,test,F1_dir,0.6305
1,GLOBAL,RandomForest,SMOTE,14,shap,{},2,test,MCC_4cls,0.1837
1,GLOBAL,RandomForest,SMOTE,14,shap,{},2,test_path,Acc_dir,0.5996
1,GLOBAL,RandomForest,SMOTE,14,shap,{},2,test_path,BalAcc_4cls,0.3283
1,GLOBAL,RandomForest,SMOTE,14,shap,{},2,test_path,F1_4cls,0.3201
1,GLOBAL,RandomForest,SMOTE,14,shap,{},2,test_path,F1_DOWN_FORT,0.5276
1,GLOBAL,RandomForest,SMOTE,14,shap,{},2,test_path,F1_UP_FORT,0.3917
1,GLOBAL,RandomForest,SMOTE,14,shap,{},2,test_path,F1_dir,0.5996
1,GLOBAL,RandomForest,SMOTE,14,shap,{},2,test_path,MCC_4cls,0.1082
1,GLOBAL,RandomForest,SMOTE,14,shap,{},3,test,AUC_ovr_4cls,0.5682
1,GLOBAL,RandomForest,SMOTE,14,shap,{},3,test,Acc_dir,0.5521
1,GLOBAL,RandomForest,SMOTE,14,shap,{},3,test,BalAcc_4cls,0.3023
1,GLOBAL,RandomForest,SMOTE,14,shap,{},3,test,Brier_up,0.24176351022403128
1,GLOBAL,RandomForest,SMOTE,14,shap,{},3,test,ECE_up,0.05240187354504375
1,GLOBAL,RandomForest,SMOTE,14,shap,{},3,test,F1_4cls,0.2989
1,GLOBAL,RandomForest,SMOTE,14,shap,{},3,test,F1_DOWN_FORT,0.4819
1,GLOBAL,RandomForest,SMOTE,14,shap,{},3,test,F1_UP_FORT,0.3409
1,GLOBAL,RandomForest,SMOTE,14,shap,{},3,test,F1_dir,0.5497
1,GLOBAL,RandomForest,SMOTE,14,shap,{},3,test,MCC_4cls,0.0708
1,GLOBAL,RandomForest,SMOTE,14,shap,{},3,test_path,Acc_dir,0.592
1,GLOBAL,RandomForest,SMOTE,14,shap,{},3,test_path,BalAcc_4cls,0.314
1,GLOBAL,RandomForest,SMOTE,14,shap,{},3,test_path,F1_4cls,0.3062
1,GLOBAL,RandomForest,SMOTE,14,shap,{},3,test_path,F1_DOWN_FORT,0.5324
1,GLOBAL,RandomForest,SMOTE,14,shap,{},3,test_path,F1_UP_FORT,0.4553
1,GLOBAL,RandomForest,SMOTE,14,shap,{},3,test_path,F1_dir,0.5909
1,GLOBAL,RandomForest,SMOTE,14,shap,{},3,test_path,MCC_4cls,0.09
1,GLOBAL,RandomForest,SMOTE,14,shap,{},4,test,AUC_ovr_4cls,0.6109
1,GLOBAL,RandomForest,SMOTE,14,shap,{},4,test,Acc_dir,0.6064
1,GLOBAL,RandomForest,SMOTE,14,shap,{},4,test,BalAcc_4cls,0.3453
1,GLOBAL,RandomForest,SMOTE,14,shap,{},4,test,Brier_up,0.22822938294865766
1,GLOBAL,RandomForest,SMOTE,14,shap,{},4,test,ECE_up,0.03040706593758036
1,GLOBAL,RandomForest,SMOTE,14,shap,{},4,test,F1_4cls,0.3361
1,GLOBAL,RandomForest,SMOTE,14,shap,{},4,test,F1_DOWN_FORT,0.4955
1,GLOBAL,RandomForest,SMOTE,14,shap,{},4,test,F1_UP_FORT,0.5235
1,GLOBAL,RandomForest,SMOTE,14,shap,{},4,test,F1_dir,0.6057
1,GLOBAL,RandomForest,SMOTE,14,shap,{},4,test,MCC_4cls,0.1282
1,GLOBAL,RandomForest,SMOTE,14,shap,{},5,test,AUC_ovr_4cls,0.6309
1,GLOBAL,RandomForest,SMOTE,14,shap,{},5,test,Acc_dir,0.619
1,GLOBAL,RandomForest,SMOTE,14,shap,{},5,test,BalAcc_4cls,0.3374
1,GLOBAL,RandomForest,SMOTE,14,shap,{},5,test,Brier_up,0.2202995802918205
1,GLOBAL,RandomForest,SMOTE,14,shap,{},5,test,ECE_up,0.08132633514169813
1,GLOBAL,RandomForest,SMOTE,14,shap,{},5,test,F1_4cls,0.3139
1,GLOBAL,RandomForest,SMOTE,14,shap,{},5,test,F1_DOWN_FORT,0.5729
1,GLOBAL,RandomForest,SMOTE,14,shap,{},5,test,F1_UP_FORT,0.4096
1,GLOBAL,RandomForest,SMOTE,14,shap,{},5,test,F1_dir,0.6183
1,GLOBAL,RandomForest,SMOTE,14,shap,{},5,test,MCC_4cls,0.1277
1,GLOBAL,RandomForest,SMOTE,14,shap,{},6,test,AUC_ovr_4cls,0.5733
1,GLOBAL,RandomForest,SMOTE,14,shap,{},6,test,Acc_dir,0.5652
1,GLOBAL,RandomForest,SMOTE,14,shap,{},6,test,BalAcc_4cls,0.2813
1,GLOBAL,RandomForest,SMOTE,14,shap,{},6,test,Brier_up,0.23550663902471908
1,GLOBAL,RandomForest,SMOTE,14,shap,{},6,test,ECE_up,0.03192682654167017
1,GLOBAL,RandomForest,SMOTE,14,shap,{},6,test,F1_4cls,0.2815
1,GLOBAL,RandomForest,SMOTE,14,shap,{},6,test,F1_DOWN_FORT,0.4321
1,GLOBAL,RandomForest,SMOTE,14,shap,{},6,test,F1_UP_FORT,0.3346
1,GLOBAL,RandomForest,SMOTE,14,shap,{},6,test,F1_dir,0.5636
1,GLOBAL,RandomForest,SMOTE,14,shap,{},6,test,MCC_4cls,0.0417
1,GLOBAL,RandomForest,SMOTE,14,shap,{},7,test,AUC_ovr_4cls,0.6193
1,GLOBAL,RandomForest,SMOTE,14,shap,{},7,test,Acc_dir,0.6457
1,GLOBAL,RandomForest,SMOTE,14,shap,{},7,test,BalAcc_4cls,0.3513
1,GLOBAL,RandomForest,SMOTE,14,shap,{},7,test,Brier_up,0.22259103580117898
1,GLOBAL,RandomForest,SMOTE,14,shap,{},7,test,ECE_up,0.04333975040304938
1,GLOBAL,RandomForest,SMOTE,14,shap,{},7,test,F1_4cls,0.3399
1,GLOBAL,RandomForest,SMOTE,14,shap,{},7,test,F1_DOWN_FORT,0.6182
1,GLOBAL,RandomForest,SMOTE,14,shap,{},7,test,F1_UP_FORT,0.4537
1,GLOBAL,RandomForest,SMOTE,14,shap,{},7,test,F1_dir,0.6456
1,GLOBAL,RandomForest,SMOTE,14,shap,{},7,test,MCC_4cls,0.1451
1,GLOBAL,RandomForest,SMOTE,14,shap,{},8,test,AUC_ovr_4cls,0.5901
1,GLOBAL,RandomForest,SMOTE,14,shap,{},8,test,Acc_dir,0.583
1,GLOBAL,RandomForest,SMOTE,14,shap,{},8,test,BalAcc_4cls,0.3236
1,GLOBAL,RandomForest,SMOTE,14,shap,{},8,test,Brier_up,0.23745862478675983
1,GLOBAL,RandomForest,SMOTE,14,shap,{},8,test,ECE_up,0.05173304037984614
1,GLOBAL,RandomForest,SMOTE,14,shap,{},8,test,F1_4cls,0.3173
1,GLOBAL,RandomForest,SMOTE,14,shap,{},8,test,F1_DOWN_FORT,0.5417
1,GLOBAL,RandomForest,SMOTE,14,shap,{},8,test,F1_UP_FORT,0.3819
1,GLOBAL,RandomForest,SMOTE,14,shap,{},8,test,F1_dir,0.5828
1,GLOBAL,RandomForest,SMOTE,14,shap,{},8,test,MCC_4cls,0.1005
1,GLOBAL,RandomForest,SMOTE,14,shap,{},9,test,AUC_ovr_4cls,0.6056
1,GLOBAL,RandomForest,SMOTE,14,shap,{},9,test,Acc_dir,0.6234
1,GLOBAL,RandomForest,SMOTE,14,shap,{},9,test,BalAcc_4cls,0.3374
1,GLOBAL,RandomForest,SMOTE,14,shap,{},9,test,Brier_up,0.2259329229459724
1,GLOBAL,RandomForest,SMOTE,14,shap,{},9,test,ECE_up,0.055924828288429325
1,GLOBAL,RandomForest,SMOTE,14,shap,{},9,test,F1_4cls,0.3239
1,GLOBAL,RandomForest,SMOTE,14,shap,{},9,test,F1_DOWN_FORT,0.5752
1,GLOBAL,RandomForest,SMOTE,14,shap,{},9,test,F1_UP_FORT,0.5345
1,GLOBAL,RandomForest,SMOTE,14,shap,{},9,test,F1_dir,0.6222
1,GLOBAL,RandomForest,SMOTE,14,shap,{},9,test,MCC_4cls,0.1299
1,GLOBAL,XGBoost,SMOTE,6,shap,{},0,test,AUC_ovr_4cls,0.5594
1,GLOBAL,XGBoost,SMOTE,6,shap,{},0,test,Acc_dir,0.5809
1,GLOBAL,XGBoost,SMOTE,6,shap,{},0,test,BalAcc_4cls,0.3147
1,GLOBAL,XGBoost,SMOTE,6,shap,{},0,test,Brier_up,0.2500701894131716
1,GLOBAL,XGBoost,SMOTE,6,shap,{},0,test,ECE_up,0.09609378601306412
1,GLOBAL,XGBoost,SMOTE,6,shap,{},0,test,F1_4cls,0.3117
1,GLOBAL,XGBoost,SMOTE,6,shap,{},0,test,F1_DOWN_FORT,0.4125
1,GLOBAL,XGBoost,SMOTE,6,shap,{},0,test,F1_UP_FORT,0.4686
1,GLOBAL,XGBoost,SMOTE,6,shap,{},0,test,F1_dir,0.5798
1,GLOBAL,XGBoost,SMOTE,6,shap,{},0,test,MCC_4cls,0.0855
1,GLOBAL,XGBoost,SMOTE,6,shap,{},0,test_path,Acc_dir,0.5996
1,GLOBAL,XGBoost,SMOTE,6,shap,{},0,test_path,BalAcc_4cls,0.3338
1,GLOBAL,XGBoost,SMOTE,6,shap,{},0,test_path,F1_4cls,0.3323
1,GLOBAL,XGBoost,SMOTE,6,shap,{},0,test_path,F1_DOWN_FORT,0.4752
1,GLOBAL,XGBoost,SMOTE,6,shap,{},0,test_path,F1_UP_FORT,0.4778
1,GLOBAL,XGBoost,SMOTE,6,shap,{},0,test_path,F1_dir,0.5992
1,GLOBAL,XGBoost,SMOTE,6,shap,{},0,test_path,MCC_4cls,0.1137
1,GLOBAL,XGBoost,SMOTE,6,shap,{},1,test,AUC_ovr_4cls,0.5832
1,GLOBAL,XGBoost,SMOTE,6,shap,{},1,test,Acc_dir,0.5923
1,GLOBAL,XGBoost,SMOTE,6,shap,{},1,test,BalAcc_4cls,0.3241
1,GLOBAL,XGBoost,SMOTE,6,shap,{},1,test,Brier_up,0.2405441284081512
1,GLOBAL,XGBoost,SMOTE,6,shap,{},1,test,ECE_up,0.06265594138408881
1,GLOBAL,XGBoost,SMOTE,6,shap,{},1,test,F1_4cls,0.3189
1,GLOBAL,XGBoost,SMOTE,6,shap,{},1,test,F1_DOWN_FORT,0.483
1,GLOBAL,XGBoost,SMOTE,6,shap,{},1,test,F1_UP_FORT,0.4639
1,GLOBAL,XGBoost,SMOTE,6,shap,{},1,test,F1_dir,0.5921
1,GLOBAL,XGBoost,SMOTE,6,shap,{},1,test,MCC_4cls,0.0986
1,GLOBAL,XGBoost,SMOTE,6,shap,{},1,test_path,Acc_dir,0.5766
1,GLOBAL,XGBoost,SMOTE,6,shap,{},1,test_path,BalAcc_4cls,0.3108
1,GLOBAL,XGBoost,SMOTE,6,shap,{},1,test_path,F1_4cls,0.3106
1,GLOBAL,XGBoost,SMOTE,6,shap,{},1,test_path,F1_DOWN_FORT,0.4619
1,GLOBAL,XGBoost,SMOTE,6,shap,{},1,test_path,F1_UP_FORT,0.4346
1,GLOBAL,XGBoost,SMOTE,6,shap,{},1,test_path,F1_dir,0.5762
1,GLOBAL,XGBoost,SMOTE,6,shap,{},1,test_path,MCC_4cls,0.0832
1,GLOBAL,XGBoost,SMOTE,6,shap,{},2,test,AUC_ovr_4cls,0.6066
1,GLOBAL,XGBoost,SMOTE,6,shap,{},2,test,Acc_dir,0.606
1,GLOBAL,XGBoost,SMOTE,6,shap,{},2,test,BalAcc_4cls,0.3454
1,GLOBAL,XGBoost,SMOTE,6,shap,{},2,test,Brier_up,0.23087552296420794
1,GLOBAL,XGBoost,SMOTE,6,shap,{},2,test,ECE_up,0.06353691991155401
1,GLOBAL,XGBoost,SMOTE,6,shap,{},2,test,F1_4cls,0.3436
1,GLOBAL,XGBoost,SMOTE,6,shap,{},2,test,F1_DOWN_FORT,0.4957
1,GLOBAL,XGBoost,SMOTE,6,shap,{},2,test,F1_UP_FORT,0.5157
1,GLOBAL,XGBoost,SMOTE,6,shap,{},2,test,F1_dir,0.6046
1,GLOBAL,XGBoost,SMOTE,6,shap,{},2,test,MCC_4cls,0.1321
1,GLOBAL,XGBoost,SMOTE,6,shap,{},2,test_path,Acc_dir,0.5866
1,GLOBAL,XGBoost,SMOTE,6,shap,{},2,test_path,BalAcc_4cls,0.3036
1,GLOBAL,XGBoost,SMOTE,6,shap,{},2,test_path,F1_4cls,0.3014
1,GLOBAL,XGBoost,SMOTE,6,shap,{},2,test_path,F1_DOWN_FORT,0.4776
1,GLOBAL,XGBoost,SMOTE,6,shap,{},2,test_path,F1_UP_FORT,0.4151
1,GLOBAL,XGBoost,SMOTE,6,shap,{},2,test_path,F1_dir,0.5864
1,GLOBAL,XGBoost,SMOTE,6,shap,{},2,test_path,MCC_4cls,0.0744
1,GLOBAL,XGBoost,SMOTE,6,shap,{},3,test,AUC_ovr_4cls,0.5385
1,GLOBAL,XGBoost,SMOTE,6,shap,{},3,test,Acc_dir,0.5493
1,GLOBAL,XGBoost,SMOTE,6,shap,{},3,test,BalAcc_4cls,0.2734
1,GLOBAL,XGBoost,SMOTE,6,shap,{},3,test,Brier_up,0.2570031864935217
1,GLOBAL,XGBoost,SMOTE,6,shap,{},3,test,ECE_up,0.09655275736386848
1,GLOBAL,XGBoost,SMOTE,6,shap,{},3,test,F1_4cls,0.2727
1,GLOBAL,XGBoost,SMOTE,6,shap,{},3,test,F1_DOWN_FORT,0.4066
1,GLOBAL,XGBoost,SMOTE,6,shap,{},3,test,F1_UP_FORT,0.3197
1,GLOBAL,XGBoost,SMOTE,6,shap,{},3,test,F1_dir,0.5467
1,GLOBAL,XGBoost,SMOTE,6,shap,{},3,test,MCC_4cls,0.0303
1,GLOBAL,XGBoost,SMOTE,6,shap,{},3,test_path,Acc_dir,0.5698
1,GLOBAL,XGBoost,SMOTE,6,shap,{},3,test_path,BalAcc_4cls,0.2895
1,GLOBAL,XGBoost,SMOTE,6,shap,{},3,test_path,F1_4cls,0.2874
1,GLOBAL,XGBoost,SMOTE,6,shap,{},3,test_path,F1_DOWN_FORT,0.4567
1,GLOBAL,XGBoost,SMOTE,6,shap,{},3,test_path,F1_UP_FORT,0.4256
1,GLOBAL,XGBoost,SMOTE,6,shap,{},3,test_path,F1_dir,0.5692
1,GLOBAL,XGBoost,SMOTE,6,shap,{},3,test_path,MCC_4cls,0.0545
1,GLOBAL,XGBoost,SMOTE,6,shap,{},4,test,AUC_ovr_4cls,0.5742
1,GLOBAL,XGBoost,SMOTE,6,shap,{},4,test,Acc_dir,0.5652
1,GLOBAL,XGBoost,SMOTE,6,shap,{},4,test,BalAcc_4cls,0.2934
1,GLOBAL,XGBoost,SMOTE,6,shap,{},4,test,Brier_up,0.24803718613699494
1,GLOBAL,XGBoost,SMOTE,6,shap,{},4,test,ECE_up,0.09613810872233057
1,GLOBAL,XGBoost,SMOTE,6,shap,{},4,test,F1_4cls,0.2943
1,GLOBAL,XGBoost,SMOTE,6,shap,{},4,test,F1_DOWN_FORT,0.4336
1,GLOBAL,XGBoost,SMOTE,6,shap,{},4,test,F1_UP_FORT,0.3934
1,GLOBAL,XGBoost,SMOTE,6,shap,{},4,test,F1_dir,0.5636
1,GLOBAL,XGBoost,SMOTE,6,shap,{},4,test,MCC_4cls,0.0587
1,GLOBAL,XGBoost,SMOTE,6,shap,{},5,test,AUC_ovr_4cls,0.605
1,GLOBAL,XGBoost,SMOTE,6,shap,{},5,test,Acc_dir,0.6272
1,GLOBAL,XGBoost,SMOTE,6,shap,{},5,test,BalAcc_4cls,0.3435
1,GLOBAL,XGBoost,SMOTE,6,shap,{},5,test,Brier_up,0.22298511700731294
1,GLOBAL,XGBoost,SMOTE,6,shap,{},5,test,ECE_up,0.053055889161975185
1,GLOBAL,XGBoost,SMOTE,6,shap,{},5,test,F1_4cls,0.3363
1,GLOBAL,XGBoost,SMOTE,6,shap,{},5,test,F1_DOWN_FORT,0.5199
1,GLOBAL,XGBoost,SMOTE,6,shap,{},5,test,F1_UP_FORT,0.4868
1,GLOBAL,XGBoost,SMOTE,6,shap,{},5,test,F1_dir,0.6265
1,GLOBAL,XGBoost,SMOTE,6,shap,{},5,test,MCC_4cls,0.129
1,GLOBAL,XGBoost,SMOTE,6,shap,{},6,test,AUC_ovr_4cls,0.5483
1,GLOBAL,XGBoost,SMOTE,6,shap,{},6,test,Acc_dir,0.5473
1,GLOBAL,XGBoost,SMOTE,6,shap,{},6,test,BalAcc_4cls,0.2759
1,GLOBAL,XGBoost,SMOTE,6,shap,{},6,test,Brier_up,0.25067758356453057
1,GLOBAL,XGBoost,SMOTE,6,shap,{},6,test,ECE_up,0.09675708546498675
1,GLOBAL,XGBoost,SMOTE,6,shap,{},6,test,F1_4cls,0.2762
1,GLOBAL,XGBoost,SMOTE,6,shap,{},6,test,F1_DOWN_FORT,0.359
1,GLOBAL,XGBoost,SMOTE,6,shap,{},6,test,F1_UP_FORT,0.393
1,GLOBAL,XGBoost,SMOTE,6,shap,{},6,test,F1_dir,0.5464
1,GLOBAL,XGBoost,SMOTE,6,shap,{},6,test,MCC_4cls,0.0318
1,GLOBAL,XGBoost,SMOTE,6,shap,{},7,test,AUC_ovr_4cls,0.5656
1,GLOBAL,XGBoost,SMOTE,6,shap,{},7,test,Acc_dir,0.6056
1,GLOBAL,XGBoost,SMOTE,6,shap,{},7,test,BalAcc_4cls,0.2998
1,GLOBAL,XGBoost,SMOTE,6,shap,{},7,test,Brier_up,0.23717008491198577
1,GLOBAL,XGBoost,SMOTE,6,shap,{},7,test,ECE_up,0.04788818864032309
1,GLOBAL,XGBoost,SMOTE,6,shap,{},7,test,F1_4cls,0.2973
1,GLOBAL,XGBoost,SMOTE,6,shap,{},7,test,F1_DOWN_FORT,0.5105
1,GLOBAL,XGBoost,SMOTE,6,shap,{},7,test,F1_UP_FORT,0.4176
1,GLOBAL,XGBoost,SMOTE,6,shap,{},7,test,F1_dir,0.6056
1,GLOBAL,XGBoost,SMOTE,6,shap,{},7,test,MCC_4cls,0.0717
1,GLOBAL,XGBoost,SMOTE,6,shap,{},8,test,AUC_ovr_4cls,0.5732
1,GLOBAL,XGBoost,SMOTE,6,shap,{},8,test,Acc_dir,0.5735
1,GLOBAL,XGBoost,SMOTE,6,shap,{},8,test,BalAcc_4cls,0.3223
1,GLOBAL,XGBoost,SMOTE,6,shap,{},8,test,Brier_up,0.25543302609059504
1,GLOBAL,XGBoost,SMOTE,6,shap,{},8,test,ECE_up,0.09997389390411086
1,GLOBAL,XGBoost,SMOTE,6,shap,{},8,test,F1_4cls,0.3147
1,GLOBAL,XGBoost,SMOTE,6,shap,{},8,test,F1_DOWN_FORT,0.5449
1,GLOBAL,XGBoost,SMOTE,6,shap,{},8,test,F1_UP_FORT,0.452
1,GLOBAL,XGBoost,SMOTE,6,shap,{},8,test,F1_dir,0.5718
1,GLOBAL,XGBoost,SMOTE,6,shap,{},8,test,MCC_4cls,0.099
1,GLOBAL,XGBoost,SMOTE,6,shap,{},9,test,AUC_ovr_4cls,0.5731
1,GLOBAL,XGBoost,SMOTE,6,shap,{},9,test,Acc_dir,0.5834
1,GLOBAL,XGBoost,SMOTE,6,shap,{},9,test,BalAcc_4cls,0.2969
1,GLOBAL,XGBoost,SMOTE,6,shap,{},9,test,Brier_up,0.23654045660926512
1,GLOBAL,XGBoost,SMOTE,6,shap,{},9,test,ECE_up,0.0603841171442563
1,GLOBAL,XGBoost,SMOTE,6,shap,{},9,test,F1_4cls,0.295
1,GLOBAL,XGBoost,SMOTE,6,shap,{},9,test,F1_DOWN_FORT,0.4884
1,GLOBAL,XGBoost,SMOTE,6,shap,{},9,test,F1_UP_FORT,0.4543
1,GLOBAL,XGBoost,SMOTE,6,shap,{},9,test,F1_dir,0.5827
1,GLOBAL,XGBoost,SMOTE,6,shap,{},9,test,MCC_4cls,0.0696
1,GLOBAL,XGBoost,SMOTE,10,shap,{},0,test,AUC_ovr_4cls,0.5656
1,GLOBAL,XGBoost,SMOTE,10,shap,{},0,test,Acc_dir,0.5701
1,GLOBAL,XGBoost,SMOTE,10,shap,{},0,test,BalAcc_4cls,0.313
1,GLOBAL,XGBoost,SMOTE,10,shap,{},0,test,Brier_up,0.25110076798080855
1,GLOBAL,XGBoost,SMOTE,10,shap,{},0,test,ECE_up,0.08643295272188184
1,GLOBAL,XGBoost,SMOTE,10,shap,{},0,test,F1_4cls,0.3089
1,GLOBAL,XGBoost,SMOTE,10,shap,{},0,test,F1_DOWN_FORT,0.4556
1,GLOBAL,XGBoost,SMOTE,10,shap,{},0,test,F1_UP_FORT,0.4558
1,GLOBAL,XGBoost,SMOTE,10,shap,{},0,test,F1_dir,0.5665
1,GLOBAL,XGBoost,SMOTE,10,shap,{},0,test,MCC_4cls,0.0809
1,GLOBAL,XGBoost,SMOTE,10,shap,{},0,test_path,Acc_dir,0.5893
1,GLOBAL,XGBoost,SMOTE,10,shap,{},0,test_path,BalAcc_4cls,0.3368
1,GLOBAL,XGBoost,SMOTE,10,shap,{},0,test_path,F1_4cls,0.335
1,GLOBAL,XGBoost,SMOTE,10,shap,{},0,test_path,F1_DOWN_FORT,0.5197
1,GLOBAL,XGBoost,SMOTE,10,shap,{},0,test_path,F1_UP_FORT,0.4439
1,GLOBAL,XGBoost,SMOTE,10,shap,{},0,test_path,F1_dir,0.5882
1,GLOBAL,XGBoost,SMOTE,10,shap,{},0,test_path,MCC_4cls,0.1175
1,GLOBAL,XGBoost,SMOTE,10,shap,{},1,test,AUC_ovr_4cls,0.5736
1,GLOBAL,XGBoost,SMOTE,10,shap,{},1,test,Acc_dir,0.5724
1,GLOBAL,XGBoost,SMOTE,10,shap,{},1,test,BalAcc_4cls,0.3115
1,GLOBAL,XGBoost,SMOTE,10,shap,{},1,test,Brier_up,0.2486483567638658
1,GLOBAL,XGBoost,SMOTE,10,shap,{},1,test,ECE_up,0.1031563079645078
1,GLOBAL,XGBoost,SMOTE,10,shap,{},1,test,F1_4cls,0.31
1,GLOBAL,XGBoost,SMOTE,10,shap,{},1,test,F1_DOWN_FORT,0.4771
1,GLOBAL,XGBoost,SMOTE,10,shap,{},1,test,F1_UP_FORT,0.3841
1,GLOBAL,XGBoost,SMOTE,10,shap,{},1,test,F1_dir,0.5723
1,GLOBAL,XGBoost,SMOTE,10,shap,{},1,test,MCC_4cls,0.0815
1,GLOBAL,XGBoost,SMOTE,10,shap,{},1,test_path,Acc_dir,0.595
1,GLOBAL,XGBoost,SMOTE,10,shap,{},1,test_path,BalAcc_4cls,0.3241
1,GLOBAL,XGBoost,SMOTE,10,shap,{},1,test_path,F1_4cls,0.3237
1,GLOBAL,XGBoost,SMOTE,10,shap,{},1,test_path,F1_DOWN_FORT,0.4817
1,GLOBAL,XGBoost,SMOTE,10,shap,{},1,test_path,F1_UP_FORT,0.4201
1,GLOBAL,XGBoost,SMOTE,10,shap,{},1,test_path,F1_dir,0.5938
1,GLOBAL,XGBoost,SMOTE,10,shap,{},1,test_path,MCC_4cls,0.101
1,GLOBAL,XGBoost,SMOTE,10,shap,{},2,test,AUC_ovr_4cls,0.6209
1,GLOBAL,XGBoost,SMOTE,10,shap,{},2,test,Acc_dir,0.6033
1,GLOBAL,XGBoost,SMOTE,10,shap,{},2,test,BalAcc_4cls,0.3476
1,GLOBAL,XGBoost,SMOTE,10,shap,{},2,test,Brier_up,0.22909839108474658
1,GLOBAL,XGBoost,SMOTE,10,shap,{},2,test,ECE_up,0.06513142137428866
1,GLOBAL,XGBoost,SMOTE,10,shap,{},2,test,F1_4cls,0.3467
1,GLOBAL,XGBoost,SMOTE,10,shap,{},2,test,F1_DOWN_FORT,0.5114
1,GLOBAL,XGBoost,SMOTE,10,shap,{},2,test,F1_UP_FORT,0.4821
1,GLOBAL,XGBoost,SMOTE,10,shap,{},2,test,F1_dir,0.5994
1,GLOBAL,XGBoost,SMOTE,10,shap,{},2,test,MCC_4cls,0.1334
1,GLOBAL,XGBoost,SMOTE,10,shap,{},2,test_path,Acc_dir,0.5855
1,GLOBAL,XGBoost,SMOTE,10,shap,{},2,test_path,BalAcc_4cls,0.3123
1,GLOBAL,XGBoost,SMOTE,10,shap,{},2,test_path,F1_4cls,0.3107
1,GLOBAL,XGBoost,SMOTE,10,shap,{},2,test_path,F1_DOWN_FORT,0.4425
1,GLOBAL,XGBoost,SMOTE,10,shap,{},2,test_path,F1_UP_FORT,0.4055
1,GLOBAL,XGBoost,SMOTE,10,shap,{},2,test_path,F1_dir,0.5853
1,GLOBAL,XGBoost,SMOTE,10,shap,{},2,test_path,MCC_4cls,0.0836
1,GLOBAL,XGBoost,SMOTE,10,shap,{},3,test,AUC_ovr_4cls,0.5565
1,GLOBAL,XGBoost,SMOTE,10,shap,{},3,test,Acc_dir,0.5562
1,GLOBAL,XGBoost,SMOTE,10,shap,{},3,test,BalAcc_4cls,0.2936
1,GLOBAL,XGBoost,SMOTE,10,shap,{},3,test,Brier_up,0.2629017588500793
1,GLOBAL,XGBoost,SMOTE,10,shap,{},3,test,ECE_up,0.11638100413758663
1,GLOBAL,XGBoost,SMOTE,10,shap,{},3,test,F1_4cls,0.2906
1,GLOBAL,XGBoost,SMOTE,10,shap,{},3,test,F1_DOWN_FORT,0.4575
1,GLOBAL,XGBoost,SMOTE,10,shap,{},3,test,F1_UP_FORT,0.3077
1,GLOBAL,XGBoost,SMOTE,10,shap,{},3,test,F1_dir,0.5558
1,GLOBAL,XGBoost,SMOTE,10,shap,{},3,test,MCC_4cls,0.0572
1,GLOBAL,XGBoost,SMOTE,10,shap,{},3,test_path,Acc_dir,0.5649
1,GLOBAL,XGBoost,SMOTE,10,shap,{},3,test_path,BalAcc_4cls,0.2728
1,GLOBAL,XGBoost,SMOTE,10,shap,{},3,test_path,F1_4cls,0.2717
1,GLOBAL,XGBoost,SMOTE,10,shap,{},3,test_path,F1_DOWN_FORT,0.4351
1,GLOBAL,XGBoost,SMOTE,10,shap,{},3,test_path,F1_UP_FORT,0.3979
1,GLOBAL,XGBoost,SMOTE,10,shap,{},3,test_path,F1_dir,0.5647
1,GLOBAL,XGBoost,SMOTE,10,shap,{},3,test_path,MCC_4cls,0.0324
1,GLOBAL,XGBoost,SMOTE,10,shap,{},4,test,AUC_ovr_4cls,0.5953
1,GLOBAL,XGBoost,SMOTE,10,shap,{},4,test,Acc_dir,0.6024
1,GLOBAL,XGBoost,SMOTE,10,shap,{},4,test,BalAcc_4cls,0.3308
1,GLOBAL,XGBoost,SMOTE,10,shap,{},4,test,Brier_up,0.24247756348850347
1,GLOBAL,XGBoost,SMOTE,10,shap,{},4,test,ECE_up,0.0749327109995338
1,GLOBAL,XGBoost,SMOTE,10,shap,{},4,test,F1_4cls,0.3299
1,GLOBAL,XGBoost,SMOTE,10,shap,{},4,test,F1_DOWN_FORT,0.4528
1,GLOBAL,XGBoost,SMOTE,10,shap,{},4,test,F1_UP_FORT,0.462
1,GLOBAL,XGBoost,SMOTE,10,shap,{},4,test,F1_dir,0.6004
1,GLOBAL,XGBoost,SMOTE,10,shap,{},4,test,MCC_4cls,0.1085
1,GLOBAL,XGBoost,SMOTE,10,shap,{},5,test,AUC_ovr_4cls,0.6091
1,GLOBAL,XGBoost,SMOTE,10,shap,{},5,test,Acc_dir,0.5986
1,GLOBAL,XGBoost,SMOTE,10,shap,{},5,test,BalAcc_4cls,0.3082
1,GLOBAL,XGBoost,SMOTE,10,shap,{},5,test,Brier_up,0.22429908353381964
1,GLOBAL,XGBoost,SMOTE,10,shap,{},5,test,ECE_up,0.06748718282930097
1,GLOBAL,XGBoost,SMOTE,10,shap,{},5,test,F1_4cls,0.3028
1,GLOBAL,XGBoost,SMOTE,10,shap,{},5,test,F1_DOWN_FORT,0.483
1,GLOBAL,XGBoost,SMOTE,10,shap,{},5,test,F1_UP_FORT,0.4152
1,GLOBAL,XGBoost,SMOTE,10,shap,{},5,test,F1_dir,0.5986
1,GLOBAL,XGBoost,SMOTE,10,shap,{},5,test,MCC_4cls,0.0832
1,GLOBAL,XGBoost,SMOTE,10,shap,{},6,test,AUC_ovr_4cls,0.5446
1,GLOBAL,XGBoost,SMOTE,10,shap,{},6,test,Acc_dir,0.5789
1,GLOBAL,XGBoost,SMOTE,10,shap,{},6,test,BalAcc_4cls,0.2781
1,GLOBAL,XGBoost,SMOTE,10,shap,{},6,test,Brier_up,0.24464895167827116
1,GLOBAL,XGBoost,SMOTE,10,shap,{},6,test,ECE_up,0.07909728189999304
1,GLOBAL,XGBoost,SMOTE,10,shap,{},6,test,F1_4cls,0.278
1,GLOBAL,XGBoost,SMOTE,10,shap,{},6,test,F1_DOWN_FORT,0.4356
1,GLOBAL,XGBoost,SMOTE,10,shap,{},6,test,F1_UP_FORT,0.3404
1,GLOBAL,XGBoost,SMOTE,10,shap,{},6,test,F1_dir,0.575
1,GLOBAL,XGBoost,SMOTE,10,shap,{},6,test,MCC_4cls,0.0382
1,GLOBAL,XGBoost,SMOTE,10,shap,{},7,test,AUC_ovr_4cls,0.6003
1,GLOBAL,XGBoost,SMOTE,10,shap,{},7,test,Acc_dir,0.6163
1,GLOBAL,XGBoost,SMOTE,10,shap,{},7,test,BalAcc_4cls,0.3403
1,GLOBAL,XGBoost,SMOTE,10,shap,{},7,test,Brier_up,0.23370412836084298
1,GLOBAL,XGBoost,SMOTE,10,shap,{},7,test,ECE_up,0.07644199765471613
1,GLOBAL,XGBoost,SMOTE,10,shap,{},7,test,F1_4cls,0.3397
1,GLOBAL,XGBoost,SMOTE,10,shap,{},7,test,F1_DOWN_FORT,0.5134
1,GLOBAL,XGBoost,SMOTE,10,shap,{},7,test,F1_UP_FORT,0.4272
1,GLOBAL,XGBoost,SMOTE,10,shap,{},7,test,F1_dir,0.6161
1,GLOBAL,XGBoost,SMOTE,10,shap,{},7,test,MCC_4cls,0.1225
1,GLOBAL,XGBoost,SMOTE,10,shap,{},8,test,AUC_ovr_4cls,0.5822
1,GLOBAL,XGBoost,SMOTE,10,shap,{},8,test,Acc_dir,0.5843
1,GLOBAL,XGBoost,SMOTE,10,shap,{},8,test,BalAcc_4cls,0.3089
1,GLOBAL,XGBoost,SMOTE,10,shap,{},8,test,Brier_up,0.2554475586678058
1,GLOBAL,XGBoost,SMOTE,10,shap,{},8,test,ECE_up,0.10348244714607231
1,GLOBAL,XGBoost,SMOTE,10,shap,{},8,test,F1_4cls,0.3039
1,GLOBAL,XGBoost,SMOTE,10,shap,{},8,test,F1_DOWN_FORT,0.4777
1,GLOBAL,XGBoost,SMOTE,10,shap,{},8,test,F1_UP_FORT,0.4437
1,GLOBAL,XGBoost,SMOTE,10,shap,{},8,test,F1_dir,0.5815
1,GLOBAL,XGBoost,SMOTE,10,shap,{},8,test,MCC_4cls,0.0804
1,GLOBAL,XGBoost,SMOTE,10,shap,{},9,test,AUC_ovr_4cls,0.568
1,GLOBAL,XGBoost,SMOTE,10,shap,{},9,test,Acc_dir,0.5531
1,GLOBAL,XGBoost,SMOTE,10,shap,{},9,test,BalAcc_4cls,0.2783
1,GLOBAL,XGBoost,SMOTE,10,shap,{},9,test,Brier_up,0.24183365095003848
1,GLOBAL,XGBoost,SMOTE,10,shap,{},9,test,ECE_up,0.06183795271698257
1,GLOBAL,XGBoost,SMOTE,10,shap,{},9,test,F1_4cls,0.2803
1,GLOBAL,XGBoost,SMOTE,10,shap,{},9,test,F1_DOWN_FORT,0.4329
1,GLOBAL,XGBoost,SMOTE,10,shap,{},9,test,F1_UP_FORT,0.4305
1,GLOBAL,XGBoost,SMOTE,10,shap,{},9,test,F1_dir,0.5526
1,GLOBAL,XGBoost,SMOTE,10,shap,{},9,test,MCC_4cls,0.0448
1,GLOBAL,XGBoost,SMOTE,14,shap,{},0,test,AUC_ovr_4cls,0.5676
1,GLOBAL,XGBoost,SMOTE,14,shap,{},0,test,Acc_dir,0.5714
1,GLOBAL,XGBoost,SMOTE,14,shap,{},0,test,BalAcc_4cls,0.2929
1,GLOBAL,XGBoost,SMOTE,14,shap,{},0,test,Brier_up,0.24846521195703983
1,GLOBAL,XGBoost,SMOTE,14,shap,{},0,test,ECE_up,0.09174278920210115
1,GLOBAL,XGBoost,SMOTE,14,shap,{},0,test,F1_4cls,0.2896
1,GLOBAL,XGBoost,SMOTE,14,shap,{},0,test,F1_DOWN_FORT,0.4451
1,GLOBAL,XGBoost,SMOTE,14,shap,{},0,test,F1_UP_FORT,0.3077
1,GLOBAL,XGBoost,SMOTE,14,shap,{},0,test,F1_dir,0.5591
1,GLOBAL,XGBoost,SMOTE,14,shap,{},0,test,MCC_4cls,0.0593
1,GLOBAL,XGBoost,SMOTE,14,shap,{},0,test_path,Acc_dir,0.5866
1,GLOBAL,XGBoost,SMOTE,14,shap,{},0,test_path,BalAcc_4cls,0.3278
1,GLOBAL,XGBoost,SMOTE,14,shap,{},0,test_path,F1_4cls,0.3266
1,GLOBAL,XGBoost,SMOTE,14,shap,{},0,test_path,F1_DOWN_FORT,0.4912
1,GLOBAL,XGBoost,SMOTE,14,shap,{},0,test_path,F1_UP_FORT,0.413
1,GLOBAL,XGBoost,SMOTE,14,shap,{},0,test_path,F1_dir,0.5848
1,GLOBAL,XGBoost,SMOTE,14,shap,{},0,test_path,MCC_4cls,0.106
1,GLOBAL,XGBoost,SMOTE,14,shap,{},1,test,AUC_ovr_4cls,0.5773
1,GLOBAL,XGBoost,SMOTE,14,shap,{},1,test,Acc_dir,0.5764
1,GLOBAL,XGBoost,SMOTE,14,shap,{},1,test,BalAcc_4cls,0.3003
1,GLOBAL,XGBoost,SMOTE,14,shap,{},1,test,Brier_up,0.24811713508318645
1,GLOBAL,XGBoost,SMOTE,14,shap,{},1,test,ECE_up,0.09710090209644627
1,GLOBAL,XGBoost,SMOTE,14,shap,{},1,test,F1_4cls,0.2997
1,GLOBAL,XGBoost,SMOTE,14,shap,{},1,test,F1_DOWN_FORT,0.4092
1,GLOBAL,XGBoost,SMOTE,14,shap,{},1,test,F1_UP_FORT,0.4204
1,GLOBAL,XGBoost,SMOTE,14,shap,{},1,test,F1_dir,0.5761
1,GLOBAL,XGBoost,SMOTE,14,shap,{},1,test,MCC_4cls,0.0687
1,GLOBAL,XGBoost,SMOTE,14,shap,{},1,test_path,Acc_dir,0.5934
1,GLOBAL,XGBoost,SMOTE,14,shap,{},1,test_path,BalAcc_4cls,0.3286
1,GLOBAL,XGBoost,SMOTE,14,shap,{},1,test_path,F1_4cls,0.3273
1,GLOBAL,XGBoost,SMOTE,14,shap,{},1,test_path,F1_DOWN_FORT,0.4697
1,GLOBAL,XGBoost,SMOTE,14,shap,{},1,test_path,F1_UP_FORT,0.4456
1,GLOBAL,XGBoost,SMOTE,14,shap,{},1,test_path,F1_dir,0.5934
1,GLOBAL,XGBoost,SMOTE,14,shap,{},1,test_path,MCC_4cls,0.1071
1,GLOBAL,XGBoost,SMOTE,14,shap,{},2,test,AUC_ovr_4cls,0.6142
1,GLOBAL,XGBoost,SMOTE,14,shap,{},2,test,Acc_dir,0.5965
1,GLOBAL,XGBoost,SMOTE,14,shap,{},2,test,BalAcc_4cls,0.3555
1,GLOBAL,XGBoost,SMOTE,14,shap,{},2,test,Brier_up,0.23742620580583218
1,GLOBAL,XGBoost,SMOTE,14,shap,{},2,test,ECE_up,0.08971464380991404
1,GLOBAL,XGBoost,SMOTE,14,shap,{},2,test,F1_4cls,0.355
1,GLOBAL,XGBoost,SMOTE,14,shap,{},2,test,F1_DOWN_FORT,0.517
1,GLOBAL,XGBoost,SMOTE,14,shap,{},2,test,F1_UP_FORT,0.4968
1,GLOBAL,XGBoost,SMOTE,14,shap,{},2,test,F1_dir,0.5945
1,GLOBAL,XGBoost,SMOTE,14,shap,{},2,test,MCC_4cls,0.1441
1,GLOBAL,XGBoost,SMOTE,14,shap,{},2,test_path,Acc_dir,0.5823
1,GLOBAL,XGBoost,SMOTE,14,shap,{},2,test_path,BalAcc_4cls,0.3126
1,GLOBAL,XGBoost,SMOTE,14,shap,{},2,test_path,F1_4cls,0.3092
1,GLOBAL,XGBoost,SMOTE,14,shap,{},2,test_path,F1_DOWN_FORT,0.4776
1,GLOBAL,XGBoost,SMOTE,14,shap,{},2,test_path,F1_UP_FORT,0.3912
1,GLOBAL,XGBoost,SMOTE,14,shap,{},2,test_path,F1_dir,0.5823
1,GLOBAL,XGBoost,SMOTE,14,shap,{},2,test_path,MCC_4cls,0.0857
1,GLOBAL,XGBoost,SMOTE,14,shap,{},3,test,AUC_ovr_4cls,0.555
1,GLOBAL,XGBoost,SMOTE,14,shap,{},3,test,Acc_dir,0.5507
1,GLOBAL,XGBoost,SMOTE,14,shap,{},3,test,BalAcc_4cls,0.2907
1,GLOBAL,XGBoost,SMOTE,14,shap,{},3,test,Brier_up,0.2593940170528133
1,GLOBAL,XGBoost,SMOTE,14,shap,{},3,test,ECE_up,0.11035449889501278
1,GLOBAL,XGBoost,SMOTE,14,shap,{},3,test,F1_4cls,0.2871
1,GLOBAL,XGBoost,SMOTE,14,shap,{},3,test,F1_DOWN_FORT,0.4437
1,GLOBAL,XGBoost,SMOTE,14,shap,{},3,test,F1_UP_FORT,0.3746
1,GLOBAL,XGBoost,SMOTE,14,shap,{},3,test,F1_dir,0.5506
1,GLOBAL,XGBoost,SMOTE,14,shap,{},3,test,MCC_4cls,0.0543
1,GLOBAL,XGBoost,SMOTE,14,shap,{},3,test_path,Acc_dir,0.5785
1,GLOBAL,XGBoost,SMOTE,14,shap,{},3,test_path,BalAcc_4cls,0.2941
1,GLOBAL,XGBoost,SMOTE,14,shap,{},3,test_path,F1_4cls,0.2907
1,GLOBAL,XGBoost,SMOTE,14,shap,{},3,test_path,F1_DOWN_FORT,0.4827
1,GLOBAL,XGBoost,SMOTE,14,shap,{},3,test_path,F1_UP_FORT,0.443
1,GLOBAL,XGBoost,SMOTE,14,shap,{},3,test_path,F1_dir,0.5784
1,GLOBAL,XGBoost,SMOTE,14,shap,{},3,test_path,MCC_4cls,0.0629
1,GLOBAL,XGBoost,SMOTE,14,shap,{},4,test,AUC_ovr_4cls,0.6005
1,GLOBAL,XGBoost,SMOTE,14,shap,{},4,test,Acc_dir,0.5971
1,GLOBAL,XGBoost,SMOTE,14,shap,{},4,test,BalAcc_4cls,0.3364
1,GLOBAL,XGBoost,SMOTE,14,shap,{},4,test,Brier_up,0.23728581458045617
1,GLOBAL,XGBoost,SMOTE,14,shap,{},4,test,ECE_up,0.07166286710491204
1,GLOBAL,XGBoost,SMOTE,14,shap,{},4,test,F1_4cls,0.3354
1,GLOBAL,XGBoost,SMOTE,14,shap,{},4,test,F1_DOWN_FORT,0.4907
1,GLOBAL,XGBoost,SMOTE,14,shap,{},4,test,F1_UP_FORT,0.4747
1,GLOBAL,XGBoost,SMOTE,14,shap,{},4,test,F1_dir,0.5967
1,GLOBAL,XGBoost,SMOTE,14,shap,{},4,test,MCC_4cls,0.1152
1,GLOBAL,XGBoost,SMOTE,14,shap,{},5,test,AUC_ovr_4cls,0.6039
1,GLOBAL,XGBoost,SMOTE,14,shap,{},5,test,Acc_dir,0.6054
1,GLOBAL,XGBoost,SMOTE,14,shap,{},5,test,BalAcc_4cls,0.328
1,GLOBAL,XGBoost,SMOTE,14,shap,{},5,test,Brier_up,0.2349659816224121
1,GLOBAL,XGBoost,SMOTE,14,shap,{},5,test,ECE_up,0.0949419722087732
1,GLOBAL,XGBoost,SMOTE,14,shap,{},5,test,F1_4cls,0.3115
1,GLOBAL,XGBoost,SMOTE,14,shap,{},5,test,F1_DOWN_FORT,0.5312
1,GLOBAL,XGBoost,SMOTE,14,shap,{},5,test,F1_UP_FORT,0.4348
1,GLOBAL,XGBoost,SMOTE,14,shap,{},5,test,F1_dir,0.6049
1,GLOBAL,XGBoost,SMOTE,14,shap,{},5,test,MCC_4cls,0.1121
1,GLOBAL,XGBoost,SMOTE,14,shap,{},6,test,AUC_ovr_4cls,0.5616
1,GLOBAL,XGBoost,SMOTE,14,shap,{},6,test,Acc_dir,0.5816
1,GLOBAL,XGBoost,SMOTE,14,shap,{},6,test,BalAcc_4cls,0.2927
1,GLOBAL,XGBoost,SMOTE,14,shap,{},6,test,Brier_up,0.24398290108385012
1,GLOBAL,XGBoost,SMOTE,14,shap,{},6,test,ECE_up,0.07692282739387946
1,GLOBAL,XGBoost,SMOTE,14,shap,{},6,test,F1_4cls,0.2923
1,GLOBAL,XGBoost,SMOTE,14,shap,{},6,test,F1_DOWN_FORT,0.3973
1,GLOBAL,XGBoost,SMOTE,14,shap,{},6,test,F1_UP_FORT,0.3491
1,GLOBAL,XGBoost,SMOTE,14,shap,{},6,test,F1_dir,0.5816
1,GLOBAL,XGBoost,SMOTE,14,shap,{},6,test,MCC_4cls,0.0588
1,GLOBAL,XGBoost,SMOTE,14,shap,{},7,test,AUC_ovr_4cls,0.5903
1,GLOBAL,XGBoost,SMOTE,14,shap,{},7,test,Acc_dir,0.6096
1,GLOBAL,XGBoost,SMOTE,14,shap,{},7,test,BalAcc_4cls,0.3237
1,GLOBAL,XGBoost,SMOTE,14,shap,{},7,test,Brier_up,0.23587807704618313
1,GLOBAL,XGBoost,SMOTE,14,shap,{},7,test,ECE_up,0.0636346618804264
1,GLOBAL,XGBoost,SMOTE,14,shap,{},7,test,F1_4cls,0.3213
1,GLOBAL,XGBoost,SMOTE,14,shap,{},7,test,F1_DOWN_FORT,0.5444
1,GLOBAL,XGBoost,SMOTE,14,shap,{},7,test,F1_UP_FORT,0.4013
1,GLOBAL,XGBoost,SMOTE,14,shap,{},7,test,F1_dir,0.6095
1,GLOBAL,XGBoost,SMOTE,14,shap,{},7,test,MCC_4cls,0.1035
1,GLOBAL,XGBoost,SMOTE,14,shap,{},8,test,AUC_ovr_4cls,0.5886
1,GLOBAL,XGBoost,SMOTE,14,shap,{},8,test,Acc_dir,0.5803
1,GLOBAL,XGBoost,SMOTE,14,shap,{},8,test,BalAcc_4cls,0.3198
1,GLOBAL,XGBoost,SMOTE,14,shap,{},8,test,Brier_up,0.254330321493148
1,GLOBAL,XGBoost,SMOTE,14,shap,{},8,test,ECE_up,0.10639848773632894
1,GLOBAL,XGBoost,SMOTE,14,shap,{},8,test,F1_4cls,0.3157
1,GLOBAL,XGBoost,SMOTE,14,shap,{},8,test,F1_DOWN_FORT,0.4937
1,GLOBAL,XGBoost,SMOTE,14,shap,{},8,test,F1_UP_FORT,0.4644
1,GLOBAL,XGBoost,SMOTE,14,shap,{},8,test,F1_dir,0.5788
1,GLOBAL,XGBoost,SMOTE,14,shap,{},8,test,MCC_4cls,0.0953
1,GLOBAL,XGBoost,SMOTE,14,shap,{},9,test,AUC_ovr_4cls,0.5781
1,GLOBAL,XGBoost,SMOTE,14,shap,{},9,test,Acc_dir,0.5821
1,GLOBAL,XGBoost,SMOTE,14,shap,{},9,test,BalAcc_4cls,0.3075
1,GLOBAL,XGBoost,SMOTE,14,shap,{},9,test,Brier_up,0.2385430699985855
1,GLOBAL,XGBoost,SMOTE,14,shap,{},9,test,ECE_up,0.0754973624094293
1,GLOBAL,XGBoost,SMOTE,14,shap,{},9,test,F1_4cls,0.305
1,GLOBAL,XGBoost,SMOTE,14,shap,{},9,test,F1_DOWN_FORT,0.5057
1,GLOBAL,XGBoost,SMOTE,14,shap,{},9,test,F1_UP_FORT,0.4795
1,GLOBAL,XGBoost,SMOTE,14,shap,{},9,test,F1_dir,0.5819
1,GLOBAL,XGBoost,SMOTE,14,shap,{},9,test,MCC_4cls,0.0854
5,GLOBAL,CatBoost,SMOTE,6,shap,{},0,test,AUC_ovr_4cls,0.5237
5,GLOBAL,CatBoost,SMOTE,6,shap,{},0,test,Acc_dir,0.5282
5,GLOBAL,CatBoost,SMOTE,6,shap,{},0,test,BalAcc_4cls,0.2731
5,GLOBAL,CatBoost,SMOTE,6,shap,{},0,test,Brier_up,0.2829346531606947
5,GLOBAL,CatBoost,SMOTE,6,shap,{},0,test,ECE_up,0.19334045094902524
5,GLOBAL,CatBoost,SMOTE,6,shap,{},0,test,F1_4cls,0.2636
5,GLOBAL,CatBoost,SMOTE,6,shap,{},0,test,F1_DOWN_FORT,0.4276
5,GLOBAL,CatBoost,SMOTE,6,shap,{},0,test,F1_UP_FORT,0.4525
5,GLOBAL,CatBoost,SMOTE,6,shap,{},0,test,F1_dir,0.5245
5,GLOBAL,CatBoost,SMOTE,6,shap,{},0,test,MCC_4cls,0.0302
5,GLOBAL,CatBoost,SMOTE,6,shap,{},0,test_path,Acc_dir,0.5178
5,GLOBAL,CatBoost,SMOTE,6,shap,{},0,test_path,BalAcc_4cls,0.256
5,GLOBAL,CatBoost,SMOTE,6,shap,{},0,test_path,F1_4cls,0.2515
5,GLOBAL,CatBoost,SMOTE,6,shap,{},0,test_path,F1_DOWN_FORT,0.4172
5,GLOBAL,CatBoost,SMOTE,6,shap,{},0,test_path,F1_UP_FORT,0.4453
5,GLOBAL,CatBoost,SMOTE,6,shap,{},0,test_path,F1_dir,0.5168
5,GLOBAL,CatBoost,SMOTE,6,shap,{},0,test_path,MCC_4cls,0.0097
5,GLOBAL,CatBoost,SMOTE,6,shap,{},1,test,AUC_ovr_4cls,0.5138
5,GLOBAL,CatBoost,SMOTE,6,shap,{},1,test,Acc_dir,0.5121
5,GLOBAL,CatBoost,SMOTE,6,shap,{},1,test,BalAcc_4cls,0.2532
5,GLOBAL,CatBoost,SMOTE,6,shap,{},1,test,Brier_up,0.276364153944659
5,GLOBAL,CatBoost,SMOTE,6,shap,{},1,test,ECE_up,0.155980551967642
5,GLOBAL,CatBoost,SMOTE,6,shap,{},1,test,F1_4cls,0.24
5,GLOBAL,CatBoost,SMOTE,6,shap,{},1,test,F1_DOWN_FORT,0.3571
5,GLOBAL,CatBoost,SMOTE,6,shap,{},1,test,F1_UP_FORT,0.5231
5,GLOBAL,CatBoost,SMOTE,6,shap,{},1,test,F1_dir,0.5109
5,GLOBAL,CatBoost,SMOTE,6,shap,{},1,test,MCC_4cls,0.007
5,GLOBAL,CatBoost,SMOTE,6,shap,{},1,test_path,Acc_dir,0.4847
5,GLOBAL,CatBoost,SMOTE,6,shap,{},1,test_path,BalAcc_4cls,0.2477
5,GLOBAL,CatBoost,SMOTE,6,shap,{},1,test_path,F1_4cls,0.2437
5,GLOBAL,CatBoost,SMOTE,6,shap,{},1,test_path,F1_DOWN_FORT,0.3004
5,GLOBAL,CatBoost,SMOTE,6,shap,{},1,test_path,F1_UP_FORT,0.4671
5,GLOBAL,CatBoost,SMOTE,6,shap,{},1,test_path,F1_dir,0.4839
5,GLOBAL,CatBoost,SMOTE,6,shap,{},1,test_path,MCC_4cls,-0.0031
5,GLOBAL,CatBoost,SMOTE,6,shap,{},2,test,AUC_ovr_4cls,0.482
5,GLOBAL,CatBoost,SMOTE,6,shap,{},2,test,Acc_dir,0.4567
5,GLOBAL,CatBoost,SMOTE,6,shap,{},2,test,BalAcc_4cls,0.2362
5,GLOBAL,CatBoost,SMOTE,6,shap,{},2,test,Brier_up,0.31277657554462635
5,GLOBAL,CatBoost,SMOTE,6,shap,{},2,test,ECE_up,0.230991292879478
5,GLOBAL,CatBoost,SMOTE,6,shap,{},2,test,F1_4cls,0.2251
5,GLOBAL,CatBoost,SMOTE,6,shap,{},2,test,F1_DOWN_FORT,0.3032
5,GLOBAL,CatBoost,SMOTE,6,shap,{},2,test,F1_UP_FORT,0.5146
5,GLOBAL,CatBoost,SMOTE,6,shap,{},2,test,F1_dir,0.4548
5,GLOBAL,CatBoost,SMOTE,6,shap,{},2,test,MCC_4cls,-0.0114
5,GLOBAL,CatBoost,SMOTE,6,shap,{},2,test_path,Acc_dir,0.5184
5,GLOBAL,CatBoost,SMOTE,6,shap,{},2,test_path,BalAcc_4cls,0.2611
5,GLOBAL,CatBoost,SMOTE,6,shap,{},2,test_path,F1_4cls,0.2576
5,GLOBAL,CatBoost,SMOTE,6,shap,{},2,test_path,F1_DOWN_FORT,0.3618
5,GLOBAL,CatBoost,SMOTE,6,shap,{},2,test_path,F1_UP_FORT,0.4453
5,GLOBAL,CatBoost,SMOTE,6,shap,{},2,test_path,F1_dir,0.5177
5,GLOBAL,CatBoost,SMOTE,6,shap,{},2,test_path,MCC_4cls,0.0154
5,GLOBAL,CatBoost,SMOTE,6,shap,{},3,test,AUC_ovr_4cls,0.4962
5,GLOBAL,CatBoost,SMOTE,6,shap,{},3,test,Acc_dir,0.5144
5,GLOBAL,CatBoost,SMOTE,6,shap,{},3,test,BalAcc_4cls,0.2588
5,GLOBAL,CatBoost,SMOTE,6,shap,{},3,test,Brier_up,0.27567097201144
5,GLOBAL,CatBoost,SMOTE,6,shap,{},3,test,ECE_up,0.14508526971571334
5,GLOBAL,CatBoost,SMOTE,6,shap,{},3,test,F1_4cls,0.2571
5,GLOBAL,CatBoost,SMOTE,6,shap,{},3,test,F1_DOWN_FORT,0.4231
5,GLOBAL,CatBoost,SMOTE,6,shap,{},3,test,F1_UP_FORT,0.3681
5,GLOBAL,CatBoost,SMOTE,6,shap,{},3,test,F1_dir,0.4976
5,GLOBAL,CatBoost,SMOTE,6,shap,{},3,test,MCC_4cls,0.0099
5,GLOBAL,CatBoost,SMOTE,6,shap,{},3,test_path,Acc_dir,0.4928
5,GLOBAL,CatBoost,SMOTE,6,shap,{},3,test_path,BalAcc_4cls,0.2602
5,GLOBAL,CatBoost,SMOTE,6,shap,{},3,test_path,F1_4cls,0.2591
5,GLOBAL,CatBoost,SMOTE,6,shap,{},3,test_path,F1_DOWN_FORT,0.3766
5,GLOBAL,CatBoost,SMOTE,6,shap,{},3,test_path,F1_UP_FORT,0.3723
5,GLOBAL,CatBoost,SMOTE,6,shap,{},3,test_path,F1_dir,0.4921
5,GLOBAL,CatBoost,SMOTE,6,shap,{},3,test_path,MCC_4cls,0.0099
5,GLOBAL,CatBoost,SMOTE,6,shap,{},4,test,AUC_ovr_4cls,0.4935
5,GLOBAL,CatBoost,SMOTE,6,shap,{},4,test,Acc_dir,0.5046
5,GLOBAL,CatBoost,SMOTE,6,shap,{},4,test,BalAcc_4cls,0.2606
5,GLOBAL,CatBoost,SMOTE,6,shap,{},4,test,Brier_up,0.2847146703131004
5,GLOBAL,CatBoost,SMOTE,6,shap,{},4,test,ECE_up,0.1540204661000707
5,GLOBAL,CatBoost,SMOTE,6,shap,{},4,test,F1_4cls,0.2578
5,GLOBAL,CatBoost,SMOTE,6,shap,{},4,test,F1_DOWN_FORT,0.3195
5,GLOBAL,CatBoost,SMOTE,6,shap,{},4,test,F1_UP_FORT,0.4296
5,GLOBAL,CatBoost,SMOTE,6,shap,{},4,test,F1_dir,0.5046
5,GLOBAL,CatBoost,SMOTE,6,shap,{},4,test,MCC_4cls,0.0132
5,GLOBAL,CatBoost,SMOTE,6,shap,{},5,test,AUC_ovr_4cls,0.5253
5,GLOBAL,CatBoost,SMOTE,6,shap,{},5,test,Acc_dir,0.5034
5,GLOBAL,CatBoost,SMOTE,6,shap,{},5,test,BalAcc_4cls,0.2651
5,GLOBAL,CatBoost,SMOTE,6,shap,{},5,test,Brier_up,0.27350874980430046
5,GLOBAL,CatBoost,SMOTE,6,shap,{},5,test,ECE_up,0.1479037011618761
5,GLOBAL,CatBoost,SMOTE,6,shap,{},5,test,F1_4cls,0.2509
5,GLOBAL,CatBoost,SMOTE,6,shap,{},5,test,F1_DOWN_FORT,0.3056
5,GLOBAL,CatBoost,SMOTE,6,shap,{},5,test,F1_UP_FORT,0.4928
5,GLOBAL,CatBoost,SMOTE,6,shap,{},5,test,F1_dir,0.4957
5,GLOBAL,CatBoost,SMOTE,6,shap,{},5,test,MCC_4cls,0.0193
5,GLOBAL,CatBoost,SMOTE,6,shap,{},6,test,AUC_ovr_4cls,0.4581
5,GLOBAL,CatBoost,SMOTE,6,shap,{},6,test,Acc_dir,0.4474
5,GLOBAL,CatBoost,SMOTE,6,shap,{},6,test,BalAcc_4cls,0.2164
5,GLOBAL,CatBoost,SMOTE,6,shap,{},6,test,Brier_up,0.29645010842060354
5,GLOBAL,CatBoost,SMOTE,6,shap,{},6,test,ECE_up,0.19123492204872966
5,GLOBAL,CatBoost,SMOTE,6,shap,{},6,test,F1_4cls,0.2122
5,GLOBAL,CatBoost,SMOTE,6,shap,{},6,test,F1_DOWN_FORT,0.3213
5,GLOBAL,CatBoost,SMOTE,6,shap,{},6,test,F1_UP_FORT,0.2098
5,GLOBAL,CatBoost,SMOTE,6,shap,{},6,test,F1_dir,0.4448
5,GLOBAL,CatBoost,SMOTE,6,shap,{},6,test,MCC_4cls,-0.0472
5,GLOBAL,CatBoost,SMOTE,6,shap,{},7,test,AUC_ovr_4cls,0.5202
5,GLOBAL,CatBoost,SMOTE,6,shap,{},7,test,Acc_dir,0.5236
5,GLOBAL,CatBoost,SMOTE,6,shap,{},7,test,BalAcc_4cls,0.2661
5,GLOBAL,CatBoost,SMOTE,6,shap,{},7,test,Brier_up,0.2747445067721622
5,GLOBAL,CatBoost,SMOTE,6,shap,{},7,test,ECE_up,0.136135711571567
5,GLOBAL,CatBoost,SMOTE,6,shap,{},7,test,F1_4cls,0.2634
5,GLOBAL,CatBoost,SMOTE,6,shap,{},7,test,F1_DOWN_FORT,0.3988
5,GLOBAL,CatBoost,SMOTE,6,shap,{},7,test,F1_UP_FORT,0.4773
5,GLOBAL,CatBoost,SMOTE,6,shap,{},7,test,F1_dir,0.5229
5,GLOBAL,CatBoost,SMOTE,6,shap,{},7,test,MCC_4cls,0.0221
5,GLOBAL,CatBoost,SMOTE,6,shap,{},8,test,AUC_ovr_4cls,0.5203
5,GLOBAL,CatBoost,SMOTE,6,shap,{},8,test,Acc_dir,0.5527
5,GLOBAL,CatBoost,SMOTE,6,shap,{},8,test,BalAcc_4cls,0.2765
5,GLOBAL,CatBoost,SMOTE,6,shap,{},8,test,Brier_up,0.25901545623130157
5,GLOBAL,CatBoost,SMOTE,6,shap,{},8,test,ECE_up,0.09820994449867046
5,GLOBAL,CatBoost,SMOTE,6,shap,{},8,test,F1_4cls,0.2704
5,GLOBAL,CatBoost,SMOTE,6,shap,{},8,test,F1_DOWN_FORT,0.4548
5,GLOBAL,CatBoost,SMOTE,6,shap,{},8,test,F1_UP_FORT,0.3051
5,GLOBAL,CatBoost,SMOTE,6,shap,{},8,test,F1_dir,0.5519
5,GLOBAL,CatBoost,SMOTE,6,shap,{},8,test,MCC_4cls,0.0353
5,GLOBAL,CatBoost,SMOTE,6,shap,{},9,test,AUC_ovr_4cls,0.493
5,GLOBAL,CatBoost,SMOTE,6,shap,{},9,test,Acc_dir,0.4929
5,GLOBAL,CatBoost,SMOTE,6,shap,{},9,test,BalAcc_4cls,0.2613
5,GLOBAL,CatBoost,SMOTE,6,shap,{},9,test,Brier_up,0.27971614834763014
5,GLOBAL,CatBoost,SMOTE,6,shap,{},9,test,ECE_up,0.12547035850420973
5,GLOBAL,CatBoost,SMOTE,6,shap,{},9,test,F1_4cls,0.2532
5,GLOBAL,CatBoost,SMOTE,6,shap,{},9,test,F1_DOWN_FORT,0.3223
5,GLOBAL,CatBoost,SMOTE,6,shap,{},9,test,F1_UP_FORT,0.4746
5,GLOBAL,CatBoost,SMOTE,6,shap,{},9,test,F1_dir,0.4878
5,GLOBAL,CatBoost,SMOTE,6,shap,{},9,test,MCC_4cls,0.0101
5,GLOBAL,CatBoost,SMOTE,10,shap,{},0,test,AUC_ovr_4cls,0.5318
5,GLOBAL,CatBoost,SMOTE,10,shap,{},0,test,Acc_dir,0.5372
5,GLOBAL,CatBoost,SMOTE,10,shap,{},0,test,BalAcc_4cls,0.2889
5,GLOBAL,CatBoost,SMOTE,10,shap,{},0,test,Brier_up,0.28294978707933877
5,GLOBAL,CatBoost,SMOTE,10,shap,{},0,test,ECE_up,0.18185957132820182
5,GLOBAL,CatBoost,SMOTE,10,shap,{},0,test,F1_4cls,0.2799
5,GLOBAL,CatBoost,SMOTE,10,shap,{},0,test,F1_DOWN_FORT,0.459
5,GLOBAL,CatBoost,SMOTE,10,shap,{},0,test,F1_UP_FORT,0.4438
5,GLOBAL,CatBoost,SMOTE,10,shap,{},0,test,F1_dir,0.5348
5,GLOBAL,CatBoost,SMOTE,10,shap,{},0,test,MCC_4cls,0.0554
5,GLOBAL,CatBoost,SMOTE,10,shap,{},0,test_path,Acc_dir,0.533
5,GLOBAL,CatBoost,SMOTE,10,shap,{},0,test_path,BalAcc_4cls,0.2647
5,GLOBAL,CatBoost,SMOTE,10,shap,{},0,test_path,F1_4cls,0.2588
5,GLOBAL,CatBoost,SMOTE,10,shap,{},0,test_path,F1_DOWN_FORT,0.4386
5,GLOBAL,CatBoost,SMOTE,10,shap,{},0,test_path,F1_UP_FORT,0.4444
5,GLOBAL,CatBoost,SMOTE,10,shap,{},0,test_path,F1_dir,0.5314
5,GLOBAL,CatBoost,SMOTE,10,shap,{},0,test_path,MCC_4cls,0.0208
5,GLOBAL,CatBoost,SMOTE,10,shap,{},1,test,AUC_ovr_4cls,0.5214
5,GLOBAL,CatBoost,SMOTE,10,shap,{},1,test,Acc_dir,0.5224
5,GLOBAL,CatBoost,SMOTE,10,shap,{},1,test,BalAcc_4cls,0.2747
5,GLOBAL,CatBoost,SMOTE,10,shap,{},1,test,Brier_up,0.27575108028558554
5,GLOBAL,CatBoost,SMOTE,10,shap,{},1,test,ECE_up,0.1386508967447073
5,GLOBAL,CatBoost,SMOTE,10,shap,{},1,test,F1_4cls,0.2692
5,GLOBAL,CatBoost,SMOTE,10,shap,{},1,test,F1_DOWN_FORT,0.3953
5,GLOBAL,CatBoost,SMOTE,10,shap,{},1,test,F1_UP_FORT,0.4828
5,GLOBAL,CatBoost,SMOTE,10,shap,{},1,test,F1_dir,0.5219
5,GLOBAL,CatBoost,SMOTE,10,shap,{},1,test,MCC_4cls,0.031
5,GLOBAL,CatBoost,SMOTE,10,shap,{},1,test_path,Acc_dir,0.5045
5,GLOBAL,CatBoost,SMOTE,10,shap,{},1,test_path,BalAcc_4cls,0.2561
5,GLOBAL,CatBoost,SMOTE,10,shap,{},1,test_path,F1_4cls,0.2541
5,GLOBAL,CatBoost,SMOTE,10,shap,{},1,test_path,F1_DOWN_FORT,0.3179
5,GLOBAL,CatBoost,SMOTE,10,shap,{},1,test_path,F1_UP_FORT,0.4462
5,GLOBAL,CatBoost,SMOTE,10,shap,{},1,test_path,F1_dir,0.5043
5,GLOBAL,CatBoost,SMOTE,10,shap,{},1,test_path,MCC_4cls,0.0112
5,GLOBAL,CatBoost,SMOTE,10,shap,{},2,test,AUC_ovr_4cls,0.5052
5,GLOBAL,CatBoost,SMOTE,10,shap,{},2,test,Acc_dir,0.5133
5,GLOBAL,CatBoost,SMOTE,10,shap,{},2,test,BalAcc_4cls,0.2689
5,GLOBAL,CatBoost,SMOTE,10,shap,{},2,test,Brier_up,0.2981908007017844
5,GLOBAL,CatBoost,SMOTE,10,shap,{},2,test,ECE_up,0.20777799256583956
5,GLOBAL,CatBoost,SMOTE,10,shap,{},2,test,F1_4cls,0.2605
5,GLOBAL,CatBoost,SMOTE,10,shap,{},2,test,F1_DOWN_FORT,0.3646
5,GLOBAL,CatBoost,SMOTE,10,shap,{},2,test,F1_UP_FORT,0.518
5,GLOBAL,CatBoost,SMOTE,10,shap,{},2,test,F1_dir,0.5133
5,GLOBAL,CatBoost,SMOTE,10,shap,{},2,test,MCC_4cls,0.031
5,GLOBAL,CatBoost,SMOTE,10,shap,{},2,test_path,Acc_dir,0.5548
5,GLOBAL,CatBoost,SMOTE,10,shap,{},2,test_path,BalAcc_4cls,0.2677
5,GLOBAL,CatBoost,SMOTE,10,shap,{},2,test_path,F1_4cls,0.2673
5,GLOBAL,CatBoost,SMOTE,10,shap,{},2,test_path,F1_DOWN_FORT,0.4134
5,GLOBAL,CatBoost,SMOTE,10,shap,{},2,test_path,F1_UP_FORT,0.3803
5,GLOBAL,CatBoost,SMOTE,10,shap,{},2,test_path,F1_dir,0.5546
5,GLOBAL,CatBoost,SMOTE,10,shap,{},2,test_path,MCC_4cls,0.0257
5,GLOBAL,CatBoost,SMOTE,10,shap,{},3,test,AUC_ovr_4cls,0.5172
5,GLOBAL,CatBoost,SMOTE,10,shap,{},3,test,Acc_dir,0.5167
5,GLOBAL,CatBoost,SMOTE,10,shap,{},3,test,BalAcc_4cls,0.2691
5,GLOBAL,CatBoost,SMOTE,10,shap,{},3,test,Brier_up,0.2718370913962328
5,GLOBAL,CatBoost,SMOTE,10,shap,{},3,test,ECE_up,0.14534974907292297
5,GLOBAL,CatBoost,SMOTE,10,shap,{},3,test,F1_4cls,0.258
5,GLOBAL,CatBoost,SMOTE,10,shap,{},3,test,F1_DOWN_FORT,0.5053
5,GLOBAL,CatBoost,SMOTE,10,shap,{},3,test,F1_UP_FORT,0.3795
5,GLOBAL,CatBoost,SMOTE,10,shap,{},3,test,F1_dir,0.4949
5,GLOBAL,CatBoost,SMOTE,10,shap,{},3,test,MCC_4cls,0.0294
5,GLOBAL,CatBoost,SMOTE,10,shap,{},3,test_path,Acc_dir,0.4919
5,GLOBAL,CatBoost,SMOTE,10,shap,{},3,test_path,BalAcc_4cls,0.2548
5,GLOBAL,CatBoost,SMOTE,10,shap,{},3,test_path,F1_4cls,0.2513
5,GLOBAL,CatBoost,SMOTE,10,shap,{},3,test_path,F1_DOWN_FORT,0.4485
5,GLOBAL,CatBoost,SMOTE,10,shap,{},3,test_path,F1_UP_FORT,0.3695
5,GLOBAL,CatBoost,SMOTE,10,shap,{},3,test_path,F1_dir,0.4888
5,GLOBAL,CatBoost,SMOTE,10,shap,{},3,test_path,MCC_4cls,0.0068
5,GLOBAL,CatBoost,SMOTE,10,shap,{},4,test,AUC_ovr_4cls,0.504
5,GLOBAL,CatBoost,SMOTE,10,shap,{},4,test,Acc_dir,0.5023
5,GLOBAL,CatBoost,SMOTE,10,shap,{},4,test,BalAcc_4cls,0.2569
5,GLOBAL,CatBoost,SMOTE,10,shap,{},4,test,Brier_up,0.27588579043994116
5,GLOBAL,CatBoost,SMOTE,10,shap,{},4,test,ECE_up,0.13422605030625828
5,GLOBAL,CatBoost,SMOTE,10,shap,{},4,test,F1_4cls,0.2583
5,GLOBAL,CatBoost,SMOTE,10,shap,{},4,test,F1_DOWN_FORT,0.3475
5,GLOBAL,CatBoost,SMOTE,10,shap,{},4,test,F1_UP_FORT,0.397
5,GLOBAL,CatBoost,SMOTE,10,shap,{},4,test,F1_dir,0.5004
5,GLOBAL,CatBoost,SMOTE,10,shap,{},4,test,MCC_4cls,0.0096
5,GLOBAL,CatBoost,SMOTE,10,shap,{},5,test,AUC_ovr_4cls,0.5252
5,GLOBAL,CatBoost,SMOTE,10,shap,{},5,test,Acc_dir,0.5358
5,GLOBAL,CatBoost,SMOTE,10,shap,{},5,test,BalAcc_4cls,0.2437
5,GLOBAL,CatBoost,SMOTE,10,shap,{},5,test,Brier_up,0.2733245928894974
5,GLOBAL,CatBoost,SMOTE,10,shap,{},5,test,ECE_up,0.1661193576348592
5,GLOBAL,CatBoost,SMOTE,10,shap,{},5,test,F1_4cls,0.2268
5,GLOBAL,CatBoost,SMOTE,10,shap,{},5,test,F1_DOWN_FORT,0.2577
5,GLOBAL,CatBoost,SMOTE,10,shap,{},5,test,F1_UP_FORT,0.5235
5,GLOBAL,CatBoost,SMOTE,10,shap,{},5,test,F1_dir,0.5277
5,GLOBAL,CatBoost,SMOTE,10,shap,{},5,test,MCC_4cls,-0.0023
5,GLOBAL,CatBoost,SMOTE,10,shap,{},6,test,AUC_ovr_4cls,0.4718
5,GLOBAL,CatBoost,SMOTE,10,shap,{},6,test,Acc_dir,0.4743
5,GLOBAL,CatBoost,SMOTE,10,shap,{},6,test,BalAcc_4cls,0.2208
5,GLOBAL,CatBoost,SMOTE,10,shap,{},6,test,Brier_up,0.29178918293832495
5,GLOBAL,CatBoost,SMOTE,10,shap,{},6,test,ECE_up,0.1759530756828536
5,GLOBAL,CatBoost,SMOTE,10,shap,{},6,test,F1_4cls,0.2154
5,GLOBAL,CatBoost,SMOTE,10,shap,{},6,test,F1_DOWN_FORT,0.272
5,GLOBAL,CatBoost,SMOTE,10,shap,{},6,test,F1_UP_FORT,0.2595
5,GLOBAL,CatBoost,SMOTE,10,shap,{},6,test,F1_dir,0.4686
5,GLOBAL,CatBoost,SMOTE,10,shap,{},6,test,MCC_4cls,-0.0392
5,GLOBAL,CatBoost,SMOTE,10,shap,{},7,test,AUC_ovr_4cls,0.54
5,GLOBAL,CatBoost,SMOTE,10,shap,{},7,test,Acc_dir,0.5563
5,GLOBAL,CatBoost,SMOTE,10,shap,{},7,test,BalAcc_4cls,0.2724
5,GLOBAL,CatBoost,SMOTE,10,shap,{},7,test,Brier_up,0.25530934591977755
5,GLOBAL,CatBoost,SMOTE,10,shap,{},7,test,ECE_up,0.07826328847279504
5,GLOBAL,CatBoost,SMOTE,10,shap,{},7,test,F1_4cls,0.2648
5,GLOBAL,CatBoost,SMOTE,10,shap,{},7,test,F1_DOWN_FORT,0.5087
5,GLOBAL,CatBoost,SMOTE,10,shap,{},7,test,F1_UP_FORT,0.3529
5,GLOBAL,CatBoost,SMOTE,10,shap,{},7,test,F1_dir,0.5563
5,GLOBAL,CatBoost,SMOTE,10,shap,{},7,test,MCC_4cls,0.0311
5,GLOBAL,CatBoost,SMOTE,10,shap,{},8,test,AUC_ovr_4cls,0.5138
5,GLOBAL,CatBoost,SMOTE,10,shap,{},8,test,Acc_dir,0.5425
5,GLOBAL,CatBoost,SMOTE,10,shap,{},8,test,BalAcc_4cls,0.2624
5,GLOBAL,CatBoost,SMOTE,10,shap,{},8,test,Brier_up,0.2640975321836577
5,GLOBAL,CatBoost,SMOTE,10,shap,{},8,test,ECE_up,0.1014780643219168
5,GLOBAL,CatBoost,SMOTE,10,shap,{},8,test,F1_4cls,0.2527
5,GLOBAL,CatBoost,SMOTE,10,shap,{},8,test,F1_DOWN_FORT,0.4596
5,GLOBAL,CatBoost,SMOTE,10,shap,{},8,test,F1_UP_FORT,0.2609
5,GLOBAL,CatBoost,SMOTE,10,shap,{},8,test,F1_dir,0.5359
5,GLOBAL,CatBoost,SMOTE,10,shap,{},8,test,MCC_4cls,0.0157
5,GLOBAL,CatBoost,SMOTE,10,shap,{},9,test,AUC_ovr_4cls,0.5202
5,GLOBAL,CatBoost,SMOTE,10,shap,{},9,test,Acc_dir,0.5104
5,GLOBAL,CatBoost,SMOTE,10,shap,{},9,test,BalAcc_4cls,0.2613
5,GLOBAL,CatBoost,SMOTE,10,shap,{},9,test,Brier_up,0.26854395348578297
5,GLOBAL,CatBoost,SMOTE,10,shap,{},9,test,ECE_up,0.13207709183950256
5,GLOBAL,CatBoost,SMOTE,10,shap,{},9,test,F1_4cls,0.2565
5,GLOBAL,CatBoost,SMOTE,10,shap,{},9,test,F1_DOWN_FORT,0.4419
5,GLOBAL,CatBoost,SMOTE,10,shap,{},9,test,F1_UP_FORT,0.4232
5,GLOBAL,CatBoost,SMOTE,10,shap,{},9,test,F1_dir,0.5104
5,GLOBAL,CatBoost,SMOTE,10,shap,{},9,test,MCC_4cls,0.0154
5,GLOBAL,CatBoost,SMOTE,14,shap,{},0,test,AUC_ovr_4cls,0.5412
5,GLOBAL,CatBoost,SMOTE,14,shap,{},0,test,Acc_dir,0.5497
5,GLOBAL,CatBoost,SMOTE,14,shap,{},0,test,BalAcc_4cls,0.2798
5,GLOBAL,CatBoost,SMOTE,14,shap,{},0,test,Brier_up,0.26667353149738826
5,GLOBAL,CatBoost,SMOTE,14,shap,{},0,test,ECE_up,0.15497301731454982
5,GLOBAL,CatBoost,SMOTE,14,shap,{},0,test,F1_4cls,0.2756
5,GLOBAL,CatBoost,SMOTE,14,shap,{},0,test,F1_DOWN_FORT,0.4626
5,GLOBAL,CatBoost,SMOTE,14,shap,{},0,test,F1_UP_FORT,0.4193
5,GLOBAL,CatBoost,SMOTE,14,shap,{},0,test,F1_dir,0.5446
5,GLOBAL,CatBoost,SMOTE,14,shap,{},0,test,MCC_4cls,0.044
5,GLOBAL,CatBoost,SMOTE,14,shap,{},0,test_path,Acc_dir,0.5416
5,GLOBAL,CatBoost,SMOTE,14,shap,{},0,test_path,BalAcc_4cls,0.2642
5,GLOBAL,CatBoost,SMOTE,14,shap,{},0,test_path,F1_4cls,0.2607
5,GLOBAL,CatBoost,SMOTE,14,shap,{},0,test_path,F1_DOWN_FORT,0.4423
5,GLOBAL,CatBoost,SMOTE,14,shap,{},0,test_path,F1_UP_FORT,0.4137
5,GLOBAL,CatBoost,SMOTE,14,shap,{},0,test_path,F1_dir,0.539
5,GLOBAL,CatBoost,SMOTE,14,shap,{},0,test_path,MCC_4cls,0.0207
5,GLOBAL,CatBoost,SMOTE,14,shap,{},1,test,AUC_ovr_4cls,0.5226
5,GLOBAL,CatBoost,SMOTE,14,shap,{},1,test,Acc_dir,0.5316
5,GLOBAL,CatBoost,SMOTE,14,shap,{},1,test,BalAcc_4cls,0.2738
5,GLOBAL,CatBoost,SMOTE,14,shap,{},1,test,Brier_up,0.2681720323227469
5,GLOBAL,CatBoost,SMOTE,14,shap,{},1,test,ECE_up,0.11876000197196936
5,GLOBAL,CatBoost,SMOTE,14,shap,{},1,test,F1_4cls,0.2653
5,GLOBAL,CatBoost,SMOTE,14,shap,{},1,test,F1_DOWN_FORT,0.4083
5,GLOBAL,CatBoost,SMOTE,14,shap,{},1,test,F1_UP_FORT,0.5036
5,GLOBAL,CatBoost,SMOTE,14,shap,{},1,test,F1_dir,0.5306
5,GLOBAL,CatBoost,SMOTE,14,shap,{},1,test,MCC_4cls,0.0343
5,GLOBAL,CatBoost,SMOTE,14,shap,{},1,test_path,Acc_dir,0.504
5,GLOBAL,CatBoost,SMOTE,14,shap,{},1,test_path,BalAcc_4cls,0.2772
5,GLOBAL,CatBoost,SMOTE,14,shap,{},1,test_path,F1_4cls,0.2728
5,GLOBAL,CatBoost,SMOTE,14,shap,{},1,test_path,F1_DOWN_FORT,0.3598
5,GLOBAL,CatBoost,SMOTE,14,shap,{},1,test_path,F1_UP_FORT,0.51
5,GLOBAL,CatBoost,SMOTE,14,shap,{},1,test_path,F1_dir,0.501
5,GLOBAL,CatBoost,SMOTE,14,shap,{},1,test_path,MCC_4cls,0.0418
5,GLOBAL,CatBoost,SMOTE,14,shap,{},2,test,AUC_ovr_4cls,0.4944
5,GLOBAL,CatBoost,SMOTE,14,shap,{},2,test,Acc_dir,0.5056
5,GLOBAL,CatBoost,SMOTE,14,shap,{},2,test,BalAcc_4cls,0.2583
5,GLOBAL,CatBoost,SMOTE,14,shap,{},2,test,Brier_up,0.2977236834884978
5,GLOBAL,CatBoost,SMOTE,14,shap,{},2,test,ECE_up,0.1803367695413524
5,GLOBAL,CatBoost,SMOTE,14,shap,{},2,test,F1_4cls,0.2546
5,GLOBAL,CatBoost,SMOTE,14,shap,{},2,test,F1_DOWN_FORT,0.3427
5,GLOBAL,CatBoost,SMOTE,14,shap,{},2,test,F1_UP_FORT,0.47
5,GLOBAL,CatBoost,SMOTE,14,shap,{},2,test,F1_dir,0.5055
5,GLOBAL,CatBoost,SMOTE,14,shap,{},2,test,MCC_4cls,0.0164
5,GLOBAL,CatBoost,SMOTE,14,shap,{},2,test_path,Acc_dir,0.5472
5,GLOBAL,CatBoost,SMOTE,14,shap,{},2,test_path,BalAcc_4cls,0.2661
5,GLOBAL,CatBoost,SMOTE,14,shap,{},2,test_path,F1_4cls,0.2661
5,GLOBAL,CatBoost,SMOTE,14,shap,{},2,test_path,F1_DOWN_FORT,0.3798
5,GLOBAL,CatBoost,SMOTE,14,shap,{},2,test_path,F1_UP_FORT,0.4013
5,GLOBAL,CatBoost,SMOTE,14,shap,{},2,test_path,F1_dir,0.547
5,GLOBAL,CatBoost,SMOTE,14,shap,{},2,test_path,MCC_4cls,0.0226
5,GLOBAL,CatBoost,SMOTE,14,shap,{},3,test,AUC_ovr_4cls,0.5115
5,GLOBAL,CatBoost,SMOTE,14,shap,{},3,test,Acc_dir,0.4978
5,GLOBAL,CatBoost,SMOTE,14,shap,{},3,test,BalAcc_4cls,0.2504
5,GLOBAL,CatBoost,SMOTE,14,shap,{},3,test,Brier_up,0.2743784971542974
5,GLOBAL,CatBoost,SMOTE,14,shap,{},3,test,ECE_up,0.160661526795389
5,GLOBAL,CatBoost,SMOTE,14,shap,{},3,test,F1_4cls,0.2403
5,GLOBAL,CatBoost,SMOTE,14,shap,{},3,test,F1_DOWN_FORT,0.4352
5,GLOBAL,CatBoost,SMOTE,14,shap,{},3,test,F1_UP_FORT,0.3988
5,GLOBAL,CatBoost,SMOTE,14,shap,{},3,test,F1_dir,0.4738
5,GLOBAL,CatBoost,SMOTE,14,shap,{},3,test,MCC_4cls,0.0017
5,GLOBAL,CatBoost,SMOTE,14,shap,{},3,test_path,Acc_dir,0.4856
5,GLOBAL,CatBoost,SMOTE,14,shap,{},3,test_path,BalAcc_4cls,0.2536
5,GLOBAL,CatBoost,SMOTE,14,shap,{},3,test_path,F1_4cls,0.2517
5,GLOBAL,CatBoost,SMOTE,14,shap,{},3,test_path,F1_DOWN_FORT,0.4162
5,GLOBAL,CatBoost,SMOTE,14,shap,{},3,test_path,F1_UP_FORT,0.3957
5,GLOBAL,CatBoost,SMOTE,14,shap,{},3,test_path,F1_dir,0.4843
5,GLOBAL,CatBoost,SMOTE,14,shap,{},3,test_path,MCC_4cls,0.0061
5,GLOBAL,CatBoost,SMOTE,14,shap,{},4,test,AUC_ovr_4cls,0.5173
5,GLOBAL,CatBoost,SMOTE,14,shap,{},4,test,Acc_dir,0.53
5,GLOBAL,CatBoost,SMOTE,14,shap,{},4,test,BalAcc_4cls,0.2942
5,GLOBAL,CatBoost,SMOTE,14,shap,{},4,test,Brier_up,0.2677277347855863
5,GLOBAL,CatBoost,SMOTE,14,shap,{},4,test,ECE_up,0.10961583993955808
5,GLOBAL,CatBoost,SMOTE,14,shap,{},4,test,F1_4cls,0.2945
5,GLOBAL,CatBoost,SMOTE,14,shap,{},4,test,F1_DOWN_FORT,0.4174
5,GLOBAL,CatBoost,SMOTE,14,shap,{},4,test,F1_UP_FORT,0.4787
5,GLOBAL,CatBoost,SMOTE,14,shap,{},4,test,F1_dir,0.5277
5,GLOBAL,CatBoost,SMOTE,14,shap,{},4,test,MCC_4cls,0.0604
5,GLOBAL,CatBoost,SMOTE,14,shap,{},5,test,AUC_ovr_4cls,0.5093
5,GLOBAL,CatBoost,SMOTE,14,shap,{},5,test,Acc_dir,0.5011
5,GLOBAL,CatBoost,SMOTE,14,shap,{},5,test,BalAcc_4cls,0.2439
5,GLOBAL,CatBoost,SMOTE,14,shap,{},5,test,Brier_up,0.2766960769372879
5,GLOBAL,CatBoost,SMOTE,14,shap,{},5,test,ECE_up,0.15742196207891226
5,GLOBAL,CatBoost,SMOTE,14,shap,{},5,test,F1_4cls,0.2304
5,GLOBAL,CatBoost,SMOTE,14,shap,{},5,test,F1_DOWN_FORT,0.2395
5,GLOBAL,CatBoost,SMOTE,14,shap,{},5,test,F1_UP_FORT,0.5
5,GLOBAL,CatBoost,SMOTE,14,shap,{},5,test,F1_dir,0.4969
5,GLOBAL,CatBoost,SMOTE,14,shap,{},5,test,MCC_4cls,-0.004
5,GLOBAL,CatBoost,SMOTE,14,shap,{},6,test,AUC_ovr_4cls,0.4876
5,GLOBAL,CatBoost,SMOTE,14,shap,{},6,test,Acc_dir,0.4698
5,GLOBAL,CatBoost,SMOTE,14,shap,{},6,test,BalAcc_4cls,0.2596
5,GLOBAL,CatBoost,SMOTE,14,shap,{},6,test,Brier_up,0.28961182971270977
5,GLOBAL,CatBoost,SMOTE,14,shap,{},6,test,ECE_up,0.17692110782202977
5,GLOBAL,CatBoost,SMOTE,14,shap,{},6,test,F1_4cls,0.2561
5,GLOBAL,CatBoost,SMOTE,14,shap,{},6,test,F1_DOWN_FORT,0.3233
5,GLOBAL,CatBoost,SMOTE,14,shap,{},6,test,F1_UP_FORT,0.3743
5,GLOBAL,CatBoost,SMOTE,14,shap,{},6,test,F1_dir,0.4698
5,GLOBAL,CatBoost,SMOTE,14,shap,{},6,test,MCC_4cls,0.0164
5,GLOBAL,CatBoost,SMOTE,14,shap,{},7,test,AUC_ovr_4cls,0.5438
5,GLOBAL,CatBoost,SMOTE,14,shap,{},7,test,Acc_dir,0.5597
5,GLOBAL,CatBoost,SMOTE,14,shap,{},7,test,BalAcc_4cls,0.2749
5,GLOBAL,CatBoost,SMOTE,14,shap,{},7,test,Brier_up,0.2523142136458598
5,GLOBAL,CatBoost,SMOTE,14,shap,{},7,test,ECE_up,0.06717236929852449
5,GLOBAL,CatBoost,SMOTE,14,shap,{},7,test,F1_4cls,0.2723
5,GLOBAL,CatBoost,SMOTE,14,shap,{},7,test,F1_DOWN_FORT,0.4386
5,GLOBAL,CatBoost,SMOTE,14,shap,{},7,test,F1_UP_FORT,0.4125
5,GLOBAL,CatBoost,SMOTE,14,shap,{},7,test,F1_dir,0.5589
5,GLOBAL,CatBoost,SMOTE,14,shap,{},7,test,MCC_4cls,0.033
5,GLOBAL,CatBoost,SMOTE,14,shap,{},8,test,AUC_ovr_4cls,0.5306
5,GLOBAL,CatBoost,SMOTE,14,shap,{},8,test,Acc_dir,0.5447
5,GLOBAL,CatBoost,SMOTE,14,shap,{},8,test,BalAcc_4cls,0.2768
5,GLOBAL,CatBoost,SMOTE,14,shap,{},8,test,Brier_up,0.26237044909291846
5,GLOBAL,CatBoost,SMOTE,14,shap,{},8,test,ECE_up,0.12054406856764414
5,GLOBAL,CatBoost,SMOTE,14,shap,{},8,test,F1_4cls,0.2643
5,GLOBAL,CatBoost,SMOTE,14,shap,{},8,test,F1_DOWN_FORT,0.5061
5,GLOBAL,CatBoost,SMOTE,14,shap,{},8,test,F1_UP_FORT,0.2667
5,GLOBAL,CatBoost,SMOTE,14,shap,{},8,test,F1_dir,0.5372
5,GLOBAL,CatBoost,SMOTE,14,shap,{},8,test,MCC_4cls,0.0334
5,GLOBAL,CatBoost,SMOTE,14,shap,{},9,test,AUC_ovr_4cls,0.5252
5,GLOBAL,CatBoost,SMOTE,14,shap,{},9,test,Acc_dir,0.5082
5,GLOBAL,CatBoost,SMOTE,14,shap,{},9,test,BalAcc_4cls,0.2498
5,GLOBAL,CatBoost,SMOTE,14,shap,{},9,test,Brier_up,0.2628218114147321
5,GLOBAL,CatBoost,SMOTE,14,shap,{},9,test,ECE_up,0.12159527386978533
5,GLOBAL,CatBoost,SMOTE,14,shap,{},9,test,F1_4cls,0.2459
5,GLOBAL,CatBoost,SMOTE,14,shap,{},9,test,F1_DOWN_FORT,0.399
5,GLOBAL,CatBoost,SMOTE,14,shap,{},9,test,F1_UP_FORT,0.4513
5,GLOBAL,CatBoost,SMOTE,14,shap,{},9,test,F1_dir,0.5079
5,GLOBAL,CatBoost,SMOTE,14,shap,{},9,test,MCC_4cls,0.0027
5,GLOBAL,LightGBM,SMOTE,6,shap,{},0,test,AUC_ovr_4cls,0.5419
5,GLOBAL,LightGBM,SMOTE,6,shap,{},0,test,Acc_dir,0.535
5,GLOBAL,LightGBM,SMOTE,6,shap,{},0,test,BalAcc_4cls,0.2974
5,GLOBAL,LightGBM,SMOTE,6,shap,{},0,test,Brier_up,0.3200454639126966
5,GLOBAL,LightGBM,SMOTE,6,shap,{},0,test,ECE_up,0.2554206317260772
5,GLOBAL,LightGBM,SMOTE,6,shap,{},0,test,F1_4cls,0.2864
5,GLOBAL,LightGBM,SMOTE,6,shap,{},0,test,F1_DOWN_FORT,0.4476
5,GLOBAL,LightGBM,SMOTE,6,shap,{},0,test,F1_UP_FORT,0.4242
5,GLOBAL,LightGBM,SMOTE,6,shap,{},0,test,F1_dir,0.5312
5,GLOBAL,LightGBM,SMOTE,6,shap,{},0,test,MCC_4cls,0.0614
5,GLOBAL,LightGBM,SMOTE,6,shap,{},0,test_path,Acc_dir,0.5173
5,GLOBAL,LightGBM,SMOTE,6,shap,{},0,test_path,BalAcc_4cls,0.2682
5,GLOBAL,LightGBM,SMOTE,6,shap,{},0,test_path,F1_4cls,0.2661
5,GLOBAL,LightGBM,SMOTE,6,shap,{},0,test_path,F1_DOWN_FORT,0.4158
5,GLOBAL,LightGBM,SMOTE,6,shap,{},0,test_path,F1_UP_FORT,0.4223
5,GLOBAL,LightGBM,SMOTE,6,shap,{},0,test_path,F1_dir,0.5157
5,GLOBAL,LightGBM,SMOTE,6,shap,{},0,test_path,MCC_4cls,0.0244
5,GLOBAL,LightGBM,SMOTE,6,shap,{},1,test,AUC_ovr_4cls,0.5276
5,GLOBAL,LightGBM,SMOTE,6,shap,{},1,test,Acc_dir,0.5373
5,GLOBAL,LightGBM,SMOTE,6,shap,{},1,test,BalAcc_4cls,0.276
5,GLOBAL,LightGBM,SMOTE,6,shap,{},1,test,Brier_up,0.3143423478330653
5,GLOBAL,LightGBM,SMOTE,6,shap,{},1,test,ECE_up,0.2297426501306253
5,GLOBAL,LightGBM,SMOTE,6,shap,{},1,test,F1_4cls,0.2613
5,GLOBAL,LightGBM,SMOTE,6,shap,{},1,test,F1_DOWN_FORT,0.4632
5,GLOBAL,LightGBM,SMOTE,6,shap,{},1,test,F1_UP_FORT,0.4712
5,GLOBAL,LightGBM,SMOTE,6,shap,{},1,test,F1_dir,0.5366
5,GLOBAL,LightGBM,SMOTE,6,shap,{},1,test,MCC_4cls,0.0325
5,GLOBAL,LightGBM,SMOTE,6,shap,{},1,test_path,Acc_dir,0.491
5,GLOBAL,LightGBM,SMOTE,6,shap,{},1,test_path,BalAcc_4cls,0.2387
5,GLOBAL,LightGBM,SMOTE,6,shap,{},1,test_path,F1_4cls,0.2385
5,GLOBAL,LightGBM,SMOTE,6,shap,{},1,test_path,F1_DOWN_FORT,0.3464
5,GLOBAL,LightGBM,SMOTE,6,shap,{},1,test_path,F1_UP_FORT,0.3761
5,GLOBAL,LightGBM,SMOTE,6,shap,{},1,test_path,F1_dir,0.4907
5,GLOBAL,LightGBM,SMOTE,6,shap,{},1,test_path,MCC_4cls,-0.0153
5,GLOBAL,LightGBM,SMOTE,6,shap,{},2,test,AUC_ovr_4cls,0.4845
5,GLOBAL,LightGBM,SMOTE,6,shap,{},2,test,Acc_dir,0.4578
5,GLOBAL,LightGBM,SMOTE,6,shap,{},2,test,BalAcc_4cls,0.2223
5,GLOBAL,LightGBM,SMOTE,6,shap,{},2,test,Brier_up,0.3612838134251671
5,GLOBAL,LightGBM,SMOTE,6,shap,{},2,test,ECE_up,0.3116490562793527
5,GLOBAL,LightGBM,SMOTE,6,shap,{},2,test,F1_4cls,0.2146
5,GLOBAL,LightGBM,SMOTE,6,shap,{},2,test,F1_DOWN_FORT,0.2303
5,GLOBAL,LightGBM,SMOTE,6,shap,{},2,test,F1_UP_FORT,0.4543
5,GLOBAL,LightGBM,SMOTE,6,shap,{},2,test,F1_dir,0.4578
5,GLOBAL,LightGBM,SMOTE,6,shap,{},2,test,MCC_4cls,-0.0391
5,GLOBAL,LightGBM,SMOTE,6,shap,{},2,test_path,Acc_dir,0.5261
5,GLOBAL,LightGBM,SMOTE,6,shap,{},2,test_path,BalAcc_4cls,0.2726
5,GLOBAL,LightGBM,SMOTE,6,shap,{},2,test_path,F1_4cls,0.269
5,GLOBAL,LightGBM,SMOTE,6,shap,{},2,test_path,F1_DOWN_FORT,0.3576
5,GLOBAL,LightGBM,SMOTE,6,shap,{},2,test_path,F1_UP_FORT,0.4734
5,GLOBAL,LightGBM,SMOTE,6,shap,{},2,test_path,F1_dir,0.5252
5,GLOBAL,LightGBM,SMOTE,6,shap,{},2,test_path,MCC_4cls,0.0304
5,GLOBAL,LightGBM,SMOTE,6,shap,{},3,test,AUC_ovr_4cls,0.5108
5,GLOBAL,LightGBM,SMOTE,6,shap,{},3,test,Acc_dir,0.4889
5,GLOBAL,LightGBM,SMOTE,6,shap,{},3,test,BalAcc_4cls,0.2323
5,GLOBAL,LightGBM,SMOTE,6,shap,{},3,test,Brier_up,0.3123132364396782
5,GLOBAL,LightGBM,SMOTE,6,shap,{},3,test,ECE_up,0.2354780609283558
5,GLOBAL,LightGBM,SMOTE,6,shap,{},3,test,F1_4cls,0.2297
5,GLOBAL,LightGBM,SMOTE,6,shap,{},3,test,F1_DOWN_FORT,0.3577
5,GLOBAL,LightGBM,SMOTE,6,shap,{},3,test,F1_UP_FORT,0.3826
5,GLOBAL,LightGBM,SMOTE,6,shap,{},3,test,F1_dir,0.4842
5,GLOBAL,LightGBM,SMOTE,6,shap,{},3,test,MCC_4cls,-0.0263
5,GLOBAL,LightGBM,SMOTE,6,shap,{},3,test_path,Acc_dir,0.4937
5,GLOBAL,LightGBM,SMOTE,6,shap,{},3,test_path,BalAcc_4cls,0.2429
5,GLOBAL,LightGBM,SMOTE,6,shap,{},3,test_path,F1_4cls,0.2413
5,GLOBAL,LightGBM,SMOTE,6,shap,{},3,test_path,F1_DOWN_FORT,0.3404
5,GLOBAL,LightGBM,SMOTE,6,shap,{},3,test_path,F1_UP_FORT,0.3881
5,GLOBAL,LightGBM,SMOTE,6,shap,{},3,test_path,F1_dir,0.4934
5,GLOBAL,LightGBM,SMOTE,6,shap,{},3,test_path,MCC_4cls,-0.0119
5,GLOBAL,LightGBM,SMOTE,6,shap,{},4,test,AUC_ovr_4cls,0.5209
5,GLOBAL,LightGBM,SMOTE,6,shap,{},4,test,Acc_dir,0.4988
5,GLOBAL,LightGBM,SMOTE,6,shap,{},4,test,BalAcc_4cls,0.2536
5,GLOBAL,LightGBM,SMOTE,6,shap,{},4,test,Brier_up,0.31750607756553884
5,GLOBAL,LightGBM,SMOTE,6,shap,{},4,test,ECE_up,0.2414842247000021
5,GLOBAL,LightGBM,SMOTE,6,shap,{},4,test,F1_4cls,0.2511
5,GLOBAL,LightGBM,SMOTE,6,shap,{},4,test,F1_DOWN_FORT,0.4104
5,GLOBAL,LightGBM,SMOTE,6,shap,{},4,test,F1_UP_FORT,0.3146
5,GLOBAL,LightGBM,SMOTE,6,shap,{},4,test,F1_dir,0.4951
5,GLOBAL,LightGBM,SMOTE,6,shap,{},4,test,MCC_4cls,0.003
5,GLOBAL,LightGBM,SMOTE,6,shap,{},5,test,AUC_ovr_4cls,0.5021
5,GLOBAL,LightGBM,SMOTE,6,shap,{},5,test,Acc_dir,0.5089
5,GLOBAL,LightGBM,SMOTE,6,shap,{},5,test,BalAcc_4cls,0.2516
5,GLOBAL,LightGBM,SMOTE,6,shap,{},5,test,Brier_up,0.3071656432493263
5,GLOBAL,LightGBM,SMOTE,6,shap,{},5,test,ECE_up,0.22319727723665045
5,GLOBAL,LightGBM,SMOTE,6,shap,{},5,test,F1_4cls,0.245
5,GLOBAL,LightGBM,SMOTE,6,shap,{},5,test,F1_DOWN_FORT,0.3316
5,GLOBAL,LightGBM,SMOTE,6,shap,{},5,test,F1_UP_FORT,0.4053
5,GLOBAL,LightGBM,SMOTE,6,shap,{},5,test,F1_dir,0.5075
5,GLOBAL,LightGBM,SMOTE,6,shap,{},5,test,MCC_4cls,0.0036
5,GLOBAL,LightGBM,SMOTE,6,shap,{},6,test,AUC_ovr_4cls,0.4728
5,GLOBAL,LightGBM,SMOTE,6,shap,{},6,test,Acc_dir,0.462
5,GLOBAL,LightGBM,SMOTE,6,shap,{},6,test,BalAcc_4cls,0.217
5,GLOBAL,LightGBM,SMOTE,6,shap,{},6,test,Brier_up,0.32062137503682575
5,GLOBAL,LightGBM,SMOTE,6,shap,{},6,test,ECE_up,0.23577031727843922
5,GLOBAL,LightGBM,SMOTE,6,shap,{},6,test,F1_4cls,0.2132
5,GLOBAL,LightGBM,SMOTE,6,shap,{},6,test,F1_DOWN_FORT,0.2753
5,GLOBAL,LightGBM,SMOTE,6,shap,{},6,test,F1_UP_FORT,0.2614
5,GLOBAL,LightGBM,SMOTE,6,shap,{},6,test,F1_dir,0.4606
5,GLOBAL,LightGBM,SMOTE,6,shap,{},6,test,MCC_4cls,-0.047
5,GLOBAL,LightGBM,SMOTE,6,shap,{},7,test,AUC_ovr_4cls,0.5235
5,GLOBAL,LightGBM,SMOTE,6,shap,{},7,test,Acc_dir,0.5383
5,GLOBAL,LightGBM,SMOTE,6,shap,{},7,test,BalAcc_4cls,0.2943
5,GLOBAL,LightGBM,SMOTE,6,shap,{},7,test,Brier_up,0.3321451757196723
5,GLOBAL,LightGBM,SMOTE,6,shap,{},7,test,ECE_up,0.2441103779932225
5,GLOBAL,LightGBM,SMOTE,6,shap,{},7,test,F1_4cls,0.2893
5,GLOBAL,LightGBM,SMOTE,6,shap,{},7,test,F1_DOWN_FORT,0.3789
5,GLOBAL,LightGBM,SMOTE,6,shap,{},7,test,F1_UP_FORT,0.5481
5,GLOBAL,LightGBM,SMOTE,6,shap,{},7,test,F1_dir,0.5349
5,GLOBAL,LightGBM,SMOTE,6,shap,{},7,test,MCC_4cls,0.0622
5,GLOBAL,LightGBM,SMOTE,6,shap,{},8,test,AUC_ovr_4cls,0.5233
5,GLOBAL,LightGBM,SMOTE,6,shap,{},8,test,Acc_dir,0.5425
5,GLOBAL,LightGBM,SMOTE,6,shap,{},8,test,BalAcc_4cls,0.2785
5,GLOBAL,LightGBM,SMOTE,6,shap,{},8,test,Brier_up,0.29242442367139093
5,GLOBAL,LightGBM,SMOTE,6,shap,{},8,test,ECE_up,0.16763391029227506
5,GLOBAL,LightGBM,SMOTE,6,shap,{},8,test,F1_4cls,0.2759
5,GLOBAL,LightGBM,SMOTE,6,shap,{},8,test,F1_DOWN_FORT,0.4255
5,GLOBAL,LightGBM,SMOTE,6,shap,{},8,test,F1_UP_FORT,0.3636
5,GLOBAL,LightGBM,SMOTE,6,shap,{},8,test,F1_dir,0.5417
5,GLOBAL,LightGBM,SMOTE,6,shap,{},8,test,MCC_4cls,0.0392
5,GLOBAL,LightGBM,SMOTE,6,shap,{},9,test,AUC_ovr_4cls,0.4945
5,GLOBAL,LightGBM,SMOTE,6,shap,{},9,test,Acc_dir,0.5027
5,GLOBAL,LightGBM,SMOTE,6,shap,{},9,test,BalAcc_4cls,0.2513
5,GLOBAL,LightGBM,SMOTE,6,shap,{},9,test,Brier_up,0.32599850630335153
5,GLOBAL,LightGBM,SMOTE,6,shap,{},9,test,ECE_up,0.21588026994212658
5,GLOBAL,LightGBM,SMOTE,6,shap,{},9,test,F1_4cls,0.2446
5,GLOBAL,LightGBM,SMOTE,6,shap,{},9,test,F1_DOWN_FORT,0.3136
5,GLOBAL,LightGBM,SMOTE,6,shap,{},9,test,F1_UP_FORT,0.4663
5,GLOBAL,LightGBM,SMOTE,6,shap,{},9,test,F1_dir,0.4984
5,GLOBAL,LightGBM,SMOTE,6,shap,{},9,test,MCC_4cls,-0.0015
5,GLOBAL,LightGBM,SMOTE,10,shap,{},0,test,AUC_ovr_4cls,0.5323
5,GLOBAL,LightGBM,SMOTE,10,shap,{},0,test,Acc_dir,0.5406
5,GLOBAL,LightGBM,SMOTE,10,shap,{},0,test,BalAcc_4cls,0.2866
5,GLOBAL,LightGBM,SMOTE,10,shap,{},0,test,Brier_up,0.3197675271976084
5,GLOBAL,LightGBM,SMOTE,10,shap,{},0,test,ECE_up,0.23895251696138775
5,GLOBAL,LightGBM,SMOTE,10,shap,{},0,test,F1_4cls,0.2844
5,GLOBAL,LightGBM,SMOTE,10,shap,{},0,test,F1_DOWN_FORT,0.4532
5,GLOBAL,LightGBM,SMOTE,10,shap,{},0,test,F1_UP_FORT,0.406
5,GLOBAL,LightGBM,SMOTE,10,shap,{},0,test,F1_dir,0.5364
5,GLOBAL,LightGBM,SMOTE,10,shap,{},0,test,MCC_4cls,0.0574
5,GLOBAL,LightGBM,SMOTE,10,shap,{},0,test_path,Acc_dir,0.5348
5,GLOBAL,LightGBM,SMOTE,10,shap,{},0,test_path,BalAcc_4cls,0.2705
5,GLOBAL,LightGBM,SMOTE,10,shap,{},0,test_path,F1_4cls,0.2693
5,GLOBAL,LightGBM,SMOTE,10,shap,{},0,test_path,F1_DOWN_FORT,0.4279
5,GLOBAL,LightGBM,SMOTE,10,shap,{},0,test_path,F1_UP_FORT,0.4065
5,GLOBAL,LightGBM,SMOTE,10,shap,{},0,test_path,F1_dir,0.5323
5,GLOBAL,LightGBM,SMOTE,10,shap,{},0,test_path,MCC_4cls,0.0294
5,GLOBAL,LightGBM,SMOTE,10,shap,{},1,test,AUC_ovr_4cls,0.519
5,GLOBAL,LightGBM,SMOTE,10,shap,{},1,test,Acc_dir,0.5155
5,GLOBAL,LightGBM,SMOTE,10,shap,{},1,test,BalAcc_4cls,0.2665
5,GLOBAL,LightGBM,SMOTE,10,shap,{},1,test,Brier_up,0.32317378952621156
5,GLOBAL,LightGBM,SMOTE,10,shap,{},1,test,ECE_up,0.23022786319195207
5,GLOBAL,LightGBM,SMOTE,10,shap,{},1,test,F1_4cls,0.2626
5,GLOBAL,LightGBM,SMOTE,10,shap,{},1,test,F1_DOWN_FORT,0.3642
5,GLOBAL,LightGBM,SMOTE,10,shap,{},1,test,F1_UP_FORT,0.4316
5,GLOBAL,LightGBM,SMOTE,10,shap,{},1,test,F1_dir,0.5155
5,GLOBAL,LightGBM,SMOTE,10,shap,{},1,test,MCC_4cls,0.0211
5,GLOBAL,LightGBM,SMOTE,10,shap,{},1,test_path,Acc_dir,0.4987
5,GLOBAL,LightGBM,SMOTE,10,shap,{},1,test_path,BalAcc_4cls,0.2592
5,GLOBAL,LightGBM,SMOTE,10,shap,{},1,test_path,F1_4cls,0.2587
5,GLOBAL,LightGBM,SMOTE,10,shap,{},1,test_path,F1_DOWN_FORT,0.3434
5,GLOBAL,LightGBM,SMOTE,10,shap,{},1,test_path,F1_UP_FORT,0.3795
5,GLOBAL,LightGBM,SMOTE,10,shap,{},1,test_path,F1_dir,0.4986
5,GLOBAL,LightGBM,SMOTE,10,shap,{},1,test_path,MCC_4cls,0.0114
5,GLOBAL,LightGBM,SMOTE,10,shap,{},2,test,AUC_ovr_4cls,0.5051
5,GLOBAL,LightGBM,SMOTE,10,shap,{},2,test,Acc_dir,0.4967
5,GLOBAL,LightGBM,SMOTE,10,shap,{},2,test,BalAcc_4cls,0.2516
5,GLOBAL,LightGBM,SMOTE,10,shap,{},2,test,Brier_up,0.346848428317194
5,GLOBAL,LightGBM,SMOTE,10,shap,{},2,test,ECE_up,0.2647825276337318
5,GLOBAL,LightGBM,SMOTE,10,shap,{},2,test,F1_4cls,0.2485
5,GLOBAL,LightGBM,SMOTE,10,shap,{},2,test,F1_DOWN_FORT,0.3407
5,GLOBAL,LightGBM,SMOTE,10,shap,{},2,test,F1_UP_FORT,0.4357
5,GLOBAL,LightGBM,SMOTE,10,shap,{},2,test,F1_dir,0.4939
5,GLOBAL,LightGBM,SMOTE,10,shap,{},2,test,MCC_4cls,0.0048
5,GLOBAL,LightGBM,SMOTE,10,shap,{},2,test_path,Acc_dir,0.5288
5,GLOBAL,LightGBM,SMOTE,10,shap,{},2,test_path,BalAcc_4cls,0.273
5,GLOBAL,LightGBM,SMOTE,10,shap,{},2,test_path,F1_4cls,0.2721
5,GLOBAL,LightGBM,SMOTE,10,shap,{},2,test_path,F1_DOWN_FORT,0.3786
5,GLOBAL,LightGBM,SMOTE,10,shap,{},2,test_path,F1_UP_FORT,0.4515
5,GLOBAL,LightGBM,SMOTE,10,shap,{},2,test_path,F1_dir,0.5287
5,GLOBAL,LightGBM,SMOTE,10,shap,{},2,test_path,MCC_4cls,0.0336
5,GLOBAL,LightGBM,SMOTE,10,shap,{},3,test,AUC_ovr_4cls,0.5138
5,GLOBAL,LightGBM,SMOTE,10,shap,{},3,test,Acc_dir,0.5089
5,GLOBAL,LightGBM,SMOTE,10,shap,{},3,test,BalAcc_4cls,0.2542
5,GLOBAL,LightGBM,SMOTE,10,shap,{},3,test,Brier_up,0.3269434867990654
5,GLOBAL,LightGBM,SMOTE,10,shap,{},3,test,ECE_up,0.2579385980167399
5,GLOBAL,LightGBM,SMOTE,10,shap,{},3,test,F1_4cls,0.2448
5,GLOBAL,LightGBM,SMOTE,10,shap,{},3,test,F1_DOWN_FORT,0.4493
5,GLOBAL,LightGBM,SMOTE,10,shap,{},3,test,F1_UP_FORT,0.4012
5,GLOBAL,LightGBM,SMOTE,10,shap,{},3,test,F1_dir,0.4974
5,GLOBAL,LightGBM,SMOTE,10,shap,{},3,test,MCC_4cls,0.002
5,GLOBAL,LightGBM,SMOTE,10,shap,{},3,test_path,Acc_dir,0.4852
5,GLOBAL,LightGBM,SMOTE,10,shap,{},3,test_path,BalAcc_4cls,0.2522
5,GLOBAL,LightGBM,SMOTE,10,shap,{},3,test_path,F1_4cls,0.2473
5,GLOBAL,LightGBM,SMOTE,10,shap,{},3,test_path,F1_DOWN_FORT,0.4338
5,GLOBAL,LightGBM,SMOTE,10,shap,{},3,test_path,F1_UP_FORT,0.3647
5,GLOBAL,LightGBM,SMOTE,10,shap,{},3,test_path,F1_dir,0.4821
5,GLOBAL,LightGBM,SMOTE,10,shap,{},3,test_path,MCC_4cls,-0.0002
5,GLOBAL,LightGBM,SMOTE,10,shap,{},4,test,AUC_ovr_4cls,0.525
5,GLOBAL,LightGBM,SMOTE,10,shap,{},4,test,Acc_dir,0.5219
5,GLOBAL,LightGBM,SMOTE,10,shap,{},4,test,BalAcc_4cls,0.2817
5,GLOBAL,LightGBM,SMOTE,10,shap,{},4,test,Brier_up,0.3074488694546886
5,GLOBAL,LightGBM,SMOTE,10,shap,{},4,test,ECE_up,0.20415924271250085
5,GLOBAL,LightGBM,SMOTE,10,shap,{},4,test,F1_4cls,0.2809
5,GLOBAL,LightGBM,SMOTE,10,shap,{},4,test,F1_DOWN_FORT,0.4269
5,GLOBAL,LightGBM,SMOTE,10,shap,{},4,test,F1_UP_FORT,0.3456
5,GLOBAL,LightGBM,SMOTE,10,shap,{},4,test,F1_dir,0.5214
5,GLOBAL,LightGBM,SMOTE,10,shap,{},4,test,MCC_4cls,0.0409
5,GLOBAL,LightGBM,SMOTE,10,shap,{},5,test,AUC_ovr_4cls,0.4939
5,GLOBAL,LightGBM,SMOTE,10,shap,{},5,test,Acc_dir,0.5022
5,GLOBAL,LightGBM,SMOTE,10,shap,{},5,test,BalAcc_4cls,0.2313
5,GLOBAL,LightGBM,SMOTE,10,shap,{},5,test,Brier_up,0.31359520034735217
5,GLOBAL,LightGBM,SMOTE,10,shap,{},5,test,ECE_up,0.22670626959738152
5,GLOBAL,LightGBM,SMOTE,10,shap,{},5,test,F1_4cls,0.2232
5,GLOBAL,LightGBM,SMOTE,10,shap,{},5,test,F1_DOWN_FORT,0.2755
5,GLOBAL,LightGBM,SMOTE,10,shap,{},5,test,F1_UP_FORT,0.4569
5,GLOBAL,LightGBM,SMOTE,10,shap,{},5,test,F1_dir,0.4985
5,GLOBAL,LightGBM,SMOTE,10,shap,{},5,test,MCC_4cls,-0.0195
5,GLOBAL,LightGBM,SMOTE,10,shap,{},6,test,AUC_ovr_4cls,0.4842
5,GLOBAL,LightGBM,SMOTE,10,shap,{},6,test,Acc_dir,0.4597
5,GLOBAL,LightGBM,SMOTE,10,shap,{},6,test,BalAcc_4cls,0.2346
5,GLOBAL,LightGBM,SMOTE,10,shap,{},6,test,Brier_up,0.3367521660502838
5,GLOBAL,LightGBM,SMOTE,10,shap,{},6,test,ECE_up,0.2570999219297802
5,GLOBAL,LightGBM,SMOTE,10,shap,{},6,test,F1_4cls,0.2295
5,GLOBAL,LightGBM,SMOTE,10,shap,{},6,test,F1_DOWN_FORT,0.3387
5,GLOBAL,LightGBM,SMOTE,10,shap,{},6,test,F1_UP_FORT,0.229
5,GLOBAL,LightGBM,SMOTE,10,shap,{},6,test,F1_dir,0.453
5,GLOBAL,LightGBM,SMOTE,10,shap,{},6,test,MCC_4cls,-0.0217
5,GLOBAL,LightGBM,SMOTE,10,shap,{},7,test,AUC_ovr_4cls,0.5473
5,GLOBAL,LightGBM,SMOTE,10,shap,{},7,test,Acc_dir,0.5405
5,GLOBAL,LightGBM,SMOTE,10,shap,{},7,test,BalAcc_4cls,0.2923
5,GLOBAL,LightGBM,SMOTE,10,shap,{},7,test,Brier_up,0.3054642797181355
5,GLOBAL,LightGBM,SMOTE,10,shap,{},7,test,ECE_up,0.21848345875069528
5,GLOBAL,LightGBM,SMOTE,10,shap,{},7,test,F1_4cls,0.2906
5,GLOBAL,LightGBM,SMOTE,10,shap,{},7,test,F1_DOWN_FORT,0.3731
5,GLOBAL,LightGBM,SMOTE,10,shap,{},7,test,F1_UP_FORT,0.5133
5,GLOBAL,LightGBM,SMOTE,10,shap,{},7,test,F1_dir,0.5366
5,GLOBAL,LightGBM,SMOTE,10,shap,{},7,test,MCC_4cls,0.0593
5,GLOBAL,LightGBM,SMOTE,10,shap,{},8,test,AUC_ovr_4cls,0.5231
5,GLOBAL,LightGBM,SMOTE,10,shap,{},8,test,Acc_dir,0.5255
5,GLOBAL,LightGBM,SMOTE,10,shap,{},8,test,BalAcc_4cls,0.2749
5,GLOBAL,LightGBM,SMOTE,10,shap,{},8,test,Brier_up,0.30971089784853895
5,GLOBAL,LightGBM,SMOTE,10,shap,{},8,test,ECE_up,0.22203752889563713
5,GLOBAL,LightGBM,SMOTE,10,shap,{},8,test,F1_4cls,0.2634
5,GLOBAL,LightGBM,SMOTE,10,shap,{},8,test,F1_DOWN_FORT,0.5037
5,GLOBAL,LightGBM,SMOTE,10,shap,{},8,test,F1_UP_FORT,0.2808
5,GLOBAL,LightGBM,SMOTE,10,shap,{},8,test,F1_dir,0.5174
5,GLOBAL,LightGBM,SMOTE,10,shap,{},8,test,MCC_4cls,0.0316
5,GLOBAL,LightGBM,SMOTE,10,shap,{},9,test,AUC_ovr_4cls,0.5012
5,GLOBAL,LightGBM,SMOTE,10,shap,{},9,test,Acc_dir,0.5082
5,GLOBAL,LightGBM,SMOTE,10,shap,{},9,test,BalAcc_4cls,0.2661
5,GLOBAL,LightGBM,SMOTE,10,shap,{},9,test,Brier_up,0.32074798516617437
5,GLOBAL,LightGBM,SMOTE,10,shap,{},9,test,ECE_up,0.23558345155189375
5,GLOBAL,LightGBM,SMOTE,10,shap,{},9,test,F1_4cls,0.2601
5,GLOBAL,LightGBM,SMOTE,10,shap,{},9,test,F1_DOWN_FORT,0.4211
5,GLOBAL,LightGBM,SMOTE,10,shap,{},9,test,F1_UP_FORT,0.4439
5,GLOBAL,LightGBM,SMOTE,10,shap,{},9,test,F1_dir,0.5082
5,GLOBAL,LightGBM,SMOTE,10,shap,{},9,test,MCC_4cls,0.019
5,GLOBAL,LightGBM,SMOTE,14,shap,{},0,test,AUC_ovr_4cls,0.535
5,GLOBAL,LightGBM,SMOTE,14,shap,{},0,test,Acc_dir,0.5406
5,GLOBAL,LightGBM,SMOTE,14,shap,{},0,test,BalAcc_4cls,0.3024
5,GLOBAL,LightGBM,SMOTE,14,shap,{},0,test,Brier_up,0.3143712044634586
5,GLOBAL,LightGBM,SMOTE,14,shap,{},0,test,ECE_up,0.22116966832971627
5,GLOBAL,LightGBM,SMOTE,14,shap,{},0,test,F1_4cls,0.2982
5,GLOBAL,LightGBM,SMOTE,14,shap,{},0,test,F1_DOWN_FORT,0.4649
5,GLOBAL,LightGBM,SMOTE,14,shap,{},0,test,F1_UP_FORT,0.3636
5,GLOBAL,LightGBM,SMOTE,14,shap,{},0,test,F1_dir,0.5371
5,GLOBAL,LightGBM,SMOTE,14,shap,{},0,test,MCC_4cls,0.0739
5,GLOBAL,LightGBM,SMOTE,14,shap,{},0,test_path,Acc_dir,0.5407
5,GLOBAL,LightGBM,SMOTE,14,shap,{},0,test_path,BalAcc_4cls,0.273
5,GLOBAL,LightGBM,SMOTE,14,shap,{},0,test_path,F1_4cls,0.2717
5,GLOBAL,LightGBM,SMOTE,14,shap,{},0,test_path,F1_DOWN_FORT,0.446
5,GLOBAL,LightGBM,SMOTE,14,shap,{},0,test_path,F1_UP_FORT,0.3966
5,GLOBAL,LightGBM,SMOTE,14,shap,{},0,test_path,F1_dir,0.5373
5,GLOBAL,LightGBM,SMOTE,14,shap,{},0,test_path,MCC_4cls,0.0344
5,GLOBAL,LightGBM,SMOTE,14,shap,{},1,test,AUC_ovr_4cls,0.532
5,GLOBAL,LightGBM,SMOTE,14,shap,{},1,test,Acc_dir,0.5454
5,GLOBAL,LightGBM,SMOTE,14,shap,{},1,test,BalAcc_4cls,0.2623
5,GLOBAL,LightGBM,SMOTE,14,shap,{},1,test,Brier_up,0.30183253634244184
5,GLOBAL,LightGBM,SMOTE,14,shap,{},1,test,ECE_up,0.21037554953053322
5,GLOBAL,LightGBM,SMOTE,14,shap,{},1,test,F1_4cls,0.2577
5,GLOBAL,LightGBM,SMOTE,14,shap,{},1,test,F1_DOWN_FORT,0.4012
5,GLOBAL,LightGBM,SMOTE,14,shap,{},1,test,F1_UP_FORT,0.4604
5,GLOBAL,LightGBM,SMOTE,14,shap,{},1,test,F1_dir,0.5453
5,GLOBAL,LightGBM,SMOTE,14,shap,{},1,test,MCC_4cls,0.0213
5,GLOBAL,LightGBM,SMOTE,14,shap,{},1,test_path,Acc_dir,0.5085
5,GLOBAL,LightGBM,SMOTE,14,shap,{},1,test_path,BalAcc_4cls,0.2745
5,GLOBAL,LightGBM,SMOTE,14,shap,{},1,test_path,F1_4cls,0.2731
5,GLOBAL,LightGBM,SMOTE,14,shap,{},1,test_path,F1_DOWN_FORT,0.3408
5,GLOBAL,LightGBM,SMOTE,14,shap,{},1,test_path,F1_UP_FORT,0.444
5,GLOBAL,LightGBM,SMOTE,14,shap,{},1,test_path,F1_dir,0.5082
5,GLOBAL,LightGBM,SMOTE,14,shap,{},1,test_path,MCC_4cls,0.0358
5,GLOBAL,LightGBM,SMOTE,14,shap,{},2,test,AUC_ovr_4cls,0.4993
5,GLOBAL,LightGBM,SMOTE,14,shap,{},2,test,Acc_dir,0.4911
5,GLOBAL,LightGBM,SMOTE,14,shap,{},2,test,BalAcc_4cls,0.2463
5,GLOBAL,LightGBM,SMOTE,14,shap,{},2,test,Brier_up,0.3411176320815462
5,GLOBAL,LightGBM,SMOTE,14,shap,{},2,test,ECE_up,0.26455360236163317
5,GLOBAL,LightGBM,SMOTE,14,shap,{},2,test,F1_4cls,0.2409
5,GLOBAL,LightGBM,SMOTE,14,shap,{},2,test,F1_DOWN_FORT,0.3268
5,GLOBAL,LightGBM,SMOTE,14,shap,{},2,test,F1_UP_FORT,0.4255
5,GLOBAL,LightGBM,SMOTE,14,shap,{},2,test,F1_dir,0.4857
5,GLOBAL,LightGBM,SMOTE,14,shap,{},2,test,MCC_4cls,-0.003
5,GLOBAL,LightGBM,SMOTE,14,shap,{},2,test_path,Acc_dir,0.531
5,GLOBAL,LightGBM,SMOTE,14,shap,{},2,test_path,BalAcc_4cls,0.2653
5,GLOBAL,LightGBM,SMOTE,14,shap,{},2,test_path,F1_4cls,0.265
5,GLOBAL,LightGBM,SMOTE,14,shap,{},2,test_path,F1_DOWN_FORT,0.3709
5,GLOBAL,LightGBM,SMOTE,14,shap,{},2,test_path,F1_UP_FORT,0.4306
5,GLOBAL,LightGBM,SMOTE,14,shap,{},2,test_path,F1_dir,0.5306
5,GLOBAL,LightGBM,SMOTE,14,shap,{},2,test_path,MCC_4cls,0.0218
5,GLOBAL,LightGBM,SMOTE,14,shap,{},3,test,AUC_ovr_4cls,0.5193
5,GLOBAL,LightGBM,SMOTE,14,shap,{},3,test,Acc_dir,0.5122
5,GLOBAL,LightGBM,SMOTE,14,shap,{},3,test,BalAcc_4cls,0.2545
5,GLOBAL,LightGBM,SMOTE,14,shap,{},3,test,Brier_up,0.318128311005088
5,GLOBAL,LightGBM,SMOTE,14,shap,{},3,test,ECE_up,0.25588198267546086
5,GLOBAL,LightGBM,SMOTE,14,shap,{},3,test,F1_4cls,0.2477
5,GLOBAL,LightGBM,SMOTE,14,shap,{},3,test,F1_DOWN_FORT,0.445
5,GLOBAL,LightGBM,SMOTE,14,shap,{},3,test,F1_UP_FORT,0.4343
5,GLOBAL,LightGBM,SMOTE,14,shap,{},3,test,F1_dir,0.4965
5,GLOBAL,LightGBM,SMOTE,14,shap,{},3,test,MCC_4cls,0.0089
5,GLOBAL,LightGBM,SMOTE,14,shap,{},3,test_path,Acc_dir,0.4978
5,GLOBAL,LightGBM,SMOTE,14,shap,{},3,test_path,BalAcc_4cls,0.2455
5,GLOBAL,LightGBM,SMOTE,14,shap,{},3,test_path,F1_4cls,0.242
5,GLOBAL,LightGBM,SMOTE,14,shap,{},3,test_path,F1_DOWN_FORT,0.425
5,GLOBAL,LightGBM,SMOTE,14,shap,{},3,test_path,F1_UP_FORT,0.3579
5,GLOBAL,LightGBM,SMOTE,14,shap,{},3,test_path,F1_dir,0.4949
5,GLOBAL,LightGBM,SMOTE,14,shap,{},3,test_path,MCC_4cls,-0.0062
5,GLOBAL,LightGBM,SMOTE,14,shap,{},4,test,AUC_ovr_4cls,0.5464
5,GLOBAL,LightGBM,SMOTE,14,shap,{},4,test,Acc_dir,0.5415
5,GLOBAL,LightGBM,SMOTE,14,shap,{},4,test,BalAcc_4cls,0.2939
5,GLOBAL,LightGBM,SMOTE,14,shap,{},4,test,Brier_up,0.29516356132946986
5,GLOBAL,LightGBM,SMOTE,14,shap,{},4,test,ECE_up,0.19479450971886386
5,GLOBAL,LightGBM,SMOTE,14,shap,{},4,test,F1_4cls,0.2929
5,GLOBAL,LightGBM,SMOTE,14,shap,{},4,test,F1_DOWN_FORT,0.3688
5,GLOBAL,LightGBM,SMOTE,14,shap,{},4,test,F1_UP_FORT,0.3881
5,GLOBAL,LightGBM,SMOTE,14,shap,{},4,test,F1_dir,0.5415
5,GLOBAL,LightGBM,SMOTE,14,shap,{},4,test,MCC_4cls,0.0562
5,GLOBAL,LightGBM,SMOTE,14,shap,{},5,test,AUC_ovr_4cls,0.4876
5,GLOBAL,LightGBM,SMOTE,14,shap,{},5,test,Acc_dir,0.5045
5,GLOBAL,LightGBM,SMOTE,14,shap,{},5,test,BalAcc_4cls,0.2429
5,GLOBAL,LightGBM,SMOTE,14,shap,{},5,test,Brier_up,0.32022151463386184
5,GLOBAL,LightGBM,SMOTE,14,shap,{},5,test,ECE_up,0.24039515338968043
5,GLOBAL,LightGBM,SMOTE,14,shap,{},5,test,F1_4cls,0.2352
5,GLOBAL,LightGBM,SMOTE,14,shap,{},5,test,F1_DOWN_FORT,0.2689
5,GLOBAL,LightGBM,SMOTE,14,shap,{},5,test,F1_UP_FORT,0.4583
5,GLOBAL,LightGBM,SMOTE,14,shap,{},5,test,F1_dir,0.503
5,GLOBAL,LightGBM,SMOTE,14,shap,{},5,test,MCC_4cls,-0.0058
5,GLOBAL,LightGBM,SMOTE,14,shap,{},6,test,AUC_ovr_4cls,0.493
5,GLOBAL,LightGBM,SMOTE,14,shap,{},6,test,Acc_dir,0.4732
5,GLOBAL,LightGBM,SMOTE,14,shap,{},6,test,BalAcc_4cls,0.2519
5,GLOBAL,LightGBM,SMOTE,14,shap,{},6,test,Brier_up,0.34349529534401135
5,GLOBAL,LightGBM,SMOTE,14,shap,{},6,test,ECE_up,0.2613464661121964
5,GLOBAL,LightGBM,SMOTE,14,shap,{},6,test,F1_4cls,0.2531
5,GLOBAL,LightGBM,SMOTE,14,shap,{},6,test,F1_DOWN_FORT,0.3887
5,GLOBAL,LightGBM,SMOTE,14,shap,{},6,test,F1_UP_FORT,0.3343
5,GLOBAL,LightGBM,SMOTE,14,shap,{},6,test,F1_dir,0.4729
5,GLOBAL,LightGBM,SMOTE,14,shap,{},6,test,MCC_4cls,0.0108
5,GLOBAL,LightGBM,SMOTE,14,shap,{},7,test,AUC_ovr_4cls,0.5273
5,GLOBAL,LightGBM,SMOTE,14,shap,{},7,test,Acc_dir,0.5315
5,GLOBAL,LightGBM,SMOTE,14,shap,{},7,test,BalAcc_4cls,0.2705
5,GLOBAL,LightGBM,SMOTE,14,shap,{},7,test,Brier_up,0.3094708858606113
5,GLOBAL,LightGBM,SMOTE,14,shap,{},7,test,ECE_up,0.20383887193002886
5,GLOBAL,LightGBM,SMOTE,14,shap,{},7,test,F1_4cls,0.2673
5,GLOBAL,LightGBM,SMOTE,14,shap,{},7,test,F1_DOWN_FORT,0.367
5,GLOBAL,LightGBM,SMOTE,14,shap,{},7,test,F1_UP_FORT,0.5076
5,GLOBAL,LightGBM,SMOTE,14,shap,{},7,test,F1_dir,0.5269
5,GLOBAL,LightGBM,SMOTE,14,shap,{},7,test,MCC_4cls,0.0303
5,GLOBAL,LightGBM,SMOTE,14,shap,{},8,test,AUC_ovr_4cls,0.5245
5,GLOBAL,LightGBM,SMOTE,14,shap,{},8,test,Acc_dir,0.521
5,GLOBAL,LightGBM,SMOTE,14,shap,{},8,test,BalAcc_4cls,0.2652
5,GLOBAL,LightGBM,SMOTE,14,shap,{},8,test,Brier_up,0.3132459682922814
5,GLOBAL,LightGBM,SMOTE,14,shap,{},8,test,ECE_up,0.22258530358331918
5,GLOBAL,LightGBM,SMOTE,14,shap,{},8,test,F1_4cls,0.2526
5,GLOBAL,LightGBM,SMOTE,14,shap,{},8,test,F1_DOWN_FORT,0.5
5,GLOBAL,LightGBM,SMOTE,14,shap,{},8,test,F1_UP_FORT,0.2616
5,GLOBAL,LightGBM,SMOTE,14,shap,{},8,test,F1_dir,0.5119
5,GLOBAL,LightGBM,SMOTE,14,shap,{},8,test,MCC_4cls,0.0182
5,GLOBAL,LightGBM,SMOTE,14,shap,{},9,test,AUC_ovr_4cls,0.517
5,GLOBAL,LightGBM,SMOTE,14,shap,{},9,test,Acc_dir,0.5354
5,GLOBAL,LightGBM,SMOTE,14,shap,{},9,test,BalAcc_4cls,0.2563
5,GLOBAL,LightGBM,SMOTE,14,shap,{},9,test,Brier_up,0.2989167836652464
5,GLOBAL,LightGBM,SMOTE,14,shap,{},9,test,ECE_up,0.2021841263979328
5,GLOBAL,LightGBM,SMOTE,14,shap,{},9,test,F1_4cls,0.2555
5,GLOBAL,LightGBM,SMOTE,14,shap,{},9,test,F1_DOWN_FORT,0.4103
5,GLOBAL,LightGBM,SMOTE,14,shap,{},9,test,F1_UP_FORT,0.3979
5,GLOBAL,LightGBM,SMOTE,14,shap,{},9,test,F1_dir,0.535
5,GLOBAL,LightGBM,SMOTE,14,shap,{},9,test,MCC_4cls,0.0091
5,GLOBAL,RandomForest,SMOTE,6,shap,{},0,test,AUC_ovr_4cls,0.5309
5,GLOBAL,RandomForest,SMOTE,6,shap,{},0,test,Acc_dir,0.5339
5,GLOBAL,RandomForest,SMOTE,6,shap,{},0,test,BalAcc_4cls,0.2918
5,GLOBAL,RandomForest,SMOTE,6,shap,{},0,test,Brier_up,0.2579318728543964
5,GLOBAL,RandomForest,SMOTE,6,shap,{},0,test,ECE_up,0.11806998104739277
5,GLOBAL,RandomForest,SMOTE,6,shap,{},0,test,F1_4cls,0.2833
5,GLOBAL,RandomForest,SMOTE,6,shap,{},0,test,F1_DOWN_FORT,0.5022
5,GLOBAL,RandomForest,SMOTE,6,shap,{},0,test,F1_UP_FORT,0.4239
5,GLOBAL,RandomForest,SMOTE,6,shap,{},0,test,F1_dir,0.5221
5,GLOBAL,RandomForest,SMOTE,6,shap,{},0,test,MCC_4cls,0.0633
5,GLOBAL,RandomForest,SMOTE,6,shap,{},0,test_path,Acc_dir,0.5218
5,GLOBAL,RandomForest,SMOTE,6,shap,{},0,test_path,BalAcc_4cls,0.2653
5,GLOBAL,RandomForest,SMOTE,6,shap,{},0,test_path,F1_4cls,0.2561
5,GLOBAL,RandomForest,SMOTE,6,shap,{},0,test_path,F1_DOWN_FORT,0.4788
5,GLOBAL,RandomForest,SMOTE,6,shap,{},0,test_path,F1_UP_FORT,0.4249
5,GLOBAL,RandomForest,SMOTE,6,shap,{},0,test_path,F1_dir,0.5183
5,GLOBAL,RandomForest,SMOTE,6,shap,{},0,test_path,MCC_4cls,0.0233
5,GLOBAL,RandomForest,SMOTE,6,shap,{},1,test,AUC_ovr_4cls,0.5128
5,GLOBAL,RandomForest,SMOTE,6,shap,{},1,test,Acc_dir,0.5052
5,GLOBAL,RandomForest,SMOTE,6,shap,{},1,test,BalAcc_4cls,0.2556
5,GLOBAL,RandomForest,SMOTE,6,shap,{},1,test,Brier_up,0.2684314375267393
5,GLOBAL,RandomForest,SMOTE,6,shap,{},1,test,ECE_up,0.13523011686588035
5,GLOBAL,RandomForest,SMOTE,6,shap,{},1,test,F1_4cls,0.2379
5,GLOBAL,RandomForest,SMOTE,6,shap,{},1,test,F1_DOWN_FORT,0.3932
5,GLOBAL,RandomForest,SMOTE,6,shap,{},1,test,F1_UP_FORT,0.5183
5,GLOBAL,RandomForest,SMOTE,6,shap,{},1,test,F1_dir,0.505
5,GLOBAL,RandomForest,SMOTE,6,shap,{},1,test,MCC_4cls,0.0107
5,GLOBAL,RandomForest,SMOTE,6,shap,{},1,test_path,Acc_dir,0.4766
5,GLOBAL,RandomForest,SMOTE,6,shap,{},1,test_path,BalAcc_4cls,0.2383
5,GLOBAL,RandomForest,SMOTE,6,shap,{},1,test_path,F1_4cls,0.2334
5,GLOBAL,RandomForest,SMOTE,6,shap,{},1,test_path,F1_DOWN_FORT,0.2993
5,GLOBAL,RandomForest,SMOTE,6,shap,{},1,test_path,F1_UP_FORT,0.4593
5,GLOBAL,RandomForest,SMOTE,6,shap,{},1,test_path,F1_dir,0.4745
5,GLOBAL,RandomForest,SMOTE,6,shap,{},1,test_path,MCC_4cls,-0.0156
5,GLOBAL,RandomForest,SMOTE,6,shap,{},2,test,AUC_ovr_4cls,0.4837
5,GLOBAL,RandomForest,SMOTE,6,shap,{},2,test,Acc_dir,0.4544
5,GLOBAL,RandomForest,SMOTE,6,shap,{},2,test,BalAcc_4cls,0.2341
5,GLOBAL,RandomForest,SMOTE,6,shap,{},2,test,Brier_up,0.2833901346677077
5,GLOBAL,RandomForest,SMOTE,6,shap,{},2,test,ECE_up,0.16752117625442942
5,GLOBAL,RandomForest,SMOTE,6,shap,{},2,test,F1_4cls,0.2231
5,GLOBAL,RandomForest,SMOTE,6,shap,{},2,test,F1_DOWN_FORT,0.3558
5,GLOBAL,RandomForest,SMOTE,6,shap,{},2,test,F1_UP_FORT,0.4667
5,GLOBAL,RandomForest,SMOTE,6,shap,{},2,test,F1_dir,0.4534
5,GLOBAL,RandomForest,SMOTE,6,shap,{},2,test,MCC_4cls,-0.0208
5,GLOBAL,RandomForest,SMOTE,6,shap,{},2,test_path,Acc_dir,0.5265
5,GLOBAL,RandomForest,SMOTE,6,shap,{},2,test_path,BalAcc_4cls,0.2663
5,GLOBAL,RandomForest,SMOTE,6,shap,{},2,test_path,F1_4cls,0.2599
5,GLOBAL,RandomForest,SMOTE,6,shap,{},2,test_path,F1_DOWN_FORT,0.3555
5,GLOBAL,RandomForest,SMOTE,6,shap,{},2,test_path,F1_UP_FORT,0.5057
5,GLOBAL,RandomForest,SMOTE,6,shap,{},2,test_path,F1_dir,0.5243
5,GLOBAL,RandomForest,SMOTE,6,shap,{},2,test_path,MCC_4cls,0.0253
5,GLOBAL,RandomForest,SMOTE,6,shap,{},3,test,AUC_ovr_4cls,0.5015
5,GLOBAL,RandomForest,SMOTE,6,shap,{},3,test,Acc_dir,0.5156
5,GLOBAL,RandomForest,SMOTE,6,shap,{},3,test,BalAcc_4cls,0.2448
5,GLOBAL,RandomForest,SMOTE,6,shap,{},3,test,Brier_up,0.26057223160426846
5,GLOBAL,RandomForest,SMOTE,6,shap,{},3,test,ECE_up,0.13266129495566045
5,GLOBAL,RandomForest,SMOTE,6,shap,{},3,test,F1_4cls,0.2321
5,GLOBAL,RandomForest,SMOTE,6,shap,{},3,test,F1_DOWN_FORT,0.4812
5,GLOBAL,RandomForest,SMOTE,6,shap,{},3,test,F1_UP_FORT,0.2984
5,GLOBAL,RandomForest,SMOTE,6,shap,{},3,test,F1_dir,0.4963
5,GLOBAL,RandomForest,SMOTE,6,shap,{},3,test,MCC_4cls,-0.0097
5,GLOBAL,RandomForest,SMOTE,6,shap,{},3,test_path,Acc_dir,0.491
5,GLOBAL,RandomForest,SMOTE,6,shap,{},3,test_path,BalAcc_4cls,0.2524
5,GLOBAL,RandomForest,SMOTE,6,shap,{},3,test_path,F1_4cls,0.2483
5,GLOBAL,RandomForest,SMOTE,6,shap,{},3,test_path,F1_DOWN_FORT,0.4077
5,GLOBAL,RandomForest,SMOTE,6,shap,{},3,test_path,F1_UP_FORT,0.3473
5,GLOBAL,RandomForest,SMOTE,6,shap,{},3,test_path,F1_dir,0.4906
5,GLOBAL,RandomForest,SMOTE,6,shap,{},3,test_path,MCC_4cls,0.0032
5,GLOBAL,RandomForest,SMOTE,6,shap,{},4,test,AUC_ovr_4cls,0.4826
5,GLOBAL,RandomForest,SMOTE,6,shap,{},4,test,Acc_dir,0.4827
5,GLOBAL,RandomForest,SMOTE,6,shap,{},4,test,BalAcc_4cls,0.2379
5,GLOBAL,RandomForest,SMOTE,6,shap,{},4,test,Brier_up,0.27102693034443964
5,GLOBAL,RandomForest,SMOTE,6,shap,{},4,test,ECE_up,0.11186880522198876
5,GLOBAL,RandomForest,SMOTE,6,shap,{},4,test,F1_4cls,0.2375
5,GLOBAL,RandomForest,SMOTE,6,shap,{},4,test,F1_DOWN_FORT,0.2968
5,GLOBAL,RandomForest,SMOTE,6,shap,{},4,test,F1_UP_FORT,0.403
5,GLOBAL,RandomForest,SMOTE,6,shap,{},4,test,F1_dir,0.4811
5,GLOBAL,RandomForest,SMOTE,6,shap,{},4,test,MCC_4cls,-0.0197
5,GLOBAL,RandomForest,SMOTE,6,shap,{},5,test,AUC_ovr_4cls,0.5326
5,GLOBAL,RandomForest,SMOTE,6,shap,{},5,test,Acc_dir,0.5078
5,GLOBAL,RandomForest,SMOTE,6,shap,{},5,test,BalAcc_4cls,0.285
5,GLOBAL,RandomForest,SMOTE,6,shap,{},5,test,Brier_up,0.2625819113885321
5,GLOBAL,RandomForest,SMOTE,6,shap,{},5,test,ECE_up,0.11760294043828382
5,GLOBAL,RandomForest,SMOTE,6,shap,{},5,test,F1_4cls,0.2642
5,GLOBAL,RandomForest,SMOTE,6,shap,{},5,test,F1_DOWN_FORT,0.2898
5,GLOBAL,RandomForest,SMOTE,6,shap,{},5,test,F1_UP_FORT,0.5689
5,GLOBAL,RandomForest,SMOTE,6,shap,{},5,test,F1_dir,0.4936
5,GLOBAL,RandomForest,SMOTE,6,shap,{},5,test,MCC_4cls,0.0491
5,GLOBAL,RandomForest,SMOTE,6,shap,{},6,test,AUC_ovr_4cls,0.4662
5,GLOBAL,RandomForest,SMOTE,6,shap,{},6,test,Acc_dir,0.4452
5,GLOBAL,RandomForest,SMOTE,6,shap,{},6,test,BalAcc_4cls,0.207
5,GLOBAL,RandomForest,SMOTE,6,shap,{},6,test,Brier_up,0.2679327107276087
5,GLOBAL,RandomForest,SMOTE,6,shap,{},6,test,ECE_up,0.13415628843397465
5,GLOBAL,RandomForest,SMOTE,6,shap,{},6,test,F1_4cls,0.2021
5,GLOBAL,RandomForest,SMOTE,6,shap,{},6,test,F1_DOWN_FORT,0.28
5,GLOBAL,RandomForest,SMOTE,6,shap,{},6,test,F1_UP_FORT,0.2122
5,GLOBAL,RandomForest,SMOTE,6,shap,{},6,test,F1_dir,0.4425
5,GLOBAL,RandomForest,SMOTE,6,shap,{},6,test,MCC_4cls,-0.0539
5,GLOBAL,RandomForest,SMOTE,6,shap,{},7,test,AUC_ovr_4cls,0.5319
5,GLOBAL,RandomForest,SMOTE,6,shap,{},7,test,Acc_dir,0.5507
5,GLOBAL,RandomForest,SMOTE,6,shap,{},7,test,BalAcc_4cls,0.2843
5,GLOBAL,RandomForest,SMOTE,6,shap,{},7,test,Brier_up,0.257127149776261
5,GLOBAL,RandomForest,SMOTE,6,shap,{},7,test,ECE_up,0.06348036453835786
5,GLOBAL,RandomForest,SMOTE,6,shap,{},7,test,F1_4cls,0.2738
5,GLOBAL,RandomForest,SMOTE,6,shap,{},7,test,F1_DOWN_FORT,0.3772
5,GLOBAL,RandomForest,SMOTE,6,shap,{},7,test,F1_UP_FORT,0.5755
5,GLOBAL,RandomForest,SMOTE,6,shap,{},7,test,F1_dir,0.5465
5,GLOBAL,RandomForest,SMOTE,6,shap,{},7,test,MCC_4cls,0.0523
5,GLOBAL,RandomForest,SMOTE,6,shap,{},8,test,AUC_ovr_4cls,0.5161
5,GLOBAL,RandomForest,SMOTE,6,shap,{},8,test,Acc_dir,0.5447
5,GLOBAL,RandomForest,SMOTE,6,shap,{},8,test,BalAcc_4cls,0.2472
5,GLOBAL,RandomForest,SMOTE,6,shap,{},8,test,Brier_up,0.2575209805665321
5,GLOBAL,RandomForest,SMOTE,6,shap,{},8,test,ECE_up,0.07208991344425675
5,GLOBAL,RandomForest,SMOTE,6,shap,{},8,test,F1_4cls,0.2402
5,GLOBAL,RandomForest,SMOTE,6,shap,{},8,test,F1_DOWN_FORT,0.4646
5,GLOBAL,RandomForest,SMOTE,6,shap,{},8,test,F1_UP_FORT,0.2941
5,GLOBAL,RandomForest,SMOTE,6,shap,{},8,test,F1_dir,0.5437
5,GLOBAL,RandomForest,SMOTE,6,shap,{},8,test,MCC_4cls,-0.0027
5,GLOBAL,RandomForest,SMOTE,6,shap,{},9,test,AUC_ovr_4cls,0.4967
5,GLOBAL,RandomForest,SMOTE,6,shap,{},9,test,Acc_dir,0.5005
5,GLOBAL,RandomForest,SMOTE,6,shap,{},9,test,BalAcc_4cls,0.2736
5,GLOBAL,RandomForest,SMOTE,6,shap,{},9,test,Brier_up,0.26772238436672186
5,GLOBAL,RandomForest,SMOTE,6,shap,{},9,test,ECE_up,0.10411090823444433
5,GLOBAL,RandomForest,SMOTE,6,shap,{},9,test,F1_4cls,0.256
5,GLOBAL,RandomForest,SMOTE,6,shap,{},9,test,F1_DOWN_FORT,0.3922
5,GLOBAL,RandomForest,SMOTE,6,shap,{},9,test,F1_UP_FORT,0.4802
5,GLOBAL,RandomForest,SMOTE,6,shap,{},9,test,F1_dir,0.4928
5,GLOBAL,RandomForest,SMOTE,6,shap,{},9,test,MCC_4cls,0.0314
5,GLOBAL,RandomForest,SMOTE,10,shap,{},0,test,AUC_ovr_4cls,0.5275
5,GLOBAL,RandomForest,SMOTE,10,shap,{},0,test,Acc_dir,0.5056
5,GLOBAL,RandomForest,SMOTE,10,shap,{},0,test,BalAcc_4cls,0.2757
5,GLOBAL,RandomForest,SMOTE,10,shap,{},0,test,Brier_up,0.2630659466577162
5,GLOBAL,RandomForest,SMOTE,10,shap,{},0,test,ECE_up,0.11790412379180873
5,GLOBAL,RandomForest,SMOTE,10,shap,{},0,test,F1_4cls,0.2629
5,GLOBAL,RandomForest,SMOTE,10,shap,{},0,test,F1_DOWN_FORT,0.5383
5,GLOBAL,RandomForest,SMOTE,10,shap,{},0,test,F1_UP_FORT,0.3598
5,GLOBAL,RandomForest,SMOTE,10,shap,{},0,test,F1_dir,0.4973
5,GLOBAL,RandomForest,SMOTE,10,shap,{},0,test,MCC_4cls,0.0399
5,GLOBAL,RandomForest,SMOTE,10,shap,{},0,test_path,Acc_dir,0.5231
5,GLOBAL,RandomForest,SMOTE,10,shap,{},0,test_path,BalAcc_4cls,0.2645
5,GLOBAL,RandomForest,SMOTE,10,shap,{},0,test_path,F1_4cls,0.2497
5,GLOBAL,RandomForest,SMOTE,10,shap,{},0,test_path,F1_DOWN_FORT,0.5115
5,GLOBAL,RandomForest,SMOTE,10,shap,{},0,test_path,F1_UP_FORT,0.4247
5,GLOBAL,RandomForest,SMOTE,10,shap,{},0,test_path,F1_dir,0.519
5,GLOBAL,RandomForest,SMOTE,10,shap,{},0,test_path,MCC_4cls,0.0232
5,GLOBAL,RandomForest,SMOTE,10,shap,{},1,test,AUC_ovr_4cls,0.5149
5,GLOBAL,RandomForest,SMOTE,10,shap,{},1,test,Acc_dir,0.504
5,GLOBAL,RandomForest,SMOTE,10,shap,{},1,test,BalAcc_4cls,0.2525
5,GLOBAL,RandomForest,SMOTE,10,shap,{},1,test,Brier_up,0.2618950430654037
5,GLOBAL,RandomForest,SMOTE,10,shap,{},1,test,ECE_up,0.11529642032990615
5,GLOBAL,RandomForest,SMOTE,10,shap,{},1,test,F1_4cls,0.2433
5,GLOBAL,RandomForest,SMOTE,10,shap,{},1,test,F1_DOWN_FORT,0.3739
5,GLOBAL,RandomForest,SMOTE,10,shap,{},1,test,F1_UP_FORT,0.4857
5,GLOBAL,RandomForest,SMOTE,10,shap,{},1,test,F1_dir,0.504
5,GLOBAL,RandomForest,SMOTE,10,shap,{},1,test,MCC_4cls,0.0076
5,GLOBAL,RandomForest,SMOTE,10,shap,{},1,test_path,Acc_dir,0.4847
5,GLOBAL,RandomForest,SMOTE,10,shap,{},1,test_path,BalAcc_4cls,0.2426
5,GLOBAL,RandomForest,SMOTE,10,shap,{},1,test_path,F1_4cls,0.2383
5,GLOBAL,RandomForest,SMOTE,10,shap,{},1,test_path,F1_DOWN_FORT,0.2616
5,GLOBAL,RandomForest,SMOTE,10,shap,{},1,test_path,F1_UP_FORT,0.4466
5,GLOBAL,RandomForest,SMOTE,10,shap,{},1,test_path,F1_dir,0.4822
5,GLOBAL,RandomForest,SMOTE,10,shap,{},1,test_path,MCC_4cls,-0.01
5,GLOBAL,RandomForest,SMOTE,10,shap,{},2,test,AUC_ovr_4cls,0.4998
5,GLOBAL,RandomForest,SMOTE,10,shap,{},2,test,Acc_dir,0.5078
5,GLOBAL,RandomForest,SMOTE,10,shap,{},2,test,BalAcc_4cls,0.2727
5,GLOBAL,RandomForest,SMOTE,10,shap,{},2,test,Brier_up,0.27214933644365136
5,GLOBAL,RandomForest,SMOTE,10,shap,{},2,test,ECE_up,0.13623929705774024
5,GLOBAL,RandomForest,SMOTE,10,shap,{},2,test,F1_4cls,0.2568
5,GLOBAL,RandomForest,SMOTE,10,shap,{},2,test,F1_DOWN_FORT,0.4508
5,GLOBAL,RandomForest,SMOTE,10,shap,{},2,test,F1_UP_FORT,0.5304
5,GLOBAL,RandomForest,SMOTE,10,shap,{},2,test,F1_dir,0.5069
5,GLOBAL,RandomForest,SMOTE,10,shap,{},2,test,MCC_4cls,0.0342
5,GLOBAL,RandomForest,SMOTE,10,shap,{},2,test_path,Acc_dir,0.5427
5,GLOBAL,RandomForest,SMOTE,10,shap,{},2,test_path,BalAcc_4cls,0.2801
5,GLOBAL,RandomForest,SMOTE,10,shap,{},2,test_path,F1_4cls,0.2784
5,GLOBAL,RandomForest,SMOTE,10,shap,{},2,test_path,F1_DOWN_FORT,0.4262
5,GLOBAL,RandomForest,SMOTE,10,shap,{},2,test_path,F1_UP_FORT,0.4226
5,GLOBAL,RandomForest,SMOTE,10,shap,{},2,test_path,F1_dir,0.5425
5,GLOBAL,RandomForest,SMOTE,10,shap,{},2,test_path,MCC_4cls,0.0413
5,GLOBAL,RandomForest,SMOTE,10,shap,{},3,test,AUC_ovr_4cls,0.5121
5,GLOBAL,RandomForest,SMOTE,10,shap,{},3,test,Acc_dir,0.53
5,GLOBAL,RandomForest,SMOTE,10,shap,{},3,test,BalAcc_4cls,0.2629
5,GLOBAL,RandomForest,SMOTE,10,shap,{},3,test,Brier_up,0.2551791119777016
5,GLOBAL,RandomForest,SMOTE,10,shap,{},3,test,ECE_up,0.09747937373614478
5,GLOBAL,RandomForest,SMOTE,10,shap,{},3,test,F1_4cls,0.2418
5,GLOBAL,RandomForest,SMOTE,10,shap,{},3,test,F1_DOWN_FORT,0.5318
5,GLOBAL,RandomForest,SMOTE,10,shap,{},3,test,F1_UP_FORT,0.347
5,GLOBAL,RandomForest,SMOTE,10,shap,{},3,test,F1_dir,0.5043
5,GLOBAL,RandomForest,SMOTE,10,shap,{},3,test,MCC_4cls,0.0232
5,GLOBAL,RandomForest,SMOTE,10,shap,{},3,test_path,Acc_dir,0.4906
5,GLOBAL,RandomForest,SMOTE,10,shap,{},3,test_path,BalAcc_4cls,0.2491
5,GLOBAL,RandomForest,SMOTE,10,shap,{},3,test_path,F1_4cls,0.2396
5,GLOBAL,RandomForest,SMOTE,10,shap,{},3,test_path,F1_DOWN_FORT,0.4777
5,GLOBAL,RandomForest,SMOTE,10,shap,{},3,test_path,F1_UP_FORT,0.3406
5,GLOBAL,RandomForest,SMOTE,10,shap,{},3,test_path,F1_dir,0.4867
5,GLOBAL,RandomForest,SMOTE,10,shap,{},3,test_path,MCC_4cls,0.0002
5,GLOBAL,RandomForest,SMOTE,10,shap,{},4,test,AUC_ovr_4cls,0.4712
5,GLOBAL,RandomForest,SMOTE,10,shap,{},4,test,Acc_dir,0.485
5,GLOBAL,RandomForest,SMOTE,10,shap,{},4,test,BalAcc_4cls,0.2258
5,GLOBAL,RandomForest,SMOTE,10,shap,{},4,test,Brier_up,0.2708600036073539
5,GLOBAL,RandomForest,SMOTE,10,shap,{},4,test,ECE_up,0.12932881252014422
5,GLOBAL,RandomForest,SMOTE,10,shap,{},4,test,F1_4cls,0.2232
5,GLOBAL,RandomForest,SMOTE,10,shap,{},4,test,F1_DOWN_FORT,0.2482
5,GLOBAL,RandomForest,SMOTE,10,shap,{},4,test,F1_UP_FORT,0.398
5,GLOBAL,RandomForest,SMOTE,10,shap,{},4,test,F1_dir,0.4741
5,GLOBAL,RandomForest,SMOTE,10,shap,{},4,test,MCC_4cls,-0.0356
5,GLOBAL,RandomForest,SMOTE,10,shap,{},5,test,AUC_ovr_4cls,0.5158
5,GLOBAL,RandomForest,SMOTE,10,shap,{},5,test,Acc_dir,0.4911
5,GLOBAL,RandomForest,SMOTE,10,shap,{},5,test,BalAcc_4cls,0.2508
5,GLOBAL,RandomForest,SMOTE,10,shap,{},5,test,Brier_up,0.2643660320729648
5,GLOBAL,RandomForest,SMOTE,10,shap,{},5,test,ECE_up,0.1271582272390565
5,GLOBAL,RandomForest,SMOTE,10,shap,{},5,test,F1_4cls,0.2291
5,GLOBAL,RandomForest,SMOTE,10,shap,{},5,test,F1_DOWN_FORT,0.2083
5,GLOBAL,RandomForest,SMOTE,10,shap,{},5,test,F1_UP_FORT,0.5548
5,GLOBAL,RandomForest,SMOTE,10,shap,{},5,test,F1_dir,0.4828
5,GLOBAL,RandomForest,SMOTE,10,shap,{},5,test,MCC_4cls,-0.0007
5,GLOBAL,RandomForest,SMOTE,10,shap,{},6,test,AUC_ovr_4cls,0.4952
5,GLOBAL,RandomForest,SMOTE,10,shap,{},6,test,Acc_dir,0.453
5,GLOBAL,RandomForest,SMOTE,10,shap,{},6,test,BalAcc_4cls,0.2311
5,GLOBAL,RandomForest,SMOTE,10,shap,{},6,test,Brier_up,0.2638577938888642
5,GLOBAL,RandomForest,SMOTE,10,shap,{},6,test,ECE_up,0.11431038532552183
5,GLOBAL,RandomForest,SMOTE,10,shap,{},6,test,F1_4cls,0.2231
5,GLOBAL,RandomForest,SMOTE,10,shap,{},6,test,F1_DOWN_FORT,0.2873
5,GLOBAL,RandomForest,SMOTE,10,shap,{},6,test,F1_UP_FORT,0.2303
5,GLOBAL,RandomForest,SMOTE,10,shap,{},6,test,F1_dir,0.4508
5,GLOBAL,RandomForest,SMOTE,10,shap,{},6,test,MCC_4cls,-0.0255
5,GLOBAL,RandomForest,SMOTE,10,shap,{},7,test,AUC_ovr_4cls,0.5547
5,GLOBAL,RandomForest,SMOTE,10,shap,{},7,test,Acc_dir,0.5664
5,GLOBAL,RandomForest,SMOTE,10,shap,{},7,test,BalAcc_4cls,0.2998
5,GLOBAL,RandomForest,SMOTE,10,shap,{},7,test,Brier_up,0.24495176536800362
5,GLOBAL,RandomForest,SMOTE,10,shap,{},7,test,ECE_up,0.030106856954476124
5,GLOBAL,RandomForest,SMOTE,10,shap,{},7,test,F1_4cls,0.294
5,GLOBAL,RandomForest,SMOTE,10,shap,{},7,test,F1_DOWN_FORT,0.5127
5,GLOBAL,RandomForest,SMOTE,10,shap,{},7,test,F1_UP_FORT,0.398
5,GLOBAL,RandomForest,SMOTE,10,shap,{},7,test,F1_dir,0.5664
5,GLOBAL,RandomForest,SMOTE,10,shap,{},7,test,MCC_4cls,0.069
5,GLOBAL,RandomForest,SMOTE,10,shap,{},8,test,AUC_ovr_4cls,0.519
5,GLOBAL,RandomForest,SMOTE,10,shap,{},8,test,Acc_dir,0.5391
5,GLOBAL,RandomForest,SMOTE,10,shap,{},8,test,BalAcc_4cls,0.2677
5,GLOBAL,RandomForest,SMOTE,10,shap,{},8,test,Brier_up,0.25707857844256743
5,GLOBAL,RandomForest,SMOTE,10,shap,{},8,test,ECE_up,0.0880608190510239
5,GLOBAL,RandomForest,SMOTE,10,shap,{},8,test,F1_4cls,0.2577
5,GLOBAL,RandomForest,SMOTE,10,shap,{},8,test,F1_DOWN_FORT,0.4963
5,GLOBAL,RandomForest,SMOTE,10,shap,{},8,test,F1_UP_FORT,0.2928
5,GLOBAL,RandomForest,SMOTE,10,shap,{},8,test,F1_dir,0.5347
5,GLOBAL,RandomForest,SMOTE,10,shap,{},8,test,MCC_4cls,0.023
5,GLOBAL,RandomForest,SMOTE,10,shap,{},9,test,AUC_ovr_4cls,0.5085
5,GLOBAL,RandomForest,SMOTE,10,shap,{},9,test,Acc_dir,0.5202
5,GLOBAL,RandomForest,SMOTE,10,shap,{},9,test,BalAcc_4cls,0.255
5,GLOBAL,RandomForest,SMOTE,10,shap,{},9,test,Brier_up,0.25650733421450195
5,GLOBAL,RandomForest,SMOTE,10,shap,{},9,test,ECE_up,0.06020759419083545
5,GLOBAL,RandomForest,SMOTE,10,shap,{},9,test,F1_4cls,0.2438
5,GLOBAL,RandomForest,SMOTE,10,shap,{},9,test,F1_DOWN_FORT,0.4958
5,GLOBAL,RandomForest,SMOTE,10,shap,{},9,test,F1_UP_FORT,0.4101
5,GLOBAL,RandomForest,SMOTE,10,shap,{},9,test,F1_dir,0.5198
5,GLOBAL,RandomForest,SMOTE,10,shap,{},9,test,MCC_4cls,0.0122
5,GLOBAL,RandomForest,SMOTE,14,shap,{},0,test,AUC_ovr_4cls,0.5331
5,GLOBAL,RandomForest,SMOTE,14,shap,{},0,test,Acc_dir,0.5282
5,GLOBAL,RandomForest,SMOTE,14,shap,{},0,test,BalAcc_4cls,0.284
5,GLOBAL,RandomForest,SMOTE,14,shap,{},0,test,Brier_up,0.25555091174197714
5,GLOBAL,RandomForest,SMOTE,14,shap,{},0,test,ECE_up,0.09189913993496525
5,GLOBAL,RandomForest,SMOTE,14,shap,{},0,test,F1_4cls,0.2664
5,GLOBAL,RandomForest,SMOTE,14,shap,{},0,test,F1_DOWN_FORT,0.552
5,GLOBAL,RandomForest,SMOTE,14,shap,{},0,test,F1_UP_FORT,0.359
5,GLOBAL,RandomForest,SMOTE,14,shap,{},0,test,F1_dir,0.5097
5,GLOBAL,RandomForest,SMOTE,14,shap,{},0,test,MCC_4cls,0.0531
5,GLOBAL,RandomForest,SMOTE,14,shap,{},0,test_path,Acc_dir,0.5285
5,GLOBAL,RandomForest,SMOTE,14,shap,{},0,test_path,BalAcc_4cls,0.2615
5,GLOBAL,RandomForest,SMOTE,14,shap,{},0,test_path,F1_4cls,0.2475
5,GLOBAL,RandomForest,SMOTE,14,shap,{},0,test_path,F1_DOWN_FORT,0.5192
5,GLOBAL,RandomForest,SMOTE,14,shap,{},0,test_path,F1_UP_FORT,0.3934
5,GLOBAL,RandomForest,SMOTE,14,shap,{},0,test_path,F1_dir,0.5199
5,GLOBAL,RandomForest,SMOTE,14,shap,{},0,test_path,MCC_4cls,0.0189
5,GLOBAL,RandomForest,SMOTE,14,shap,{},1,test,AUC_ovr_4cls,0.5159
5,GLOBAL,RandomForest,SMOTE,14,shap,{},1,test,Acc_dir,0.5052
5,GLOBAL,RandomForest,SMOTE,14,shap,{},1,test,BalAcc_4cls,0.2458
5,GLOBAL,RandomForest,SMOTE,14,shap,{},1,test,Brier_up,0.2578164610412084
5,GLOBAL,RandomForest,SMOTE,14,shap,{},1,test,ECE_up,0.10428624124418913
5,GLOBAL,RandomForest,SMOTE,14,shap,{},1,test,F1_4cls,0.2334
5,GLOBAL,RandomForest,SMOTE,14,shap,{},1,test,F1_DOWN_FORT,0.3647
5,GLOBAL,RandomForest,SMOTE,14,shap,{},1,test,F1_UP_FORT,0.5012
5,GLOBAL,RandomForest,SMOTE,14,shap,{},1,test,F1_dir,0.5042
5,GLOBAL,RandomForest,SMOTE,14,shap,{},1,test,MCC_4cls,-0.0044
5,GLOBAL,RandomForest,SMOTE,14,shap,{},1,test_path,Acc_dir,0.4834
5,GLOBAL,RandomForest,SMOTE,14,shap,{},1,test_path,BalAcc_4cls,0.236
5,GLOBAL,RandomForest,SMOTE,14,shap,{},1,test_path,F1_4cls,0.2284
5,GLOBAL,RandomForest,SMOTE,14,shap,{},1,test_path,F1_DOWN_FORT,0.2714
5,GLOBAL,RandomForest,SMOTE,14,shap,{},1,test_path,F1_UP_FORT,0.4708
5,GLOBAL,RandomForest,SMOTE,14,shap,{},1,test_path,F1_dir,0.4765
5,GLOBAL,RandomForest,SMOTE,14,shap,{},1,test_path,MCC_4cls,-0.0181
5,GLOBAL,RandomForest,SMOTE,14,shap,{},2,test,AUC_ovr_4cls,0.5007
5,GLOBAL,RandomForest,SMOTE,14,shap,{},2,test,Acc_dir,0.5022
5,GLOBAL,RandomForest,SMOTE,14,shap,{},2,test,BalAcc_4cls,0.2599
5,GLOBAL,RandomForest,SMOTE,14,shap,{},2,test,Brier_up,0.26161641446120903
5,GLOBAL,RandomForest,SMOTE,14,shap,{},2,test,ECE_up,0.09379273520334136
5,GLOBAL,RandomForest,SMOTE,14,shap,{},2,test,F1_4cls,0.2536
5,GLOBAL,RandomForest,SMOTE,14,shap,{},2,test,F1_DOWN_FORT,0.4143
5,GLOBAL,RandomForest,SMOTE,14,shap,{},2,test,F1_UP_FORT,0.4745
5,GLOBAL,RandomForest,SMOTE,14,shap,{},2,test,F1_dir,0.501
5,GLOBAL,RandomForest,SMOTE,14,shap,{},2,test,MCC_4cls,0.0166
5,GLOBAL,RandomForest,SMOTE,14,shap,{},2,test_path,Acc_dir,0.5602
5,GLOBAL,RandomForest,SMOTE,14,shap,{},2,test_path,BalAcc_4cls,0.2959
5,GLOBAL,RandomForest,SMOTE,14,shap,{},2,test_path,F1_4cls,0.2946
5,GLOBAL,RandomForest,SMOTE,14,shap,{},2,test_path,F1_DOWN_FORT,0.3969
5,GLOBAL,RandomForest,SMOTE,14,shap,{},2,test_path,F1_UP_FORT,0.4756
5,GLOBAL,RandomForest,SMOTE,14,shap,{},2,test_path,F1_dir,0.5602
5,GLOBAL,RandomForest,SMOTE,14,shap,{},2,test_path,MCC_4cls,0.0631
5,GLOBAL,RandomForest,SMOTE,14,shap,{},3,test,AUC_ovr_4cls,0.5167
5,GLOBAL,RandomForest,SMOTE,14,shap,{},3,test,Acc_dir,0.53
5,GLOBAL,RandomForest,SMOTE,14,shap,{},3,test,BalAcc_4cls,0.2583
5,GLOBAL,RandomForest,SMOTE,14,shap,{},3,test,Brier_up,0.24912975860490122
5,GLOBAL,RandomForest,SMOTE,14,shap,{},3,test,ECE_up,0.06285808154625507
5,GLOBAL,RandomForest,SMOTE,14,shap,{},3,test,F1_4cls,0.2311
5,GLOBAL,RandomForest,SMOTE,14,shap,{},3,test,F1_DOWN_FORT,0.5509
5,GLOBAL,RandomForest,SMOTE,14,shap,{},3,test,F1_UP_FORT,0.3396
5,GLOBAL,RandomForest,SMOTE,14,shap,{},3,test,F1_dir,0.4924
5,GLOBAL,RandomForest,SMOTE,14,shap,{},3,test,MCC_4cls,0.0174
5,GLOBAL,RandomForest,SMOTE,14,shap,{},3,test_path,Acc_dir,0.4816
5,GLOBAL,RandomForest,SMOTE,14,shap,{},3,test_path,BalAcc_4cls,0.2531
5,GLOBAL,RandomForest,SMOTE,14,shap,{},3,test_path,F1_4cls,0.2477
5,GLOBAL,RandomForest,SMOTE,14,shap,{},3,test_path,F1_DOWN_FORT,0.4561
5,GLOBAL,RandomForest,SMOTE,14,shap,{},3,test_path,F1_UP_FORT,0.3582
5,GLOBAL,RandomForest,SMOTE,14,shap,{},3,test_path,F1_dir,0.4798
5,GLOBAL,RandomForest,SMOTE,14,shap,{},3,test_path,MCC_4cls,0.006
5,GLOBAL,RandomForest,SMOTE,14,shap,{},4,test,AUC_ovr_4cls,0.4926
5,GLOBAL,RandomForest,SMOTE,14,shap,{},4,test,Acc_dir,0.4942
5,GLOBAL,RandomForest,SMOTE,14,shap,{},4,test,BalAcc_4cls,0.227
5,GLOBAL,RandomForest,SMOTE,14,shap,{},4,test,Brier_up,0.2599942493955895
5,GLOBAL,RandomForest,SMOTE,14,shap,{},4,test,ECE_up,0.1019108794539345
5,GLOBAL,RandomForest,SMOTE,14,shap,{},4,test,F1_4cls,0.2248
5,GLOBAL,RandomForest,SMOTE,14,shap,{},4,test,F1_DOWN_FORT,0.2671
5,GLOBAL,RandomForest,SMOTE,14,shap,{},4,test,F1_UP_FORT,0.4211
5,GLOBAL,RandomForest,SMOTE,14,shap,{},4,test,F1_dir,0.4861
5,GLOBAL,RandomForest,SMOTE,14,shap,{},4,test,MCC_4cls,-0.0317
5,GLOBAL,RandomForest,SMOTE,14,shap,{},5,test,AUC_ovr_4cls,0.5215
5,GLOBAL,RandomForest,SMOTE,14,shap,{},5,test,Acc_dir,0.5112
5,GLOBAL,RandomForest,SMOTE,14,shap,{},5,test,BalAcc_4cls,0.2723
5,GLOBAL,RandomForest,SMOTE,14,shap,{},5,test,Brier_up,0.2603981807393325
5,GLOBAL,RandomForest,SMOTE,14,shap,{},5,test,ECE_up,0.10839879175805125
5,GLOBAL,RandomForest,SMOTE,14,shap,{},5,test,F1_4cls,0.2527
5,GLOBAL,RandomForest,SMOTE,14,shap,{},5,test,F1_DOWN_FORT,0.2169
5,GLOBAL,RandomForest,SMOTE,14,shap,{},5,test,F1_UP_FORT,0.5573
5,GLOBAL,RandomForest,SMOTE,14,shap,{},5,test,F1_dir,0.5058
5,GLOBAL,RandomForest,SMOTE,14,shap,{},5,test,MCC_4cls,0.0292
5,GLOBAL,RandomForest,SMOTE,14,shap,{},6,test,AUC_ovr_4cls,0.5062
5,GLOBAL,RandomForest,SMOTE,14,shap,{},6,test,Acc_dir,0.4664
5,GLOBAL,RandomForest,SMOTE,14,shap,{},6,test,BalAcc_4cls,0.2426
5,GLOBAL,RandomForest,SMOTE,14,shap,{},6,test,Brier_up,0.2619100638320902
5,GLOBAL,RandomForest,SMOTE,14,shap,{},6,test,ECE_up,0.11886023342529127
5,GLOBAL,RandomForest,SMOTE,14,shap,{},6,test,F1_4cls,0.2366
5,GLOBAL,RandomForest,SMOTE,14,shap,{},6,test,F1_DOWN_FORT,0.3526
5,GLOBAL,RandomForest,SMOTE,14,shap,{},6,test,F1_UP_FORT,0.243
5,GLOBAL,RandomForest,SMOTE,14,shap,{},6,test,F1_dir,0.4664
5,GLOBAL,RandomForest,SMOTE,14,shap,{},6,test,MCC_4cls,-0.0058
5,GLOBAL,RandomForest,SMOTE,14,shap,{},7,test,AUC_ovr_4cls,0.5438
5,GLOBAL,RandomForest,SMOTE,14,shap,{},7,test,Acc_dir,0.5732
5,GLOBAL,RandomForest,SMOTE,14,shap,{},7,test,BalAcc_4cls,0.2997
5,GLOBAL,RandomForest,SMOTE,14,shap,{},7,test,Brier_up,0.24832133645642684
5,GLOBAL,RandomForest,SMOTE,14,shap,{},7,test,ECE_up,0.060405286737078324
5,GLOBAL,RandomForest,SMOTE,14,shap,{},7,test,F1_4cls,0.2954
5,GLOBAL,RandomForest,SMOTE,14,shap,{},7,test,F1_DOWN_FORT,0.4186
5,GLOBAL,RandomForest,SMOTE,14,shap,{},7,test,F1_UP_FORT,0.5279
5,GLOBAL,RandomForest,SMOTE,14,shap,{},7,test,F1_dir,0.5662
5,GLOBAL,RandomForest,SMOTE,14,shap,{},7,test,MCC_4cls,0.0709
5,GLOBAL,RandomForest,SMOTE,14,shap,{},8,test,AUC_ovr_4cls,0.5215
5,GLOBAL,RandomForest,SMOTE,14,shap,{},8,test,Acc_dir,0.5289
5,GLOBAL,RandomForest,SMOTE,14,shap,{},8,test,BalAcc_4cls,0.2747
5,GLOBAL,RandomForest,SMOTE,14,shap,{},8,test,Brier_up,0.2552626336046662
5,GLOBAL,RandomForest,SMOTE,14,shap,{},8,test,ECE_up,0.07559737389158105
5,GLOBAL,RandomForest,SMOTE,14,shap,{},8,test,F1_4cls,0.2646
5,GLOBAL,RandomForest,SMOTE,14,shap,{},8,test,F1_DOWN_FORT,0.4794
5,GLOBAL,RandomForest,SMOTE,14,shap,{},8,test,F1_UP_FORT,0.2596
5,GLOBAL,RandomForest,SMOTE,14,shap,{},8,test,F1_dir,0.5216
5,GLOBAL,RandomForest,SMOTE,14,shap,{},8,test,MCC_4cls,0.0295
5,GLOBAL,RandomForest,SMOTE,14,shap,{},9,test,AUC_ovr_4cls,0.5203
5,GLOBAL,RandomForest,SMOTE,14,shap,{},9,test,Acc_dir,0.4951
5,GLOBAL,RandomForest,SMOTE,14,shap,{},9,test,BalAcc_4cls,0.2509
5,GLOBAL,RandomForest,SMOTE,14,shap,{},9,test,Brier_up,0.24983531977504475
5,GLOBAL,RandomForest,SMOTE,14,shap,{},9,test,ECE_up,0.05512544304968284
5,GLOBAL,RandomForest,SMOTE,14,shap,{},9,test,F1_4cls,0.2427
5,GLOBAL,RandomForest,SMOTE,14,shap,{},9,test,F1_DOWN_FORT,0.4366
5,GLOBAL,RandomForest,SMOTE,14,shap,{},9,test,F1_UP_FORT,0.4615
5,GLOBAL,RandomForest,SMOTE,14,shap,{},9,test,F1_dir,0.4941
5,GLOBAL,RandomForest,SMOTE,14,shap,{},9,test,MCC_4cls,0.0054
5,GLOBAL,XGBoost,SMOTE,6,shap,{},0,test,AUC_ovr_4cls,0.5427
5,GLOBAL,XGBoost,SMOTE,6,shap,{},0,test,Acc_dir,0.5271
5,GLOBAL,XGBoost,SMOTE,6,shap,{},0,test,BalAcc_4cls,0.2981
5,GLOBAL,XGBoost,SMOTE,6,shap,{},0,test,Brier_up,0.2887346522032615
5,GLOBAL,XGBoost,SMOTE,6,shap,{},0,test,ECE_up,0.18841462226428987
5,GLOBAL,XGBoost,SMOTE,6,shap,{},0,test,F1_4cls,0.2889
5,GLOBAL,XGBoost,SMOTE,6,shap,{},0,test,F1_DOWN_FORT,0.4877
5,GLOBAL,XGBoost,SMOTE,6,shap,{},0,test,F1_UP_FORT,0.3863
5,GLOBAL,XGBoost,SMOTE,6,shap,{},0,test,F1_dir,0.5187
5,GLOBAL,XGBoost,SMOTE,6,shap,{},0,test,MCC_4cls,0.0678
5,GLOBAL,XGBoost,SMOTE,6,shap,{},0,test_path,Acc_dir,0.5272
5,GLOBAL,XGBoost,SMOTE,6,shap,{},0,test_path,BalAcc_4cls,0.2698
5,GLOBAL,XGBoost,SMOTE,6,shap,{},0,test_path,F1_4cls,0.2673
5,GLOBAL,XGBoost,SMOTE,6,shap,{},0,test_path,F1_DOWN_FORT,0.4226
5,GLOBAL,XGBoost,SMOTE,6,shap,{},0,test_path,F1_UP_FORT,0.4211
5,GLOBAL,XGBoost,SMOTE,6,shap,{},0,test_path,F1_dir,0.5255
5,GLOBAL,XGBoost,SMOTE,6,shap,{},0,test_path,MCC_4cls,0.0282
5,GLOBAL,XGBoost,SMOTE,6,shap,{},1,test,AUC_ovr_4cls,0.5245
5,GLOBAL,XGBoost,SMOTE,6,shap,{},1,test,Acc_dir,0.5431
5,GLOBAL,XGBoost,SMOTE,6,shap,{},1,test,BalAcc_4cls,0.2745
5,GLOBAL,XGBoost,SMOTE,6,shap,{},1,test,Brier_up,0.2847465265058295
5,GLOBAL,XGBoost,SMOTE,6,shap,{},1,test,ECE_up,0.15440797904264675
5,GLOBAL,XGBoost,SMOTE,6,shap,{},1,test,F1_4cls,0.2601
5,GLOBAL,XGBoost,SMOTE,6,shap,{},1,test,F1_DOWN_FORT,0.4231
5,GLOBAL,XGBoost,SMOTE,6,shap,{},1,test,F1_UP_FORT,0.512
5,GLOBAL,XGBoost,SMOTE,6,shap,{},1,test,F1_dir,0.5427
5,GLOBAL,XGBoost,SMOTE,6,shap,{},1,test,MCC_4cls,0.0357
5,GLOBAL,XGBoost,SMOTE,6,shap,{},1,test_path,Acc_dir,0.491
5,GLOBAL,XGBoost,SMOTE,6,shap,{},1,test_path,BalAcc_4cls,0.2412
5,GLOBAL,XGBoost,SMOTE,6,shap,{},1,test_path,F1_4cls,0.2396
5,GLOBAL,XGBoost,SMOTE,6,shap,{},1,test_path,F1_DOWN_FORT,0.3506
5,GLOBAL,XGBoost,SMOTE,6,shap,{},1,test_path,F1_UP_FORT,0.4068
5,GLOBAL,XGBoost,SMOTE,6,shap,{},1,test_path,F1_dir,0.491
5,GLOBAL,XGBoost,SMOTE,6,shap,{},1,test_path,MCC_4cls,-0.0103
5,GLOBAL,XGBoost,SMOTE,6,shap,{},2,test,AUC_ovr_4cls,0.4845
5,GLOBAL,XGBoost,SMOTE,6,shap,{},2,test,Acc_dir,0.4544
5,GLOBAL,XGBoost,SMOTE,6,shap,{},2,test,BalAcc_4cls,0.2284
5,GLOBAL,XGBoost,SMOTE,6,shap,{},2,test,Brier_up,0.318781601247394
5,GLOBAL,XGBoost,SMOTE,6,shap,{},2,test,ECE_up,0.23976128774384659
5,GLOBAL,XGBoost,SMOTE,6,shap,{},2,test,F1_4cls,0.2189
5,GLOBAL,XGBoost,SMOTE,6,shap,{},2,test,F1_DOWN_FORT,0.2575
5,GLOBAL,XGBoost,SMOTE,6,shap,{},2,test,F1_UP_FORT,0.4786
5,GLOBAL,XGBoost,SMOTE,6,shap,{},2,test,F1_dir,0.4539
5,GLOBAL,XGBoost,SMOTE,6,shap,{},2,test,MCC_4cls,-0.0284
5,GLOBAL,XGBoost,SMOTE,6,shap,{},2,test_path,Acc_dir,0.5144
5,GLOBAL,XGBoost,SMOTE,6,shap,{},2,test_path,BalAcc_4cls,0.2723
5,GLOBAL,XGBoost,SMOTE,6,shap,{},2,test_path,F1_4cls,0.2661
5,GLOBAL,XGBoost,SMOTE,6,shap,{},2,test_path,F1_DOWN_FORT,0.3455
5,GLOBAL,XGBoost,SMOTE,6,shap,{},2,test_path,F1_UP_FORT,0.4942
5,GLOBAL,XGBoost,SMOTE,6,shap,{},2,test_path,F1_dir,0.5121
5,GLOBAL,XGBoost,SMOTE,6,shap,{},2,test_path,MCC_4cls,0.0297
5,GLOBAL,XGBoost,SMOTE,6,shap,{},3,test,AUC_ovr_4cls,0.5023
5,GLOBAL,XGBoost,SMOTE,6,shap,{},3,test,Acc_dir,0.5011
5,GLOBAL,XGBoost,SMOTE,6,shap,{},3,test,BalAcc_4cls,0.2348
5,GLOBAL,XGBoost,SMOTE,6,shap,{},3,test,Brier_up,0.28456325592976156
5,GLOBAL,XGBoost,SMOTE,6,shap,{},3,test,ECE_up,0.16573495473557467
5,GLOBAL,XGBoost,SMOTE,6,shap,{},3,test,F1_4cls,0.2339
5,GLOBAL,XGBoost,SMOTE,6,shap,{},3,test,F1_DOWN_FORT,0.3641
5,GLOBAL,XGBoost,SMOTE,6,shap,{},3,test,F1_UP_FORT,0.3363
5,GLOBAL,XGBoost,SMOTE,6,shap,{},3,test,F1_dir,0.4928
5,GLOBAL,XGBoost,SMOTE,6,shap,{},3,test,MCC_4cls,-0.0203
5,GLOBAL,XGBoost,SMOTE,6,shap,{},3,test_path,Acc_dir,0.4897
5,GLOBAL,XGBoost,SMOTE,6,shap,{},3,test_path,BalAcc_4cls,0.2475
5,GLOBAL,XGBoost,SMOTE,6,shap,{},3,test_path,F1_4cls,0.2461
5,GLOBAL,XGBoost,SMOTE,6,shap,{},3,test_path,F1_DOWN_FORT,0.37
5,GLOBAL,XGBoost,SMOTE,6,shap,{},3,test_path,F1_UP_FORT,0.3563
5,GLOBAL,XGBoost,SMOTE,6,shap,{},3,test_path,F1_dir,0.4893
5,GLOBAL,XGBoost,SMOTE,6,shap,{},3,test_path,MCC_4cls,-0.0045
5,GLOBAL,XGBoost,SMOTE,6,shap,{},4,test,AUC_ovr_4cls,0.5111
5,GLOBAL,XGBoost,SMOTE,6,shap,{},4,test,Acc_dir,0.5058
5,GLOBAL,XGBoost,SMOTE,6,shap,{},4,test,BalAcc_4cls,0.2552
5,GLOBAL,XGBoost,SMOTE,6,shap,{},4,test,Brier_up,0.29555674434888807
5,GLOBAL,XGBoost,SMOTE,6,shap,{},4,test,ECE_up,0.19179606336932886
5,GLOBAL,XGBoost,SMOTE,6,shap,{},4,test,F1_4cls,0.2524
5,GLOBAL,XGBoost,SMOTE,6,shap,{},4,test,F1_DOWN_FORT,0.4339
5,GLOBAL,XGBoost,SMOTE,6,shap,{},4,test,F1_UP_FORT,0.3581
5,GLOBAL,XGBoost,SMOTE,6,shap,{},4,test,F1_dir,0.5024
5,GLOBAL,XGBoost,SMOTE,6,shap,{},4,test,MCC_4cls,0.0045
5,GLOBAL,XGBoost,SMOTE,6,shap,{},5,test,AUC_ovr_4cls,0.5161
5,GLOBAL,XGBoost,SMOTE,6,shap,{},5,test,Acc_dir,0.4978
5,GLOBAL,XGBoost,SMOTE,6,shap,{},5,test,BalAcc_4cls,0.2656
5,GLOBAL,XGBoost,SMOTE,6,shap,{},5,test,Brier_up,0.28199333994837417
5,GLOBAL,XGBoost,SMOTE,6,shap,{},5,test,ECE_up,0.1598842354914303
5,GLOBAL,XGBoost,SMOTE,6,shap,{},5,test,F1_4cls,0.2536
5,GLOBAL,XGBoost,SMOTE,6,shap,{},5,test,F1_DOWN_FORT,0.3039
5,GLOBAL,XGBoost,SMOTE,6,shap,{},5,test,F1_UP_FORT,0.4286
5,GLOBAL,XGBoost,SMOTE,6,shap,{},5,test,F1_dir,0.493
5,GLOBAL,XGBoost,SMOTE,6,shap,{},5,test,MCC_4cls,0.0197
5,GLOBAL,XGBoost,SMOTE,6,shap,{},6,test,AUC_ovr_4cls,0.4729
5,GLOBAL,XGBoost,SMOTE,6,shap,{},6,test,Acc_dir,0.4597
5,GLOBAL,XGBoost,SMOTE,6,shap,{},6,test,BalAcc_4cls,0.2253
5,GLOBAL,XGBoost,SMOTE,6,shap,{},6,test,Brier_up,0.29867155019184466
5,GLOBAL,XGBoost,SMOTE,6,shap,{},6,test,ECE_up,0.19072693384042055
5,GLOBAL,XGBoost,SMOTE,6,shap,{},6,test,F1_4cls,0.2225
5,GLOBAL,XGBoost,SMOTE,6,shap,{},6,test,F1_DOWN_FORT,0.2914
5,GLOBAL,XGBoost,SMOTE,6,shap,{},6,test,F1_UP_FORT,0.2814
5,GLOBAL,XGBoost,SMOTE,6,shap,{},6,test,F1_dir,0.4586
5,GLOBAL,XGBoost,SMOTE,6,shap,{},6,test,MCC_4cls,-0.031
5,GLOBAL,XGBoost,SMOTE,6,shap,{},7,test,AUC_ovr_4cls,0.5297
5,GLOBAL,XGBoost,SMOTE,6,shap,{},7,test,Acc_dir,0.5383
5,GLOBAL,XGBoost,SMOTE,6,shap,{},7,test,BalAcc_4cls,0.2778
5,GLOBAL,XGBoost,SMOTE,6,shap,{},7,test,Brier_up,0.2975017826038716
5,GLOBAL,XGBoost,SMOTE,6,shap,{},7,test,ECE_up,0.1668195623908662
5,GLOBAL,XGBoost,SMOTE,6,shap,{},7,test,F1_4cls,0.2693
5,GLOBAL,XGBoost,SMOTE,6,shap,{},7,test,F1_DOWN_FORT,0.3208
5,GLOBAL,XGBoost,SMOTE,6,shap,{},7,test,F1_UP_FORT,0.5667
5,GLOBAL,XGBoost,SMOTE,6,shap,{},7,test,F1_dir,0.5326
5,GLOBAL,XGBoost,SMOTE,6,shap,{},7,test,MCC_4cls,0.0411
5,GLOBAL,XGBoost,SMOTE,6,shap,{},8,test,AUC_ovr_4cls,0.5276
5,GLOBAL,XGBoost,SMOTE,6,shap,{},8,test,Acc_dir,0.547
5,GLOBAL,XGBoost,SMOTE,6,shap,{},8,test,BalAcc_4cls,0.2748
5,GLOBAL,XGBoost,SMOTE,6,shap,{},8,test,Brier_up,0.2712434085023536
5,GLOBAL,XGBoost,SMOTE,6,shap,{},8,test,ECE_up,0.11827868217389317
5,GLOBAL,XGBoost,SMOTE,6,shap,{},8,test,F1_4cls,0.2694
5,GLOBAL,XGBoost,SMOTE,6,shap,{},8,test,F1_DOWN_FORT,0.4679
5,GLOBAL,XGBoost,SMOTE,6,shap,{},8,test,F1_UP_FORT,0.3333
5,GLOBAL,XGBoost,SMOTE,6,shap,{},8,test,F1_dir,0.5467
5,GLOBAL,XGBoost,SMOTE,6,shap,{},8,test,MCC_4cls,0.0325
5,GLOBAL,XGBoost,SMOTE,6,shap,{},9,test,AUC_ovr_4cls,0.4917
5,GLOBAL,XGBoost,SMOTE,6,shap,{},9,test,Acc_dir,0.4842
5,GLOBAL,XGBoost,SMOTE,6,shap,{},9,test,BalAcc_4cls,0.2525
5,GLOBAL,XGBoost,SMOTE,6,shap,{},9,test,Brier_up,0.2989556470991749
5,GLOBAL,XGBoost,SMOTE,6,shap,{},9,test,ECE_up,0.18383365371056318
5,GLOBAL,XGBoost,SMOTE,6,shap,{},9,test,F1_4cls,0.2441
5,GLOBAL,XGBoost,SMOTE,6,shap,{},9,test,F1_DOWN_FORT,0.3367
5,GLOBAL,XGBoost,SMOTE,6,shap,{},9,test,F1_UP_FORT,0.4494
5,GLOBAL,XGBoost,SMOTE,6,shap,{},9,test,F1_dir,0.4789
5,GLOBAL,XGBoost,SMOTE,6,shap,{},9,test,MCC_4cls,-0.0018
5,GLOBAL,XGBoost,SMOTE,10,shap,{},0,test,AUC_ovr_4cls,0.5322
5,GLOBAL,XGBoost,SMOTE,10,shap,{},0,test,Acc_dir,0.5181
5,GLOBAL,XGBoost,SMOTE,10,shap,{},0,test,BalAcc_4cls,0.2922
5,GLOBAL,XGBoost,SMOTE,10,shap,{},0,test,Brier_up,0.3097940942797456
5,GLOBAL,XGBoost,SMOTE,10,shap,{},0,test,ECE_up,0.2217976357230736
5,GLOBAL,XGBoost,SMOTE,10,shap,{},0,test,F1_4cls,0.2872
5,GLOBAL,XGBoost,SMOTE,10,shap,{},0,test,F1_DOWN_FORT,0.4783
5,GLOBAL,XGBoost,SMOTE,10,shap,{},0,test,F1_UP_FORT,0.3563
5,GLOBAL,XGBoost,SMOTE,10,shap,{},0,test,F1_dir,0.5125
5,GLOBAL,XGBoost,SMOTE,10,shap,{},0,test,MCC_4cls,0.0606
5,GLOBAL,XGBoost,SMOTE,10,shap,{},0,test_path,Acc_dir,0.5263
5,GLOBAL,XGBoost,SMOTE,10,shap,{},0,test_path,BalAcc_4cls,0.2725
5,GLOBAL,XGBoost,SMOTE,10,shap,{},0,test_path,F1_4cls,0.2695
5,GLOBAL,XGBoost,SMOTE,10,shap,{},0,test_path,F1_DOWN_FORT,0.4543
5,GLOBAL,XGBoost,SMOTE,10,shap,{},0,test_path,F1_UP_FORT,0.409
5,GLOBAL,XGBoost,SMOTE,10,shap,{},0,test_path,F1_dir,0.5242
5,GLOBAL,XGBoost,SMOTE,10,shap,{},0,test_path,MCC_4cls,0.031
5,GLOBAL,XGBoost,SMOTE,10,shap,{},1,test,AUC_ovr_4cls,0.5255
5,GLOBAL,XGBoost,SMOTE,10,shap,{},1,test,Acc_dir,0.535
5,GLOBAL,XGBoost,SMOTE,10,shap,{},1,test,BalAcc_4cls,0.2759
5,GLOBAL,XGBoost,SMOTE,10,shap,{},1,test,Brier_up,0.2922747831271823
5,GLOBAL,XGBoost,SMOTE,10,shap,{},1,test,ECE_up,0.1721246586901368
5,GLOBAL,XGBoost,SMOTE,10,shap,{},1,test,F1_4cls,0.269
5,GLOBAL,XGBoost,SMOTE,10,shap,{},1,test,F1_DOWN_FORT,0.3966
5,GLOBAL,XGBoost,SMOTE,10,shap,{},1,test,F1_UP_FORT,0.4726
5,GLOBAL,XGBoost,SMOTE,10,shap,{},1,test,F1_dir,0.535
5,GLOBAL,XGBoost,SMOTE,10,shap,{},1,test,MCC_4cls,0.0344
5,GLOBAL,XGBoost,SMOTE,10,shap,{},1,test_path,Acc_dir,0.5063
5,GLOBAL,XGBoost,SMOTE,10,shap,{},1,test_path,BalAcc_4cls,0.2585
5,GLOBAL,XGBoost,SMOTE,10,shap,{},1,test_path,F1_4cls,0.2576
5,GLOBAL,XGBoost,SMOTE,10,shap,{},1,test_path,F1_DOWN_FORT,0.3537
5,GLOBAL,XGBoost,SMOTE,10,shap,{},1,test_path,F1_UP_FORT,0.4196
5,GLOBAL,XGBoost,SMOTE,10,shap,{},1,test_path,F1_dir,0.5063
5,GLOBAL,XGBoost,SMOTE,10,shap,{},1,test_path,MCC_4cls,0.0122
5,GLOBAL,XGBoost,SMOTE,10,shap,{},2,test,AUC_ovr_4cls,0.5066
5,GLOBAL,XGBoost,SMOTE,10,shap,{},2,test,Acc_dir,0.5078
5,GLOBAL,XGBoost,SMOTE,10,shap,{},2,test,BalAcc_4cls,0.2524
5,GLOBAL,XGBoost,SMOTE,10,shap,{},2,test,Brier_up,0.3224698995457008
5,GLOBAL,XGBoost,SMOTE,10,shap,{},2,test,ECE_up,0.23432646457002396
5,GLOBAL,XGBoost,SMOTE,10,shap,{},2,test,F1_4cls,0.2448
5,GLOBAL,XGBoost,SMOTE,10,shap,{},2,test,F1_DOWN_FORT,0.3198
5,GLOBAL,XGBoost,SMOTE,10,shap,{},2,test,F1_UP_FORT,0.4988
5,GLOBAL,XGBoost,SMOTE,10,shap,{},2,test,F1_dir,0.5072
5,GLOBAL,XGBoost,SMOTE,10,shap,{},2,test,MCC_4cls,0.0045
5,GLOBAL,XGBoost,SMOTE,10,shap,{},2,test_path,Acc_dir,0.5445
5,GLOBAL,XGBoost,SMOTE,10,shap,{},2,test_path,BalAcc_4cls,0.2656
5,GLOBAL,XGBoost,SMOTE,10,shap,{},2,test_path,F1_4cls,0.2643
5,GLOBAL,XGBoost,SMOTE,10,shap,{},2,test_path,F1_DOWN_FORT,0.369
5,GLOBAL,XGBoost,SMOTE,10,shap,{},2,test_path,F1_UP_FORT,0.4341
5,GLOBAL,XGBoost,SMOTE,10,shap,{},2,test_path,F1_dir,0.5445
5,GLOBAL,XGBoost,SMOTE,10,shap,{},2,test_path,MCC_4cls,0.022
5,GLOBAL,XGBoost,SMOTE,10,shap,{},3,test,AUC_ovr_4cls,0.5121
5,GLOBAL,XGBoost,SMOTE,10,shap,{},3,test,Acc_dir,0.4956
5,GLOBAL,XGBoost,SMOTE,10,shap,{},3,test,BalAcc_4cls,0.2476
5,GLOBAL,XGBoost,SMOTE,10,shap,{},3,test,Brier_up,0.29514504356978366
5,GLOBAL,XGBoost,SMOTE,10,shap,{},3,test,ECE_up,0.2078882933811595
5,GLOBAL,XGBoost,SMOTE,10,shap,{},3,test,F1_4cls,0.2331
5,GLOBAL,XGBoost,SMOTE,10,shap,{},3,test,F1_DOWN_FORT,0.4989
5,GLOBAL,XGBoost,SMOTE,10,shap,{},3,test,F1_UP_FORT,0.3446
5,GLOBAL,XGBoost,SMOTE,10,shap,{},3,test,F1_dir,0.4791
5,GLOBAL,XGBoost,SMOTE,10,shap,{},3,test,MCC_4cls,-0.0043
5,GLOBAL,XGBoost,SMOTE,10,shap,{},3,test_path,Acc_dir,0.4793
5,GLOBAL,XGBoost,SMOTE,10,shap,{},3,test_path,BalAcc_4cls,0.2426
5,GLOBAL,XGBoost,SMOTE,10,shap,{},3,test_path,F1_4cls,0.237
5,GLOBAL,XGBoost,SMOTE,10,shap,{},3,test_path,F1_DOWN_FORT,0.4449
5,GLOBAL,XGBoost,SMOTE,10,shap,{},3,test_path,F1_UP_FORT,0.3446
5,GLOBAL,XGBoost,SMOTE,10,shap,{},3,test_path,F1_dir,0.4766
5,GLOBAL,XGBoost,SMOTE,10,shap,{},3,test_path,MCC_4cls,-0.0114
5,GLOBAL,XGBoost,SMOTE,10,shap,{},4,test,AUC_ovr_4cls,0.5166
5,GLOBAL,XGBoost,SMOTE,10,shap,{},4,test,Acc_dir,0.515
5,GLOBAL,XGBoost,SMOTE,10,shap,{},4,test,BalAcc_4cls,0.256
5,GLOBAL,XGBoost,SMOTE,10,shap,{},4,test,Brier_up,0.28949213826410686
5,GLOBAL,XGBoost,SMOTE,10,shap,{},4,test,ECE_up,0.16437254580835414
5,GLOBAL,XGBoost,SMOTE,10,shap,{},4,test,F1_4cls,0.2536
5,GLOBAL,XGBoost,SMOTE,10,shap,{},4,test,F1_DOWN_FORT,0.4394
5,GLOBAL,XGBoost,SMOTE,10,shap,{},4,test,F1_UP_FORT,0.3612
5,GLOBAL,XGBoost,SMOTE,10,shap,{},4,test,F1_dir,0.5146
5,GLOBAL,XGBoost,SMOTE,10,shap,{},4,test,MCC_4cls,0.0077
5,GLOBAL,XGBoost,SMOTE,10,shap,{},5,test,AUC_ovr_4cls,0.5053
5,GLOBAL,XGBoost,SMOTE,10,shap,{},5,test,Acc_dir,0.5257
5,GLOBAL,XGBoost,SMOTE,10,shap,{},5,test,BalAcc_4cls,0.245
5,GLOBAL,XGBoost,SMOTE,10,shap,{},5,test,Brier_up,0.28426054326404554
5,GLOBAL,XGBoost,SMOTE,10,shap,{},5,test,ECE_up,0.17519417455887643
5,GLOBAL,XGBoost,SMOTE,10,shap,{},5,test,F1_4cls,0.2334
5,GLOBAL,XGBoost,SMOTE,10,shap,{},5,test,F1_DOWN_FORT,0.259
5,GLOBAL,XGBoost,SMOTE,10,shap,{},5,test,F1_UP_FORT,0.489
5,GLOBAL,XGBoost,SMOTE,10,shap,{},5,test,F1_dir,0.5226
5,GLOBAL,XGBoost,SMOTE,10,shap,{},5,test,MCC_4cls,-0.0035
5,GLOBAL,XGBoost,SMOTE,10,shap,{},6,test,AUC_ovr_4cls,0.4902
5,GLOBAL,XGBoost,SMOTE,10,shap,{},6,test,Acc_dir,0.472
5,GLOBAL,XGBoost,SMOTE,10,shap,{},6,test,BalAcc_4cls,0.2505
5,GLOBAL,XGBoost,SMOTE,10,shap,{},6,test,Brier_up,0.3096998507138347
5,GLOBAL,XGBoost,SMOTE,10,shap,{},6,test,ECE_up,0.2143604869327156
5,GLOBAL,XGBoost,SMOTE,10,shap,{},6,test,F1_4cls,0.2441
5,GLOBAL,XGBoost,SMOTE,10,shap,{},6,test,F1_DOWN_FORT,0.3099
5,GLOBAL,XGBoost,SMOTE,10,shap,{},6,test,F1_UP_FORT,0.2821
5,GLOBAL,XGBoost,SMOTE,10,shap,{},6,test,F1_dir,0.4656
5,GLOBAL,XGBoost,SMOTE,10,shap,{},6,test,MCC_4cls,-0.001
5,GLOBAL,XGBoost,SMOTE,10,shap,{},7,test,AUC_ovr_4cls,0.539
5,GLOBAL,XGBoost,SMOTE,10,shap,{},7,test,Acc_dir,0.5417
5,GLOBAL,XGBoost,SMOTE,10,shap,{},7,test,BalAcc_4cls,0.2715
5,GLOBAL,XGBoost,SMOTE,10,shap,{},7,test,Brier_up,0.2729328549100556
5,GLOBAL,XGBoost,SMOTE,10,shap,{},7,test,ECE_up,0.1398645603100073
5,GLOBAL,XGBoost,SMOTE,10,shap,{},7,test,F1_4cls,0.2696
5,GLOBAL,XGBoost,SMOTE,10,shap,{},7,test,F1_DOWN_FORT,0.386
5,GLOBAL,XGBoost,SMOTE,10,shap,{},7,test,F1_UP_FORT,0.465
5,GLOBAL,XGBoost,SMOTE,10,shap,{},7,test,F1_dir,0.5378
5,GLOBAL,XGBoost,SMOTE,10,shap,{},7,test,MCC_4cls,0.0287
5,GLOBAL,XGBoost,SMOTE,10,shap,{},8,test,AUC_ovr_4cls,0.5169
5,GLOBAL,XGBoost,SMOTE,10,shap,{},8,test,Acc_dir,0.53
5,GLOBAL,XGBoost,SMOTE,10,shap,{},8,test,BalAcc_4cls,0.2636
5,GLOBAL,XGBoost,SMOTE,10,shap,{},8,test,Brier_up,0.280817401767982
5,GLOBAL,XGBoost,SMOTE,10,shap,{},8,test,ECE_up,0.15808724905422222
5,GLOBAL,XGBoost,SMOTE,10,shap,{},8,test,F1_4cls,0.2526
5,GLOBAL,XGBoost,SMOTE,10,shap,{},8,test,F1_DOWN_FORT,0.4988
5,GLOBAL,XGBoost,SMOTE,10,shap,{},8,test,F1_UP_FORT,0.267
5,GLOBAL,XGBoost,SMOTE,10,shap,{},8,test,F1_dir,0.5251
5,GLOBAL,XGBoost,SMOTE,10,shap,{},8,test,MCC_4cls,0.0165
5,GLOBAL,XGBoost,SMOTE,10,shap,{},9,test,AUC_ovr_4cls,0.5015
5,GLOBAL,XGBoost,SMOTE,10,shap,{},9,test,Acc_dir,0.5016
5,GLOBAL,XGBoost,SMOTE,10,shap,{},9,test,BalAcc_4cls,0.2497
5,GLOBAL,XGBoost,SMOTE,10,shap,{},9,test,Brier_up,0.2888618383795222
5,GLOBAL,XGBoost,SMOTE,10,shap,{},9,test,ECE_up,0.16563885734338346
5,GLOBAL,XGBoost,SMOTE,10,shap,{},9,test,F1_4cls,0.2428
5,GLOBAL,XGBoost,SMOTE,10,shap,{},9,test,F1_DOWN_FORT,0.4429
5,GLOBAL,XGBoost,SMOTE,10,shap,{},9,test,F1_UP_FORT,0.4177
5,GLOBAL,XGBoost,SMOTE,10,shap,{},9,test,F1_dir,0.5014
5,GLOBAL,XGBoost,SMOTE,10,shap,{},9,test,MCC_4cls,-0.0003
5,GLOBAL,XGBoost,SMOTE,14,shap,{},0,test,AUC_ovr_4cls,0.5407
5,GLOBAL,XGBoost,SMOTE,14,shap,{},0,test,Acc_dir,0.5293
5,GLOBAL,XGBoost,SMOTE,14,shap,{},0,test,BalAcc_4cls,0.2893
5,GLOBAL,XGBoost,SMOTE,14,shap,{},0,test,Brier_up,0.2958155412806222
5,GLOBAL,XGBoost,SMOTE,14,shap,{},0,test,ECE_up,0.19419064064316754
5,GLOBAL,XGBoost,SMOTE,14,shap,{},0,test,F1_4cls,0.2861
5,GLOBAL,XGBoost,SMOTE,14,shap,{},0,test,F1_DOWN_FORT,0.44
5,GLOBAL,XGBoost,SMOTE,14,shap,{},0,test,F1_UP_FORT,0.3735
5,GLOBAL,XGBoost,SMOTE,14,shap,{},0,test,F1_dir,0.5258
5,GLOBAL,XGBoost,SMOTE,14,shap,{},0,test,MCC_4cls,0.0553
5,GLOBAL,XGBoost,SMOTE,14,shap,{},0,test_path,Acc_dir,0.5254
5,GLOBAL,XGBoost,SMOTE,14,shap,{},0,test_path,BalAcc_4cls,0.264
5,GLOBAL,XGBoost,SMOTE,14,shap,{},0,test_path,F1_4cls,0.2615
5,GLOBAL,XGBoost,SMOTE,14,shap,{},0,test_path,F1_DOWN_FORT,0.4566
5,GLOBAL,XGBoost,SMOTE,14,shap,{},0,test_path,F1_UP_FORT,0.3935
5,GLOBAL,XGBoost,SMOTE,14,shap,{},0,test_path,F1_dir,0.5223
5,GLOBAL,XGBoost,SMOTE,14,shap,{},0,test_path,MCC_4cls,0.0228
5,GLOBAL,XGBoost,SMOTE,14,shap,{},1,test,AUC_ovr_4cls,0.5183
5,GLOBAL,XGBoost,SMOTE,14,shap,{},1,test,Acc_dir,0.5178
5,GLOBAL,XGBoost,SMOTE,14,shap,{},1,test,BalAcc_4cls,0.249
5,GLOBAL,XGBoost,SMOTE,14,shap,{},1,test,Brier_up,0.2890833882236515
5,GLOBAL,XGBoost,SMOTE,14,shap,{},1,test,ECE_up,0.16724556708766147
5,GLOBAL,XGBoost,SMOTE,14,shap,{},1,test,F1_4cls,0.2438
5,GLOBAL,XGBoost,SMOTE,14,shap,{},1,test,F1_DOWN_FORT,0.4152
5,GLOBAL,XGBoost,SMOTE,14,shap,{},1,test,F1_UP_FORT,0.4112
5,GLOBAL,XGBoost,SMOTE,14,shap,{},1,test,F1_dir,0.5178
5,GLOBAL,XGBoost,SMOTE,14,shap,{},1,test,MCC_4cls,0.0005
5,GLOBAL,XGBoost,SMOTE,14,shap,{},1,test_path,Acc_dir,0.4924
5,GLOBAL,XGBoost,SMOTE,14,shap,{},1,test_path,BalAcc_4cls,0.259
5,GLOBAL,XGBoost,SMOTE,14,shap,{},1,test_path,F1_4cls,0.2573
5,GLOBAL,XGBoost,SMOTE,14,shap,{},1,test_path,F1_DOWN_FORT,0.3618
5,GLOBAL,XGBoost,SMOTE,14,shap,{},1,test_path,F1_UP_FORT,0.4272
5,GLOBAL,XGBoost,SMOTE,14,shap,{},1,test_path,F1_dir,0.4912
5,GLOBAL,XGBoost,SMOTE,14,shap,{},1,test_path,MCC_4cls,0.0147
5,GLOBAL,XGBoost,SMOTE,14,shap,{},2,test,AUC_ovr_4cls,0.5011
5,GLOBAL,XGBoost,SMOTE,14,shap,{},2,test,Acc_dir,0.4744
5,GLOBAL,XGBoost,SMOTE,14,shap,{},2,test,BalAcc_4cls,0.2463
5,GLOBAL,XGBoost,SMOTE,14,shap,{},2,test,Brier_up,0.3232556771794192
5,GLOBAL,XGBoost,SMOTE,14,shap,{},2,test,ECE_up,0.23726843531967864
5,GLOBAL,XGBoost,SMOTE,14,shap,{},2,test,F1_4cls,0.2391
5,GLOBAL,XGBoost,SMOTE,14,shap,{},2,test,F1_DOWN_FORT,0.3118
5,GLOBAL,XGBoost,SMOTE,14,shap,{},2,test,F1_UP_FORT,0.4536
5,GLOBAL,XGBoost,SMOTE,14,shap,{},2,test,F1_dir,0.4725
5,GLOBAL,XGBoost,SMOTE,14,shap,{},2,test,MCC_4cls,-0.0003
5,GLOBAL,XGBoost,SMOTE,14,shap,{},2,test_path,Acc_dir,0.5395
5,GLOBAL,XGBoost,SMOTE,14,shap,{},2,test_path,BalAcc_4cls,0.2773
5,GLOBAL,XGBoost,SMOTE,14,shap,{},2,test_path,F1_4cls,0.277
5,GLOBAL,XGBoost,SMOTE,14,shap,{},2,test_path,F1_DOWN_FORT,0.3687
5,GLOBAL,XGBoost,SMOTE,14,shap,{},2,test_path,F1_UP_FORT,0.4314
5,GLOBAL,XGBoost,SMOTE,14,shap,{},2,test_path,F1_dir,0.5395
5,GLOBAL,XGBoost,SMOTE,14,shap,{},2,test_path,MCC_4cls,0.0365
5,GLOBAL,XGBoost,SMOTE,14,shap,{},3,test,AUC_ovr_4cls,0.5218
5,GLOBAL,XGBoost,SMOTE,14,shap,{},3,test,Acc_dir,0.4944
5,GLOBAL,XGBoost,SMOTE,14,shap,{},3,test,BalAcc_4cls,0.2442
5,GLOBAL,XGBoost,SMOTE,14,shap,{},3,test,Brier_up,0.29034489043804657
5,GLOBAL,XGBoost,SMOTE,14,shap,{},3,test,ECE_up,0.21107741738333263
5,GLOBAL,XGBoost,SMOTE,14,shap,{},3,test,F1_4cls,0.2284
5,GLOBAL,XGBoost,SMOTE,14,shap,{},3,test,F1_DOWN_FORT,0.4967
5,GLOBAL,XGBoost,SMOTE,14,shap,{},3,test,F1_UP_FORT,0.413
5,GLOBAL,XGBoost,SMOTE,14,shap,{},3,test,F1_dir,0.4741
5,GLOBAL,XGBoost,SMOTE,14,shap,{},3,test,MCC_4cls,-0.0024
5,GLOBAL,XGBoost,SMOTE,14,shap,{},3,test_path,Acc_dir,0.5
5,GLOBAL,XGBoost,SMOTE,14,shap,{},3,test_path,BalAcc_4cls,0.2588
5,GLOBAL,XGBoost,SMOTE,14,shap,{},3,test_path,F1_4cls,0.2548
5,GLOBAL,XGBoost,SMOTE,14,shap,{},3,test_path,F1_DOWN_FORT,0.4502
5,GLOBAL,XGBoost,SMOTE,14,shap,{},3,test_path,F1_UP_FORT,0.3952
5,GLOBAL,XGBoost,SMOTE,14,shap,{},3,test_path,F1_dir,0.4976
5,GLOBAL,XGBoost,SMOTE,14,shap,{},3,test_path,MCC_4cls,0.0139
5,GLOBAL,XGBoost,SMOTE,14,shap,{},4,test,AUC_ovr_4cls,0.5345
5,GLOBAL,XGBoost,SMOTE,14,shap,{},4,test,Acc_dir,0.5334
5,GLOBAL,XGBoost,SMOTE,14,shap,{},4,test,BalAcc_4cls,0.2717
5,GLOBAL,XGBoost,SMOTE,14,shap,{},4,test,Brier_up,0.27650265157925036
5,GLOBAL,XGBoost,SMOTE,14,shap,{},4,test,ECE_up,0.143400153956346
5,GLOBAL,XGBoost,SMOTE,14,shap,{},4,test,F1_4cls,0.269
5,GLOBAL,XGBoost,SMOTE,14,shap,{},4,test,F1_DOWN_FORT,0.4377
5,GLOBAL,XGBoost,SMOTE,14,shap,{},4,test,F1_UP_FORT,0.3883
5,GLOBAL,XGBoost,SMOTE,14,shap,{},4,test,F1_dir,0.5332
5,GLOBAL,XGBoost,SMOTE,14,shap,{},4,test,MCC_4cls,0.0271
5,GLOBAL,XGBoost,SMOTE,14,shap,{},5,test,AUC_ovr_4cls,0.4941
5,GLOBAL,XGBoost,SMOTE,14,shap,{},5,test,Acc_dir,0.5078
5,GLOBAL,XGBoost,SMOTE,14,shap,{},5,test,BalAcc_4cls,0.2521
5,GLOBAL,XGBoost,SMOTE,14,shap,{},5,test,Brier_up,0.29541916227684245
5,GLOBAL,XGBoost,SMOTE,14,shap,{},5,test,ECE_up,0.19900116948848404
5,GLOBAL,XGBoost,SMOTE,14,shap,{},5,test,F1_4cls,0.2391
5,GLOBAL,XGBoost,SMOTE,14,shap,{},5,test,F1_DOWN_FORT,0.2196
5,GLOBAL,XGBoost,SMOTE,14,shap,{},5,test,F1_UP_FORT,0.4655
5,GLOBAL,XGBoost,SMOTE,14,shap,{},5,test,F1_dir,0.5042
5,GLOBAL,XGBoost,SMOTE,14,shap,{},5,test,MCC_4cls,0.0043
5,GLOBAL,XGBoost,SMOTE,14,shap,{},6,test,AUC_ovr_4cls,0.4995
5,GLOBAL,XGBoost,SMOTE,14,shap,{},6,test,Acc_dir,0.4799
5,GLOBAL,XGBoost,SMOTE,14,shap,{},6,test,BalAcc_4cls,0.2702
5,GLOBAL,XGBoost,SMOTE,14,shap,{},6,test,Brier_up,0.31058219962716643
5,GLOBAL,XGBoost,SMOTE,14,shap,{},6,test,ECE_up,0.20965112026539157
5,GLOBAL,XGBoost,SMOTE,14,shap,{},6,test,F1_4cls,0.2688
5,GLOBAL,XGBoost,SMOTE,14,shap,{},6,test,F1_DOWN_FORT,0.3714
5,GLOBAL,XGBoost,SMOTE,14,shap,{},6,test,F1_UP_FORT,0.3483
5,GLOBAL,XGBoost,SMOTE,14,shap,{},6,test,F1_dir,0.4796
5,GLOBAL,XGBoost,SMOTE,14,shap,{},6,test,MCC_4cls,0.0321
5,GLOBAL,XGBoost,SMOTE,14,shap,{},7,test,AUC_ovr_4cls,0.5271
5,GLOBAL,XGBoost,SMOTE,14,shap,{},7,test,Acc_dir,0.5495
5,GLOBAL,XGBoost,SMOTE,14,shap,{},7,test,BalAcc_4cls,0.2774
5,GLOBAL,XGBoost,SMOTE,14,shap,{},7,test,Brier_up,0.2747386745526836
5,GLOBAL,XGBoost,SMOTE,14,shap,{},7,test,ECE_up,0.12360193056834709
5,GLOBAL,XGBoost,SMOTE,14,shap,{},7,test,F1_4cls,0.2762
5,GLOBAL,XGBoost,SMOTE,14,shap,{},7,test,F1_DOWN_FORT,0.3964
5,GLOBAL,XGBoost,SMOTE,14,shap,{},7,test,F1_UP_FORT,0.4661
5,GLOBAL,XGBoost,SMOTE,14,shap,{},7,test,F1_dir,0.5442
5,GLOBAL,XGBoost,SMOTE,14,shap,{},7,test,MCC_4cls,0.0375
5,GLOBAL,XGBoost,SMOTE,14,shap,{},8,test,AUC_ovr_4cls,0.5242
5,GLOBAL,XGBoost,SMOTE,14,shap,{},8,test,Acc_dir,0.5232
5,GLOBAL,XGBoost,SMOTE,14,shap,{},8,test,BalAcc_4cls,0.2812
5,GLOBAL,XGBoost,SMOTE,14,shap,{},8,test,Brier_up,0.29018844710846
5,GLOBAL,XGBoost,SMOTE,14,shap,{},8,test,ECE_up,0.17463498523655016
5,GLOBAL,XGBoost,SMOTE,14,shap,{},8,test,F1_4cls,0.2691
5,GLOBAL,XGBoost,SMOTE,14,shap,{},8,test,F1_DOWN_FORT,0.5082
5,GLOBAL,XGBoost,SMOTE,14,shap,{},8,test,F1_UP_FORT,0.2908
5,GLOBAL,XGBoost,SMOTE,14,shap,{},8,test,F1_dir,0.5148
5,GLOBAL,XGBoost,SMOTE,14,shap,{},8,test,MCC_4cls,0.0405
5,GLOBAL,XGBoost,SMOTE,14,shap,{},9,test,AUC_ovr_4cls,0.5169
5,GLOBAL,XGBoost,SMOTE,14,shap,{},9,test,Acc_dir,0.5344
5,GLOBAL,XGBoost,SMOTE,14,shap,{},9,test,BalAcc_4cls,0.2688
5,GLOBAL,XGBoost,SMOTE,14,shap,{},9,test,Brier_up,0.2759767420533719
5,GLOBAL,XGBoost,SMOTE,14,shap,{},9,test,ECE_up,0.14317935957363123
5,GLOBAL,XGBoost,SMOTE,14,shap,{},9,test,F1_4cls,0.2645
5,GLOBAL,XGBoost,SMOTE,14,shap,{},9,test,F1_DOWN_FORT,0.4573
5,GLOBAL,XGBoost,SMOTE,14,shap,{},9,test,F1_UP_FORT,0.467
5,GLOBAL,XGBoost,SMOTE,14,shap,{},9,test,F1_dir,0.5343
5,GLOBAL,XGBoost,SMOTE,14,shap,{},9,test,MCC_4cls,0.0326
