horizon,regime,algo,sampler,n_features,selector,params_json,fold_index,split,metric,value
1,GLOBAL,CatBoost,SMOTE,6,shap,{},1,test,AUC_ovr_4cls,0.5647
1,GLOBAL,CatBoost,SMOTE,6,shap,{},1,test,Acc_dir,0.5166
1,GLOBAL,CatBoost,SMOTE,6,shap,{},1,test,BalAcc_4cls,0.2993
1,GLOBAL,CatBoost,SMOTE,6,shap,{},1,test,Brier_up,0.2641729870116396
1,GLOBAL,CatBoost,SMOTE,6,shap,{},1,test,ECE_up,0.1483505383416292
1,GLOBAL,CatBoost,SMOTE,6,shap,{},1,test,F1_4cls,0.2862
1,GLOBAL,CatBoost,SMOTE,6,shap,{},1,test,F1_DOWN_FORT,0.4865
1,GLOBAL,CatBoost,SMOTE,6,shap,{},1,test,F1_UP_FORT,0.3871
1,GLOBAL,CatBoost,SMOTE,6,shap,{},1,test,F1_dir,0.5166
1,GLOBAL,CatBoost,SMOTE,6,shap,{},1,test,MCC_4cls,0.0644
1,GLOBAL,CatBoost,SMOTE,6,shap,{},1,test,effective_n_train,540.0
1,GLOBAL,CatBoost,SMOTE,6,shap,{},1,test,n_train,835.0
1,GLOBAL,CatBoost,SMOTE,6,shap,{},2,test,AUC_ovr_4cls,0.6095
1,GLOBAL,CatBoost,SMOTE,6,shap,{},2,test,Acc_dir,0.629
1,GLOBAL,CatBoost,SMOTE,6,shap,{},2,test,BalAcc_4cls,0.3316
1,GLOBAL,CatBoost,SMOTE,6,shap,{},2,test,Brier_up,0.22308470316102907
1,GLOBAL,CatBoost,SMOTE,6,shap,{},2,test,ECE_up,0.05491205732829965
1,GLOBAL,CatBoost,SMOTE,6,shap,{},2,test,F1_4cls,0.3303
1,GLOBAL,CatBoost,SMOTE,6,shap,{},2,test,F1_DOWN_FORT,0.5536
1,GLOBAL,CatBoost,SMOTE,6,shap,{},2,test,F1_UP_FORT,0.5405
1,GLOBAL,CatBoost,SMOTE,6,shap,{},2,test,F1_dir,0.6289
1,GLOBAL,CatBoost,SMOTE,6,shap,{},2,test,MCC_4cls,0.1304
1,GLOBAL,CatBoost,SMOTE,6,shap,{},2,test,effective_n_train,675.0
1,GLOBAL,CatBoost,SMOTE,6,shap,{},2,test,n_train,1047.0
1,GLOBAL,CatBoost,SMOTE,6,shap,{},3,test,AUC_ovr_4cls,0.66
1,GLOBAL,CatBoost,SMOTE,6,shap,{},3,test,Acc_dir,0.7222
1,GLOBAL,CatBoost,SMOTE,6,shap,{},3,test,BalAcc_4cls,0.3722
1,GLOBAL,CatBoost,SMOTE,6,shap,{},3,test,Brier_up,0.19338332487095625
1,GLOBAL,CatBoost,SMOTE,6,shap,{},3,test,ECE_up,0.06399471864632854
1,GLOBAL,CatBoost,SMOTE,6,shap,{},3,test,F1_4cls,0.3536
1,GLOBAL,CatBoost,SMOTE,6,shap,{},3,test,F1_DOWN_FORT,0.5983
1,GLOBAL,CatBoost,SMOTE,6,shap,{},3,test,F1_UP_FORT,0.5979
1,GLOBAL,CatBoost,SMOTE,6,shap,{},3,test,F1_dir,0.7214
1,GLOBAL,CatBoost,SMOTE,6,shap,{},3,test,MCC_4cls,0.1897
1,GLOBAL,CatBoost,SMOTE,6,shap,{},3,test,effective_n_train,811.5
1,GLOBAL,CatBoost,SMOTE,6,shap,{},3,test,n_train,1269.0
1,GLOBAL,CatBoost,SMOTE,6,shap,{},4,test,AUC_ovr_4cls,0.5345
1,GLOBAL,CatBoost,SMOTE,6,shap,{},4,test,Acc_dir,0.4667
1,GLOBAL,CatBoost,SMOTE,6,shap,{},4,test,BalAcc_4cls,0.2525
1,GLOBAL,CatBoost,SMOTE,6,shap,{},4,test,Brier_up,0.2603862172040369
1,GLOBAL,CatBoost,SMOTE,6,shap,{},4,test,ECE_up,0.15981536626141282
1,GLOBAL,CatBoost,SMOTE,6,shap,{},4,test,F1_4cls,0.2439
1,GLOBAL,CatBoost,SMOTE,6,shap,{},4,test,F1_DOWN_FORT,0.4932
1,GLOBAL,CatBoost,SMOTE,6,shap,{},4,test,F1_UP_FORT,0.303
1,GLOBAL,CatBoost,SMOTE,6,shap,{},4,test,F1_dir,0.4667
1,GLOBAL,CatBoost,SMOTE,6,shap,{},4,test,MCC_4cls,-0.0005
1,GLOBAL,CatBoost,SMOTE,6,shap,{},4,test,effective_n_train,945.5
1,GLOBAL,CatBoost,SMOTE,6,shap,{},4,test,n_train,1468.0
1,GLOBAL,CatBoost,SMOTE,10,shap,{},1,test,AUC_ovr_4cls,0.5589
1,GLOBAL,CatBoost,SMOTE,10,shap,{},1,test,Acc_dir,0.5829
1,GLOBAL,CatBoost,SMOTE,10,shap,{},1,test,BalAcc_4cls,0.3161
1,GLOBAL,CatBoost,SMOTE,10,shap,{},1,test,Brier_up,0.2567339656934105
1,GLOBAL,CatBoost,SMOTE,10,shap,{},1,test,ECE_up,0.1385241898339834
1,GLOBAL,CatBoost,SMOTE,10,shap,{},1,test,F1_4cls,0.2286
1,GLOBAL,CatBoost,SMOTE,10,shap,{},1,test,F1_DOWN_FORT,0.5843
1,GLOBAL,CatBoost,SMOTE,10,shap,{},1,test,F1_UP_FORT,0.512
1,GLOBAL,CatBoost,SMOTE,10,shap,{},1,test,F1_dir,0.5813
1,GLOBAL,CatBoost,SMOTE,10,shap,{},1,test,MCC_4cls,0.0871
1,GLOBAL,CatBoost,SMOTE,10,shap,{},1,test,effective_n_train,540.0
1,GLOBAL,CatBoost,SMOTE,10,shap,{},1,test,n_train,835.0
1,GLOBAL,CatBoost,SMOTE,10,shap,{},2,test,AUC_ovr_4cls,0.634
1,GLOBAL,CatBoost,SMOTE,10,shap,{},2,test,Acc_dir,0.6787
1,GLOBAL,CatBoost,SMOTE,10,shap,{},2,test,BalAcc_4cls,0.3504
1,GLOBAL,CatBoost,SMOTE,10,shap,{},2,test,Brier_up,0.2162201575464193
1,GLOBAL,CatBoost,SMOTE,10,shap,{},2,test,ECE_up,0.10772285980168109
1,GLOBAL,CatBoost,SMOTE,10,shap,{},2,test,F1_4cls,0.346
1,GLOBAL,CatBoost,SMOTE,10,shap,{},2,test,F1_DOWN_FORT,0.592
1,GLOBAL,CatBoost,SMOTE,10,shap,{},2,test,F1_UP_FORT,0.4954
1,GLOBAL,CatBoost,SMOTE,10,shap,{},2,test,F1_dir,0.6781
1,GLOBAL,CatBoost,SMOTE,10,shap,{},2,test,MCC_4cls,0.1572
1,GLOBAL,CatBoost,SMOTE,10,shap,{},2,test,effective_n_train,675.0
1,GLOBAL,CatBoost,SMOTE,10,shap,{},2,test,n_train,1047.0
1,GLOBAL,CatBoost,SMOTE,10,shap,{},3,test,AUC_ovr_4cls,0.6887
1,GLOBAL,CatBoost,SMOTE,10,shap,{},3,test,Acc_dir,0.7222
1,GLOBAL,CatBoost,SMOTE,10,shap,{},3,test,BalAcc_4cls,0.4029
1,GLOBAL,CatBoost,SMOTE,10,shap,{},3,test,Brier_up,0.18929962437699963
1,GLOBAL,CatBoost,SMOTE,10,shap,{},3,test,ECE_up,0.061298379544096386
1,GLOBAL,CatBoost,SMOTE,10,shap,{},3,test,F1_4cls,0.3938
1,GLOBAL,CatBoost,SMOTE,10,shap,{},3,test,F1_DOWN_FORT,0.6333
1,GLOBAL,CatBoost,SMOTE,10,shap,{},3,test,F1_UP_FORT,0.5517
1,GLOBAL,CatBoost,SMOTE,10,shap,{},3,test,F1_dir,0.7177
1,GLOBAL,CatBoost,SMOTE,10,shap,{},3,test,MCC_4cls,0.2228
1,GLOBAL,CatBoost,SMOTE,10,shap,{},3,test,effective_n_train,811.5
1,GLOBAL,CatBoost,SMOTE,10,shap,{},3,test,n_train,1269.0
1,GLOBAL,CatBoost,SMOTE,10,shap,{},4,test,AUC_ovr_4cls,0.5594
1,GLOBAL,CatBoost,SMOTE,10,shap,{},4,test,Acc_dir,0.5128
1,GLOBAL,CatBoost,SMOTE,10,shap,{},4,test,BalAcc_4cls,0.3143
1,GLOBAL,CatBoost,SMOTE,10,shap,{},4,test,Brier_up,0.2637278232498224
1,GLOBAL,CatBoost,SMOTE,10,shap,{},4,test,ECE_up,0.10906485624526717
1,GLOBAL,CatBoost,SMOTE,10,shap,{},4,test,F1_4cls,0.2901
1,GLOBAL,CatBoost,SMOTE,10,shap,{},4,test,F1_DOWN_FORT,0.6582
1,GLOBAL,CatBoost,SMOTE,10,shap,{},4,test,F1_UP_FORT,0.2581
1,GLOBAL,CatBoost,SMOTE,10,shap,{},4,test,F1_dir,0.5076
1,GLOBAL,CatBoost,SMOTE,10,shap,{},4,test,MCC_4cls,0.0786
1,GLOBAL,CatBoost,SMOTE,10,shap,{},4,test,effective_n_train,945.5
1,GLOBAL,CatBoost,SMOTE,10,shap,{},4,test,n_train,1468.0
1,GLOBAL,CatBoost,SMOTE,14,shap,{},1,test,AUC_ovr_4cls,0.5695
1,GLOBAL,CatBoost,SMOTE,14,shap,{},1,test,Acc_dir,0.564
1,GLOBAL,CatBoost,SMOTE,14,shap,{},1,test,BalAcc_4cls,0.3346
1,GLOBAL,CatBoost,SMOTE,14,shap,{},1,test,Brier_up,0.257243708469347
1,GLOBAL,CatBoost,SMOTE,14,shap,{},1,test,ECE_up,0.13997017674622922
1,GLOBAL,CatBoost,SMOTE,14,shap,{},1,test,F1_4cls,0.2507
1,GLOBAL,CatBoost,SMOTE,14,shap,{},1,test,F1_DOWN_FORT,0.6742
1,GLOBAL,CatBoost,SMOTE,14,shap,{},1,test,F1_UP_FORT,0.4615
1,GLOBAL,CatBoost,SMOTE,14,shap,{},1,test,F1_dir,0.5639
1,GLOBAL,CatBoost,SMOTE,14,shap,{},1,test,MCC_4cls,0.104
1,GLOBAL,CatBoost,SMOTE,14,shap,{},1,test,effective_n_train,540.0
1,GLOBAL,CatBoost,SMOTE,14,shap,{},1,test,n_train,835.0
1,GLOBAL,CatBoost,SMOTE,14,shap,{},2,test,AUC_ovr_4cls,0.63
1,GLOBAL,CatBoost,SMOTE,14,shap,{},2,test,Acc_dir,0.638
1,GLOBAL,CatBoost,SMOTE,14,shap,{},2,test,BalAcc_4cls,0.3404
1,GLOBAL,CatBoost,SMOTE,14,shap,{},2,test,Brier_up,0.21832773420400772
1,GLOBAL,CatBoost,SMOTE,14,shap,{},2,test,ECE_up,0.0831611227915523
1,GLOBAL,CatBoost,SMOTE,14,shap,{},2,test,F1_4cls,0.3266
1,GLOBAL,CatBoost,SMOTE,14,shap,{},2,test,F1_DOWN_FORT,0.5984
1,GLOBAL,CatBoost,SMOTE,14,shap,{},2,test,F1_UP_FORT,0.5047
1,GLOBAL,CatBoost,SMOTE,14,shap,{},2,test,F1_dir,0.6379
1,GLOBAL,CatBoost,SMOTE,14,shap,{},2,test,MCC_4cls,0.1414
1,GLOBAL,CatBoost,SMOTE,14,shap,{},2,test,effective_n_train,675.0
1,GLOBAL,CatBoost,SMOTE,14,shap,{},2,test,n_train,1047.0
1,GLOBAL,CatBoost,SMOTE,14,shap,{},3,test,AUC_ovr_4cls,0.6973
1,GLOBAL,CatBoost,SMOTE,14,shap,{},3,test,Acc_dir,0.7273
1,GLOBAL,CatBoost,SMOTE,14,shap,{},3,test,BalAcc_4cls,0.4248
1,GLOBAL,CatBoost,SMOTE,14,shap,{},3,test,Brier_up,0.18312750346906564
1,GLOBAL,CatBoost,SMOTE,14,shap,{},3,test,ECE_up,0.07346599999763963
1,GLOBAL,CatBoost,SMOTE,14,shap,{},3,test,F1_4cls,0.3955
1,GLOBAL,CatBoost,SMOTE,14,shap,{},3,test,F1_DOWN_FORT,0.6349
1,GLOBAL,CatBoost,SMOTE,14,shap,{},3,test,F1_UP_FORT,0.6667
1,GLOBAL,CatBoost,SMOTE,14,shap,{},3,test,F1_dir,0.7255
1,GLOBAL,CatBoost,SMOTE,14,shap,{},3,test,MCC_4cls,0.2571
1,GLOBAL,CatBoost,SMOTE,14,shap,{},3,test,effective_n_train,811.5
1,GLOBAL,CatBoost,SMOTE,14,shap,{},3,test,n_train,1269.0
1,GLOBAL,CatBoost,SMOTE,14,shap,{},4,test,AUC_ovr_4cls,0.5399
1,GLOBAL,CatBoost,SMOTE,14,shap,{},4,test,Acc_dir,0.5333
1,GLOBAL,CatBoost,SMOTE,14,shap,{},4,test,BalAcc_4cls,0.2767
1,GLOBAL,CatBoost,SMOTE,14,shap,{},4,test,Brier_up,0.26066159747932277
1,GLOBAL,CatBoost,SMOTE,14,shap,{},4,test,ECE_up,0.10289829501894421
1,GLOBAL,CatBoost,SMOTE,14,shap,{},4,test,F1_4cls,0.2687
1,GLOBAL,CatBoost,SMOTE,14,shap,{},4,test,F1_DOWN_FORT,0.48
1,GLOBAL,CatBoost,SMOTE,14,shap,{},4,test,F1_UP_FORT,0.2727
1,GLOBAL,CatBoost,SMOTE,14,shap,{},4,test,F1_dir,0.5309
1,GLOBAL,CatBoost,SMOTE,14,shap,{},4,test,MCC_4cls,0.0355
1,GLOBAL,CatBoost,SMOTE,14,shap,{},4,test,effective_n_train,945.5
1,GLOBAL,CatBoost,SMOTE,14,shap,{},4,test,n_train,1468.0
1,GLOBAL,LightGBM,SMOTE,6,shap,{},1,test,AUC_ovr_4cls,0.5592
1,GLOBAL,LightGBM,SMOTE,6,shap,{},1,test,Acc_dir,0.4929
1,GLOBAL,LightGBM,SMOTE,6,shap,{},1,test,BalAcc_4cls,0.3019
1,GLOBAL,LightGBM,SMOTE,6,shap,{},1,test,Brier_up,0.30506360196740184
1,GLOBAL,LightGBM,SMOTE,6,shap,{},1,test,ECE_up,0.24906694569811352
1,GLOBAL,LightGBM,SMOTE,6,shap,{},1,test,F1_4cls,0.2837
1,GLOBAL,LightGBM,SMOTE,6,shap,{},1,test,F1_DOWN_FORT,0.5714
1,GLOBAL,LightGBM,SMOTE,6,shap,{},1,test,F1_UP_FORT,0.2791
1,GLOBAL,LightGBM,SMOTE,6,shap,{},1,test,F1_dir,0.4928
1,GLOBAL,LightGBM,SMOTE,6,shap,{},1,test,MCC_4cls,0.0553
1,GLOBAL,LightGBM,SMOTE,6,shap,{},1,test,effective_n_train,540.0
1,GLOBAL,LightGBM,SMOTE,6,shap,{},1,test,n_train,835.0
1,GLOBAL,LightGBM,SMOTE,6,shap,{},2,test,AUC_ovr_4cls,0.578
1,GLOBAL,LightGBM,SMOTE,6,shap,{},2,test,Acc_dir,0.629
1,GLOBAL,LightGBM,SMOTE,6,shap,{},2,test,BalAcc_4cls,0.2951
1,GLOBAL,LightGBM,SMOTE,6,shap,{},2,test,Brier_up,0.24345564508015136
1,GLOBAL,LightGBM,SMOTE,6,shap,{},2,test,ECE_up,0.13587909630680742
1,GLOBAL,LightGBM,SMOTE,6,shap,{},2,test,F1_4cls,0.2993
1,GLOBAL,LightGBM,SMOTE,6,shap,{},2,test,F1_DOWN_FORT,0.5094
1,GLOBAL,LightGBM,SMOTE,6,shap,{},2,test,F1_UP_FORT,0.463
1,GLOBAL,LightGBM,SMOTE,6,shap,{},2,test,F1_dir,0.629
1,GLOBAL,LightGBM,SMOTE,6,shap,{},2,test,MCC_4cls,0.0827
1,GLOBAL,LightGBM,SMOTE,6,shap,{},2,test,effective_n_train,675.0
1,GLOBAL,LightGBM,SMOTE,6,shap,{},2,test,n_train,1047.0
1,GLOBAL,LightGBM,SMOTE,6,shap,{},3,test,AUC_ovr_4cls,0.608
1,GLOBAL,LightGBM,SMOTE,6,shap,{},3,test,Acc_dir,0.6818
1,GLOBAL,LightGBM,SMOTE,6,shap,{},3,test,BalAcc_4cls,0.3475
1,GLOBAL,LightGBM,SMOTE,6,shap,{},3,test,Brier_up,0.2050813867277057
1,GLOBAL,LightGBM,SMOTE,6,shap,{},3,test,ECE_up,0.09446739000813922
1,GLOBAL,LightGBM,SMOTE,6,shap,{},3,test,F1_4cls,0.3345
1,GLOBAL,LightGBM,SMOTE,6,shap,{},3,test,F1_DOWN_FORT,0.5045
1,GLOBAL,LightGBM,SMOTE,6,shap,{},3,test,F1_UP_FORT,0.5778
1,GLOBAL,LightGBM,SMOTE,6,shap,{},3,test,F1_dir,0.6814
1,GLOBAL,LightGBM,SMOTE,6,shap,{},3,test,MCC_4cls,0.1371
1,GLOBAL,LightGBM,SMOTE,6,shap,{},3,test,effective_n_train,811.5
1,GLOBAL,LightGBM,SMOTE,6,shap,{},3,test,n_train,1269.0
1,GLOBAL,LightGBM,SMOTE,6,shap,{},4,test,AUC_ovr_4cls,0.5604
1,GLOBAL,LightGBM,SMOTE,6,shap,{},4,test,Acc_dir,0.5333
1,GLOBAL,LightGBM,SMOTE,6,shap,{},4,test,BalAcc_4cls,0.313
1,GLOBAL,LightGBM,SMOTE,6,shap,{},4,test,Brier_up,0.26222604587282156
1,GLOBAL,LightGBM,SMOTE,6,shap,{},4,test,ECE_up,0.12772227645772047
1,GLOBAL,LightGBM,SMOTE,6,shap,{},4,test,F1_4cls,0.3092
1,GLOBAL,LightGBM,SMOTE,6,shap,{},4,test,F1_DOWN_FORT,0.5556
1,GLOBAL,LightGBM,SMOTE,6,shap,{},4,test,F1_UP_FORT,0.2222
1,GLOBAL,LightGBM,SMOTE,6,shap,{},4,test,F1_dir,0.5329
1,GLOBAL,LightGBM,SMOTE,6,shap,{},4,test,MCC_4cls,0.0849
1,GLOBAL,LightGBM,SMOTE,6,shap,{},4,test,effective_n_train,945.5
1,GLOBAL,LightGBM,SMOTE,6,shap,{},4,test,n_train,1468.0
1,GLOBAL,LightGBM,SMOTE,10,shap,{},1,test,AUC_ovr_4cls,0.5725
1,GLOBAL,LightGBM,SMOTE,10,shap,{},1,test,Acc_dir,0.6114
1,GLOBAL,LightGBM,SMOTE,10,shap,{},1,test,BalAcc_4cls,0.3518
1,GLOBAL,LightGBM,SMOTE,10,shap,{},1,test,Brier_up,0.27531597193178126
1,GLOBAL,LightGBM,SMOTE,10,shap,{},1,test,ECE_up,0.19796087688760713
1,GLOBAL,LightGBM,SMOTE,10,shap,{},1,test,F1_4cls,0.2805
1,GLOBAL,LightGBM,SMOTE,10,shap,{},1,test,F1_DOWN_FORT,0.6279
1,GLOBAL,LightGBM,SMOTE,10,shap,{},1,test,F1_UP_FORT,0.512
1,GLOBAL,LightGBM,SMOTE,10,shap,{},1,test,F1_dir,0.6103
1,GLOBAL,LightGBM,SMOTE,10,shap,{},1,test,MCC_4cls,0.1271
1,GLOBAL,LightGBM,SMOTE,10,shap,{},1,test,effective_n_train,540.0
1,GLOBAL,LightGBM,SMOTE,10,shap,{},1,test,n_train,835.0
1,GLOBAL,LightGBM,SMOTE,10,shap,{},2,test,AUC_ovr_4cls,0.6071
1,GLOBAL,LightGBM,SMOTE,10,shap,{},2,test,Acc_dir,0.638
1,GLOBAL,LightGBM,SMOTE,10,shap,{},2,test,BalAcc_4cls,0.3206
1,GLOBAL,LightGBM,SMOTE,10,shap,{},2,test,Brier_up,0.22928589076902353
1,GLOBAL,LightGBM,SMOTE,10,shap,{},2,test,ECE_up,0.08621764965099812
1,GLOBAL,LightGBM,SMOTE,10,shap,{},2,test,F1_4cls,0.3256
1,GLOBAL,LightGBM,SMOTE,10,shap,{},2,test,F1_DOWN_FORT,0.4752
1,GLOBAL,LightGBM,SMOTE,10,shap,{},2,test,F1_UP_FORT,0.5536
1,GLOBAL,LightGBM,SMOTE,10,shap,{},2,test,F1_dir,0.638
1,GLOBAL,LightGBM,SMOTE,10,shap,{},2,test,MCC_4cls,0.1204
1,GLOBAL,LightGBM,SMOTE,10,shap,{},2,test,effective_n_train,675.0
1,GLOBAL,LightGBM,SMOTE,10,shap,{},2,test,n_train,1047.0
1,GLOBAL,LightGBM,SMOTE,10,shap,{},3,test,AUC_ovr_4cls,0.6465
1,GLOBAL,LightGBM,SMOTE,10,shap,{},3,test,Acc_dir,0.6566
1,GLOBAL,LightGBM,SMOTE,10,shap,{},3,test,BalAcc_4cls,0.3469
1,GLOBAL,LightGBM,SMOTE,10,shap,{},3,test,Brier_up,0.2048742260252859
1,GLOBAL,LightGBM,SMOTE,10,shap,{},3,test,ECE_up,0.10195319457452272
1,GLOBAL,LightGBM,SMOTE,10,shap,{},3,test,F1_4cls,0.3421
1,GLOBAL,LightGBM,SMOTE,10,shap,{},3,test,F1_DOWN_FORT,0.537
1,GLOBAL,LightGBM,SMOTE,10,shap,{},3,test,F1_UP_FORT,0.5122
1,GLOBAL,LightGBM,SMOTE,10,shap,{},3,test,F1_dir,0.6557
1,GLOBAL,LightGBM,SMOTE,10,shap,{},3,test,MCC_4cls,0.1413
1,GLOBAL,LightGBM,SMOTE,10,shap,{},3,test,effective_n_train,811.5
1,GLOBAL,LightGBM,SMOTE,10,shap,{},3,test,n_train,1269.0
1,GLOBAL,LightGBM,SMOTE,10,shap,{},4,test,AUC_ovr_4cls,0.5447
1,GLOBAL,LightGBM,SMOTE,10,shap,{},4,test,Acc_dir,0.5385
1,GLOBAL,LightGBM,SMOTE,10,shap,{},4,test,BalAcc_4cls,0.2997
1,GLOBAL,LightGBM,SMOTE,10,shap,{},4,test,Brier_up,0.27023963872811074
1,GLOBAL,LightGBM,SMOTE,10,shap,{},4,test,ECE_up,0.16906998629311476
1,GLOBAL,LightGBM,SMOTE,10,shap,{},4,test,F1_4cls,0.2815
1,GLOBAL,LightGBM,SMOTE,10,shap,{},4,test,F1_DOWN_FORT,0.5926
1,GLOBAL,LightGBM,SMOTE,10,shap,{},4,test,F1_UP_FORT,0.25
1,GLOBAL,LightGBM,SMOTE,10,shap,{},4,test,F1_dir,0.5364
1,GLOBAL,LightGBM,SMOTE,10,shap,{},4,test,MCC_4cls,0.0641
1,GLOBAL,LightGBM,SMOTE,10,shap,{},4,test,effective_n_train,945.5
1,GLOBAL,LightGBM,SMOTE,10,shap,{},4,test,n_train,1468.0
1,GLOBAL,LightGBM,SMOTE,14,shap,{},1,test,AUC_ovr_4cls,0.562
1,GLOBAL,LightGBM,SMOTE,14,shap,{},1,test,Acc_dir,0.6209
1,GLOBAL,LightGBM,SMOTE,14,shap,{},1,test,BalAcc_4cls,0.3181
1,GLOBAL,LightGBM,SMOTE,14,shap,{},1,test,Brier_up,0.2843952215775699
1,GLOBAL,LightGBM,SMOTE,14,shap,{},1,test,ECE_up,0.23801323967002205
1,GLOBAL,LightGBM,SMOTE,14,shap,{},1,test,F1_4cls,0.2362
1,GLOBAL,LightGBM,SMOTE,14,shap,{},1,test,F1_DOWN_FORT,0.6139
1,GLOBAL,LightGBM,SMOTE,14,shap,{},1,test,F1_UP_FORT,0.386
1,GLOBAL,LightGBM,SMOTE,14,shap,{},1,test,F1_dir,0.6206
1,GLOBAL,LightGBM,SMOTE,14,shap,{},1,test,MCC_4cls,0.0803
1,GLOBAL,LightGBM,SMOTE,14,shap,{},1,test,effective_n_train,540.0
1,GLOBAL,LightGBM,SMOTE,14,shap,{},1,test,n_train,835.0
1,GLOBAL,LightGBM,SMOTE,14,shap,{},2,test,AUC_ovr_4cls,0.5875
1,GLOBAL,LightGBM,SMOTE,14,shap,{},2,test,Acc_dir,0.5566
1,GLOBAL,LightGBM,SMOTE,14,shap,{},2,test,BalAcc_4cls,0.301
1,GLOBAL,LightGBM,SMOTE,14,shap,{},2,test,Brier_up,0.2569248658191328
1,GLOBAL,LightGBM,SMOTE,14,shap,{},2,test,ECE_up,0.17177157534374893
1,GLOBAL,LightGBM,SMOTE,14,shap,{},2,test,F1_4cls,0.3012
1,GLOBAL,LightGBM,SMOTE,14,shap,{},2,test,F1_DOWN_FORT,0.4082
1,GLOBAL,LightGBM,SMOTE,14,shap,{},2,test,F1_UP_FORT,0.5455
1,GLOBAL,LightGBM,SMOTE,14,shap,{},2,test,F1_dir,0.555
1,GLOBAL,LightGBM,SMOTE,14,shap,{},2,test,MCC_4cls,0.082
1,GLOBAL,LightGBM,SMOTE,14,shap,{},2,test,effective_n_train,675.0
1,GLOBAL,LightGBM,SMOTE,14,shap,{},2,test,n_train,1047.0
1,GLOBAL,LightGBM,SMOTE,14,shap,{},3,test,AUC_ovr_4cls,0.6483
1,GLOBAL,LightGBM,SMOTE,14,shap,{},3,test,Acc_dir,0.6818
1,GLOBAL,LightGBM,SMOTE,14,shap,{},3,test,BalAcc_4cls,0.3811
1,GLOBAL,LightGBM,SMOTE,14,shap,{},3,test,Brier_up,0.20251294409712164
1,GLOBAL,LightGBM,SMOTE,14,shap,{},3,test,ECE_up,0.0695908513502425
1,GLOBAL,LightGBM,SMOTE,14,shap,{},3,test,F1_4cls,0.3788
1,GLOBAL,LightGBM,SMOTE,14,shap,{},3,test,F1_DOWN_FORT,0.5983
1,GLOBAL,LightGBM,SMOTE,14,shap,{},3,test,F1_UP_FORT,0.5
1,GLOBAL,LightGBM,SMOTE,14,shap,{},3,test,F1_dir,0.6775
1,GLOBAL,LightGBM,SMOTE,14,shap,{},3,test,MCC_4cls,0.1885
1,GLOBAL,LightGBM,SMOTE,14,shap,{},3,test,effective_n_train,811.5
1,GLOBAL,LightGBM,SMOTE,14,shap,{},3,test,n_train,1269.0
1,GLOBAL,LightGBM,SMOTE,14,shap,{},4,test,AUC_ovr_4cls,0.5527
1,GLOBAL,LightGBM,SMOTE,14,shap,{},4,test,Acc_dir,0.5179
1,GLOBAL,LightGBM,SMOTE,14,shap,{},4,test,BalAcc_4cls,0.3025
1,GLOBAL,LightGBM,SMOTE,14,shap,{},4,test,Brier_up,0.2822262541058404
1,GLOBAL,LightGBM,SMOTE,14,shap,{},4,test,ECE_up,0.16331086792198923
1,GLOBAL,LightGBM,SMOTE,14,shap,{},4,test,F1_4cls,0.2839
1,GLOBAL,LightGBM,SMOTE,14,shap,{},4,test,F1_DOWN_FORT,0.625
1,GLOBAL,LightGBM,SMOTE,14,shap,{},4,test,F1_UP_FORT,0.1935
1,GLOBAL,LightGBM,SMOTE,14,shap,{},4,test,F1_dir,0.5164
1,GLOBAL,LightGBM,SMOTE,14,shap,{},4,test,MCC_4cls,0.0681
1,GLOBAL,LightGBM,SMOTE,14,shap,{},4,test,effective_n_train,945.5
1,GLOBAL,LightGBM,SMOTE,14,shap,{},4,test,n_train,1468.0
1,GLOBAL,RandomForest,SMOTE,6,shap,{},1,test,AUC_ovr_4cls,0.5677
1,GLOBAL,RandomForest,SMOTE,6,shap,{},1,test,Acc_dir,0.5355
1,GLOBAL,RandomForest,SMOTE,6,shap,{},1,test,BalAcc_4cls,0.3129
1,GLOBAL,RandomForest,SMOTE,6,shap,{},1,test,Brier_up,0.2521415311917363
1,GLOBAL,RandomForest,SMOTE,6,shap,{},1,test,ECE_up,0.11856165339057392
1,GLOBAL,RandomForest,SMOTE,6,shap,{},1,test,F1_4cls,0.2827
1,GLOBAL,RandomForest,SMOTE,6,shap,{},1,test,F1_DOWN_FORT,0.6
1,GLOBAL,RandomForest,SMOTE,6,shap,{},1,test,F1_UP_FORT,0.3579
1,GLOBAL,RandomForest,SMOTE,6,shap,{},1,test,F1_dir,0.5355
1,GLOBAL,RandomForest,SMOTE,6,shap,{},1,test,MCC_4cls,0.0734
1,GLOBAL,RandomForest,SMOTE,6,shap,{},1,test,effective_n_train,540.0
1,GLOBAL,RandomForest,SMOTE,6,shap,{},1,test,n_train,835.0
1,GLOBAL,RandomForest,SMOTE,6,shap,{},2,test,AUC_ovr_4cls,0.6205
1,GLOBAL,RandomForest,SMOTE,6,shap,{},2,test,Acc_dir,0.6335
1,GLOBAL,RandomForest,SMOTE,6,shap,{},2,test,BalAcc_4cls,0.3059
1,GLOBAL,RandomForest,SMOTE,6,shap,{},2,test,Brier_up,0.21385849654499609
1,GLOBAL,RandomForest,SMOTE,6,shap,{},2,test,ECE_up,0.05955135078546632
1,GLOBAL,RandomForest,SMOTE,6,shap,{},2,test,F1_4cls,0.2933
1,GLOBAL,RandomForest,SMOTE,6,shap,{},2,test,F1_DOWN_FORT,0.5574
1,GLOBAL,RandomForest,SMOTE,6,shap,{},2,test,F1_UP_FORT,0.5357
1,GLOBAL,RandomForest,SMOTE,6,shap,{},2,test,F1_dir,0.6334
1,GLOBAL,RandomForest,SMOTE,6,shap,{},2,test,MCC_4cls,0.1028
1,GLOBAL,RandomForest,SMOTE,6,shap,{},2,test,effective_n_train,675.0
1,GLOBAL,RandomForest,SMOTE,6,shap,{},2,test,n_train,1047.0
1,GLOBAL,RandomForest,SMOTE,6,shap,{},3,test,AUC_ovr_4cls,0.6838
1,GLOBAL,RandomForest,SMOTE,6,shap,{},3,test,Acc_dir,0.7323
1,GLOBAL,RandomForest,SMOTE,6,shap,{},3,test,BalAcc_4cls,0.3731
1,GLOBAL,RandomForest,SMOTE,6,shap,{},3,test,Brier_up,0.1907300122112217
1,GLOBAL,RandomForest,SMOTE,6,shap,{},3,test,ECE_up,0.10885477976556121
1,GLOBAL,RandomForest,SMOTE,6,shap,{},3,test,F1_4cls,0.3465
1,GLOBAL,RandomForest,SMOTE,6,shap,{},3,test,F1_DOWN_FORT,0.625
1,GLOBAL,RandomForest,SMOTE,6,shap,{},3,test,F1_UP_FORT,0.5773
1,GLOBAL,RandomForest,SMOTE,6,shap,{},3,test,F1_dir,0.7318
1,GLOBAL,RandomForest,SMOTE,6,shap,{},3,test,MCC_4cls,0.1901
1,GLOBAL,RandomForest,SMOTE,6,shap,{},3,test,effective_n_train,811.5
1,GLOBAL,RandomForest,SMOTE,6,shap,{},3,test,n_train,1269.0
1,GLOBAL,RandomForest,SMOTE,6,shap,{},4,test,AUC_ovr_4cls,0.544
1,GLOBAL,RandomForest,SMOTE,6,shap,{},4,test,Acc_dir,0.5077
1,GLOBAL,RandomForest,SMOTE,6,shap,{},4,test,BalAcc_4cls,0.2761
1,GLOBAL,RandomForest,SMOTE,6,shap,{},4,test,Brier_up,0.25441833691508237
1,GLOBAL,RandomForest,SMOTE,6,shap,{},4,test,ECE_up,0.10524141279330128
1,GLOBAL,RandomForest,SMOTE,6,shap,{},4,test,F1_4cls,0.2724
1,GLOBAL,RandomForest,SMOTE,6,shap,{},4,test,F1_DOWN_FORT,0.4857
1,GLOBAL,RandomForest,SMOTE,6,shap,{},4,test,F1_UP_FORT,0.2985
1,GLOBAL,RandomForest,SMOTE,6,shap,{},4,test,F1_dir,0.5077
1,GLOBAL,RandomForest,SMOTE,6,shap,{},4,test,MCC_4cls,0.0287
1,GLOBAL,RandomForest,SMOTE,6,shap,{},4,test,effective_n_train,945.5
1,GLOBAL,RandomForest,SMOTE,6,shap,{},4,test,n_train,1468.0
1,GLOBAL,RandomForest,SMOTE,10,shap,"{""n_estimators"": 383, ""max_depth"": 3, ""min_samples_leaf"": 20}",1,test,AUC_ovr_4cls,0.5598
1,GLOBAL,RandomForest,SMOTE,10,shap,"{""n_estimators"": 383, ""max_depth"": 3, ""min_samples_leaf"": 20}",1,test,Acc_dir,0.5782
1,GLOBAL,RandomForest,SMOTE,10,shap,"{""n_estimators"": 383, ""max_depth"": 3, ""min_samples_leaf"": 20}",1,test,BalAcc_4cls,0.3169
1,GLOBAL,RandomForest,SMOTE,10,shap,"{""n_estimators"": 383, ""max_depth"": 3, ""min_samples_leaf"": 20}",1,test,Brier_up,0.24713056884754364
1,GLOBAL,RandomForest,SMOTE,10,shap,"{""n_estimators"": 383, ""max_depth"": 3, ""min_samples_leaf"": 20}",1,test,ECE_up,0.0783930532543591
1,GLOBAL,RandomForest,SMOTE,10,shap,"{""n_estimators"": 383, ""max_depth"": 3, ""min_samples_leaf"": 20}",1,test,F1_4cls,0.208
1,GLOBAL,RandomForest,SMOTE,10,shap,"{""n_estimators"": 383, ""max_depth"": 3, ""min_samples_leaf"": 20}",1,test,F1_DOWN_FORT,0.6136
1,GLOBAL,RandomForest,SMOTE,10,shap,"{""n_estimators"": 383, ""max_depth"": 3, ""min_samples_leaf"": 20}",1,test,F1_UP_FORT,0.5191
1,GLOBAL,RandomForest,SMOTE,10,shap,"{""n_estimators"": 383, ""max_depth"": 3, ""min_samples_leaf"": 20}",1,test,F1_dir,0.5727
1,GLOBAL,RandomForest,SMOTE,10,shap,"{""n_estimators"": 383, ""max_depth"": 3, ""min_samples_leaf"": 20}",1,test,MCC_4cls,0.0878
1,GLOBAL,RandomForest,SMOTE,10,shap,"{""n_estimators"": 383, ""max_depth"": 3, ""min_samples_leaf"": 20}",2,test,AUC_ovr_4cls,0.6487
1,GLOBAL,RandomForest,SMOTE,10,shap,"{""n_estimators"": 383, ""max_depth"": 3, ""min_samples_leaf"": 20}",2,test,Acc_dir,0.6561
1,GLOBAL,RandomForest,SMOTE,10,shap,"{""n_estimators"": 383, ""max_depth"": 3, ""min_samples_leaf"": 20}",2,test,BalAcc_4cls,0.353
1,GLOBAL,RandomForest,SMOTE,10,shap,"{""n_estimators"": 383, ""max_depth"": 3, ""min_samples_leaf"": 20}",2,test,Brier_up,0.2172342546530646
1,GLOBAL,RandomForest,SMOTE,10,shap,"{""n_estimators"": 383, ""max_depth"": 3, ""min_samples_leaf"": 20}",2,test,ECE_up,0.08500557141926104
1,GLOBAL,RandomForest,SMOTE,10,shap,"{""n_estimators"": 383, ""max_depth"": 3, ""min_samples_leaf"": 20}",2,test,F1_4cls,0.3194
1,GLOBAL,RandomForest,SMOTE,10,shap,"{""n_estimators"": 383, ""max_depth"": 3, ""min_samples_leaf"": 20}",2,test,F1_DOWN_FORT,0.6377
1,GLOBAL,RandomForest,SMOTE,10,shap,"{""n_estimators"": 383, ""max_depth"": 3, ""min_samples_leaf"": 20}",2,test,F1_UP_FORT,0.6116
1,GLOBAL,RandomForest,SMOTE,10,shap,"{""n_estimators"": 383, ""max_depth"": 3, ""min_samples_leaf"": 20}",2,test,F1_dir,0.6555
1,GLOBAL,RandomForest,SMOTE,10,shap,"{""n_estimators"": 383, ""max_depth"": 3, ""min_samples_leaf"": 20}",2,test,MCC_4cls,0.1816
1,GLOBAL,RandomForest,SMOTE,10,shap,"{""n_estimators"": 383, ""max_depth"": 3, ""min_samples_leaf"": 20}",3,test,AUC_ovr_4cls,0.706
1,GLOBAL,RandomForest,SMOTE,10,shap,"{""n_estimators"": 383, ""max_depth"": 3, ""min_samples_leaf"": 20}",3,test,Acc_dir,0.7525
1,GLOBAL,RandomForest,SMOTE,10,shap,"{""n_estimators"": 383, ""max_depth"": 3, ""min_samples_leaf"": 20}",3,test,BalAcc_4cls,0.4174
1,GLOBAL,RandomForest,SMOTE,10,shap,"{""n_estimators"": 383, ""max_depth"": 3, ""min_samples_leaf"": 20}",3,test,Brier_up,0.19894499259723109
1,GLOBAL,RandomForest,SMOTE,10,shap,"{""n_estimators"": 383, ""max_depth"": 3, ""min_samples_leaf"": 20}",3,test,ECE_up,0.13755552403901988
1,GLOBAL,RandomForest,SMOTE,10,shap,"{""n_estimators"": 383, ""max_depth"": 3, ""min_samples_leaf"": 20}",3,test,F1_4cls,0.3769
1,GLOBAL,RandomForest,SMOTE,10,shap,"{""n_estimators"": 383, ""max_depth"": 3, ""min_samples_leaf"": 20}",3,test,F1_DOWN_FORT,0.7101
1,GLOBAL,RandomForest,SMOTE,10,shap,"{""n_estimators"": 383, ""max_depth"": 3, ""min_samples_leaf"": 20}",3,test,F1_UP_FORT,0.6263
1,GLOBAL,RandomForest,SMOTE,10,shap,"{""n_estimators"": 383, ""max_depth"": 3, ""min_samples_leaf"": 20}",3,test,F1_dir,0.7491
1,GLOBAL,RandomForest,SMOTE,10,shap,"{""n_estimators"": 383, ""max_depth"": 3, ""min_samples_leaf"": 20}",3,test,MCC_4cls,0.2638
1,GLOBAL,RandomForest,SMOTE,10,shap,"{""n_estimators"": 383, ""max_depth"": 3, ""min_samples_leaf"": 20}",4,test,AUC_ovr_4cls,0.5347
1,GLOBAL,RandomForest,SMOTE,10,shap,"{""n_estimators"": 383, ""max_depth"": 3, ""min_samples_leaf"": 20}",4,test,Acc_dir,0.5077
1,GLOBAL,RandomForest,SMOTE,10,shap,"{""n_estimators"": 383, ""max_depth"": 3, ""min_samples_leaf"": 20}",4,test,BalAcc_4cls,0.2774
1,GLOBAL,RandomForest,SMOTE,10,shap,"{""n_estimators"": 383, ""max_depth"": 3, ""min_samples_leaf"": 20}",4,test,Brier_up,0.25289329855705955
1,GLOBAL,RandomForest,SMOTE,10,shap,"{""n_estimators"": 383, ""max_depth"": 3, ""min_samples_leaf"": 20}",4,test,ECE_up,0.07426353314105566
1,GLOBAL,RandomForest,SMOTE,10,shap,"{""n_estimators"": 383, ""max_depth"": 3, ""min_samples_leaf"": 20}",4,test,F1_4cls,0.2642
1,GLOBAL,RandomForest,SMOTE,10,shap,"{""n_estimators"": 383, ""max_depth"": 3, ""min_samples_leaf"": 20}",4,test,F1_DOWN_FORT,0.5316
1,GLOBAL,RandomForest,SMOTE,10,shap,"{""n_estimators"": 383, ""max_depth"": 3, ""min_samples_leaf"": 20}",4,test,F1_UP_FORT,0.2623
1,GLOBAL,RandomForest,SMOTE,10,shap,"{""n_estimators"": 383, ""max_depth"": 3, ""min_samples_leaf"": 20}",4,test,F1_dir,0.5076
1,GLOBAL,RandomForest,SMOTE,10,shap,"{""n_estimators"": 383, ""max_depth"": 3, ""min_samples_leaf"": 20}",4,test,MCC_4cls,0.0269
1,GLOBAL,RandomForest,SMOTE,10,shap,{},1,test,AUC_ovr_4cls,0.5558
1,GLOBAL,RandomForest,SMOTE,10,shap,{},1,test,Acc_dir,0.5735
1,GLOBAL,RandomForest,SMOTE,10,shap,{},1,test,BalAcc_4cls,0.2939
1,GLOBAL,RandomForest,SMOTE,10,shap,{},1,test,Brier_up,0.2493206188718821
1,GLOBAL,RandomForest,SMOTE,10,shap,{},1,test,ECE_up,0.09405876394068459
1,GLOBAL,RandomForest,SMOTE,10,shap,{},1,test,F1_4cls,0.1877
1,GLOBAL,RandomForest,SMOTE,10,shap,{},1,test,F1_DOWN_FORT,0.5977
1,GLOBAL,RandomForest,SMOTE,10,shap,{},1,test,F1_UP_FORT,0.4733
1,GLOBAL,RandomForest,SMOTE,10,shap,{},1,test,F1_dir,0.5683
1,GLOBAL,RandomForest,SMOTE,10,shap,{},1,test,MCC_4cls,0.05
1,GLOBAL,RandomForest,SMOTE,10,shap,{},1,test,effective_n_train,540.0
1,GLOBAL,RandomForest,SMOTE,10,shap,{},1,test,n_train,835.0
1,GLOBAL,RandomForest,SMOTE,10,shap,{},2,test,AUC_ovr_4cls,0.6341
1,GLOBAL,RandomForest,SMOTE,10,shap,{},2,test,Acc_dir,0.6516
1,GLOBAL,RandomForest,SMOTE,10,shap,{},2,test,BalAcc_4cls,0.3453
1,GLOBAL,RandomForest,SMOTE,10,shap,{},2,test,Brier_up,0.21320993086935822
1,GLOBAL,RandomForest,SMOTE,10,shap,{},2,test,ECE_up,0.08296520402050134
1,GLOBAL,RandomForest,SMOTE,10,shap,{},2,test,F1_4cls,0.3243
1,GLOBAL,RandomForest,SMOTE,10,shap,{},2,test,F1_DOWN_FORT,0.626
1,GLOBAL,RandomForest,SMOTE,10,shap,{},2,test,F1_UP_FORT,0.5185
1,GLOBAL,RandomForest,SMOTE,10,shap,{},2,test,F1_dir,0.6513
1,GLOBAL,RandomForest,SMOTE,10,shap,{},2,test,MCC_4cls,0.1553
1,GLOBAL,RandomForest,SMOTE,10,shap,{},2,test,effective_n_train,675.0
1,GLOBAL,RandomForest,SMOTE,10,shap,{},2,test,n_train,1047.0
1,GLOBAL,RandomForest,SMOTE,10,shap,{},3,test,AUC_ovr_4cls,0.7051
1,GLOBAL,RandomForest,SMOTE,10,shap,{},3,test,Acc_dir,0.7374
1,GLOBAL,RandomForest,SMOTE,10,shap,{},3,test,BalAcc_4cls,0.4388
1,GLOBAL,RandomForest,SMOTE,10,shap,{},3,test,Brier_up,0.18919255970861354
1,GLOBAL,RandomForest,SMOTE,10,shap,{},3,test,ECE_up,0.10693937543003552
1,GLOBAL,RandomForest,SMOTE,10,shap,{},3,test,F1_4cls,0.4194
1,GLOBAL,RandomForest,SMOTE,10,shap,{},3,test,F1_DOWN_FORT,0.7031
1,GLOBAL,RandomForest,SMOTE,10,shap,{},3,test,F1_UP_FORT,0.617
1,GLOBAL,RandomForest,SMOTE,10,shap,{},3,test,F1_dir,0.7341
1,GLOBAL,RandomForest,SMOTE,10,shap,{},3,test,MCC_4cls,0.2787
1,GLOBAL,RandomForest,SMOTE,10,shap,{},3,test,effective_n_train,811.5
1,GLOBAL,RandomForest,SMOTE,10,shap,{},3,test,n_train,1269.0
1,GLOBAL,RandomForest,SMOTE,10,shap,{},4,test,AUC_ovr_4cls,0.553
1,GLOBAL,RandomForest,SMOTE,10,shap,{},4,test,Acc_dir,0.5385
1,GLOBAL,RandomForest,SMOTE,10,shap,{},4,test,BalAcc_4cls,0.3329
1,GLOBAL,RandomForest,SMOTE,10,shap,{},4,test,Brier_up,0.2564089736035882
1,GLOBAL,RandomForest,SMOTE,10,shap,{},4,test,ECE_up,0.06667938777236355
1,GLOBAL,RandomForest,SMOTE,10,shap,{},4,test,F1_4cls,0.3211
1,GLOBAL,RandomForest,SMOTE,10,shap,{},4,test,F1_DOWN_FORT,0.5897
1,GLOBAL,RandomForest,SMOTE,10,shap,{},4,test,F1_UP_FORT,0.2903
1,GLOBAL,RandomForest,SMOTE,10,shap,{},4,test,F1_dir,0.537
1,GLOBAL,RandomForest,SMOTE,10,shap,{},4,test,MCC_4cls,0.106
1,GLOBAL,RandomForest,SMOTE,10,shap,{},4,test,effective_n_train,945.5
1,GLOBAL,RandomForest,SMOTE,10,shap,{},4,test,n_train,1468.0
1,GLOBAL,RandomForest,SMOTE,14,shap,{},1,test,AUC_ovr_4cls,0.5701
1,GLOBAL,RandomForest,SMOTE,14,shap,{},1,test,Acc_dir,0.5592
1,GLOBAL,RandomForest,SMOTE,14,shap,{},1,test,BalAcc_4cls,0.2949
1,GLOBAL,RandomForest,SMOTE,14,shap,{},1,test,Brier_up,0.24834107714478654
1,GLOBAL,RandomForest,SMOTE,14,shap,{},1,test,ECE_up,0.09749563935127487
1,GLOBAL,RandomForest,SMOTE,14,shap,{},1,test,F1_4cls,0.2164
1,GLOBAL,RandomForest,SMOTE,14,shap,{},1,test,F1_DOWN_FORT,0.6118
1,GLOBAL,RandomForest,SMOTE,14,shap,{},1,test,F1_UP_FORT,0.4576
1,GLOBAL,RandomForest,SMOTE,14,shap,{},1,test,F1_dir,0.5567
1,GLOBAL,RandomForest,SMOTE,14,shap,{},1,test,MCC_4cls,0.0462
1,GLOBAL,RandomForest,SMOTE,14,shap,{},1,test,effective_n_train,540.0
1,GLOBAL,RandomForest,SMOTE,14,shap,{},1,test,n_train,835.0
1,GLOBAL,RandomForest,SMOTE,14,shap,{},2,test,AUC_ovr_4cls,0.6479
1,GLOBAL,RandomForest,SMOTE,14,shap,{},2,test,Acc_dir,0.638
1,GLOBAL,RandomForest,SMOTE,14,shap,{},2,test,BalAcc_4cls,0.358
1,GLOBAL,RandomForest,SMOTE,14,shap,{},2,test,Brier_up,0.21223944412985088
1,GLOBAL,RandomForest,SMOTE,14,shap,{},2,test,ECE_up,0.11004619045499749
1,GLOBAL,RandomForest,SMOTE,14,shap,{},2,test,F1_4cls,0.3259
1,GLOBAL,RandomForest,SMOTE,14,shap,{},2,test,F1_DOWN_FORT,0.6202
1,GLOBAL,RandomForest,SMOTE,14,shap,{},2,test,F1_UP_FORT,0.6393
1,GLOBAL,RandomForest,SMOTE,14,shap,{},2,test,F1_dir,0.6378
1,GLOBAL,RandomForest,SMOTE,14,shap,{},2,test,MCC_4cls,0.1823
1,GLOBAL,RandomForest,SMOTE,14,shap,{},2,test,effective_n_train,675.0
1,GLOBAL,RandomForest,SMOTE,14,shap,{},2,test,n_train,1047.0
1,GLOBAL,RandomForest,SMOTE,14,shap,{},3,test,AUC_ovr_4cls,0.7077
1,GLOBAL,RandomForest,SMOTE,14,shap,{},3,test,Acc_dir,0.7323
1,GLOBAL,RandomForest,SMOTE,14,shap,{},3,test,BalAcc_4cls,0.4314
1,GLOBAL,RandomForest,SMOTE,14,shap,{},3,test,Brier_up,0.18737353886189795
1,GLOBAL,RandomForest,SMOTE,14,shap,{},3,test,ECE_up,0.08957610368691485
1,GLOBAL,RandomForest,SMOTE,14,shap,{},3,test,F1_4cls,0.4028
1,GLOBAL,RandomForest,SMOTE,14,shap,{},3,test,F1_DOWN_FORT,0.6716
1,GLOBAL,RandomForest,SMOTE,14,shap,{},3,test,F1_UP_FORT,0.6667
1,GLOBAL,RandomForest,SMOTE,14,shap,{},3,test,F1_dir,0.7303
1,GLOBAL,RandomForest,SMOTE,14,shap,{},3,test,MCC_4cls,0.2719
1,GLOBAL,RandomForest,SMOTE,14,shap,{},3,test,effective_n_train,811.5
1,GLOBAL,RandomForest,SMOTE,14,shap,{},3,test,n_train,1269.0
1,GLOBAL,RandomForest,SMOTE,14,shap,{},4,test,AUC_ovr_4cls,0.5513
1,GLOBAL,RandomForest,SMOTE,14,shap,{},4,test,Acc_dir,0.5333
1,GLOBAL,RandomForest,SMOTE,14,shap,{},4,test,BalAcc_4cls,0.297
1,GLOBAL,RandomForest,SMOTE,14,shap,{},4,test,Brier_up,0.2539029741174176
1,GLOBAL,RandomForest,SMOTE,14,shap,{},4,test,ECE_up,0.06937330384938267
1,GLOBAL,RandomForest,SMOTE,14,shap,{},4,test,F1_4cls,0.2878
1,GLOBAL,RandomForest,SMOTE,14,shap,{},4,test,F1_DOWN_FORT,0.5455
1,GLOBAL,RandomForest,SMOTE,14,shap,{},4,test,F1_UP_FORT,0.2462
1,GLOBAL,RandomForest,SMOTE,14,shap,{},4,test,F1_dir,0.5325
1,GLOBAL,RandomForest,SMOTE,14,shap,{},4,test,MCC_4cls,0.0545
1,GLOBAL,RandomForest,SMOTE,14,shap,{},4,test,effective_n_train,945.5
1,GLOBAL,RandomForest,SMOTE,14,shap,{},4,test,n_train,1468.0
1,GLOBAL,XGBoost,SMOTE,6,shap,{},1,test,AUC_ovr_4cls,0.5714
1,GLOBAL,XGBoost,SMOTE,6,shap,{},1,test,Acc_dir,0.5403
1,GLOBAL,XGBoost,SMOTE,6,shap,{},1,test,BalAcc_4cls,0.3116
1,GLOBAL,XGBoost,SMOTE,6,shap,{},1,test,Brier_up,0.26832425657925474
1,GLOBAL,XGBoost,SMOTE,6,shap,{},1,test,ECE_up,0.15346430536465483
1,GLOBAL,XGBoost,SMOTE,6,shap,{},1,test,F1_4cls,0.2962
1,GLOBAL,XGBoost,SMOTE,6,shap,{},1,test,F1_DOWN_FORT,0.5195
1,GLOBAL,XGBoost,SMOTE,6,shap,{},1,test,F1_UP_FORT,0.3696
1,GLOBAL,XGBoost,SMOTE,6,shap,{},1,test,F1_dir,0.5401
1,GLOBAL,XGBoost,SMOTE,6,shap,{},1,test,MCC_4cls,0.0738
1,GLOBAL,XGBoost,SMOTE,6,shap,{},1,test,effective_n_train,540.0
1,GLOBAL,XGBoost,SMOTE,6,shap,{},1,test,n_train,835.0
1,GLOBAL,XGBoost,SMOTE,6,shap,{},2,test,AUC_ovr_4cls,0.5734
1,GLOBAL,XGBoost,SMOTE,6,shap,{},2,test,Acc_dir,0.6471
1,GLOBAL,XGBoost,SMOTE,6,shap,{},2,test,BalAcc_4cls,0.2854
1,GLOBAL,XGBoost,SMOTE,6,shap,{},2,test,Brier_up,0.2324093421793116
1,GLOBAL,XGBoost,SMOTE,6,shap,{},2,test,ECE_up,0.08075247247749727
1,GLOBAL,XGBoost,SMOTE,6,shap,{},2,test,F1_4cls,0.2879
1,GLOBAL,XGBoost,SMOTE,6,shap,{},2,test,F1_DOWN_FORT,0.486
1,GLOBAL,XGBoost,SMOTE,6,shap,{},2,test,F1_UP_FORT,0.5045
1,GLOBAL,XGBoost,SMOTE,6,shap,{},2,test,F1_dir,0.6471
1,GLOBAL,XGBoost,SMOTE,6,shap,{},2,test,MCC_4cls,0.0718
1,GLOBAL,XGBoost,SMOTE,6,shap,{},2,test,effective_n_train,675.0
1,GLOBAL,XGBoost,SMOTE,6,shap,{},2,test,n_train,1047.0
1,GLOBAL,XGBoost,SMOTE,6,shap,{},3,test,AUC_ovr_4cls,0.6358
1,GLOBAL,XGBoost,SMOTE,6,shap,{},3,test,Acc_dir,0.7071
1,GLOBAL,XGBoost,SMOTE,6,shap,{},3,test,BalAcc_4cls,0.3329
1,GLOBAL,XGBoost,SMOTE,6,shap,{},3,test,Brier_up,0.1960454051603371
1,GLOBAL,XGBoost,SMOTE,6,shap,{},3,test,ECE_up,0.09010681099813395
1,GLOBAL,XGBoost,SMOTE,6,shap,{},3,test,F1_4cls,0.3156
1,GLOBAL,XGBoost,SMOTE,6,shap,{},3,test,F1_DOWN_FORT,0.5088
1,GLOBAL,XGBoost,SMOTE,6,shap,{},3,test,F1_UP_FORT,0.5745
1,GLOBAL,XGBoost,SMOTE,6,shap,{},3,test,F1_dir,0.7066
1,GLOBAL,XGBoost,SMOTE,6,shap,{},3,test,MCC_4cls,0.1249
1,GLOBAL,XGBoost,SMOTE,6,shap,{},3,test,effective_n_train,811.5
1,GLOBAL,XGBoost,SMOTE,6,shap,{},3,test,n_train,1269.0
1,GLOBAL,XGBoost,SMOTE,6,shap,{},4,test,AUC_ovr_4cls,0.5545
1,GLOBAL,XGBoost,SMOTE,6,shap,{},4,test,Acc_dir,0.4974
1,GLOBAL,XGBoost,SMOTE,6,shap,{},4,test,BalAcc_4cls,0.2348
1,GLOBAL,XGBoost,SMOTE,6,shap,{},4,test,Brier_up,0.25362591903882636
1,GLOBAL,XGBoost,SMOTE,6,shap,{},4,test,ECE_up,0.1283858190648831
1,GLOBAL,XGBoost,SMOTE,6,shap,{},4,test,F1_4cls,0.2322
1,GLOBAL,XGBoost,SMOTE,6,shap,{},4,test,F1_DOWN_FORT,0.3889
1,GLOBAL,XGBoost,SMOTE,6,shap,{},4,test,F1_UP_FORT,0.2899
1,GLOBAL,XGBoost,SMOTE,6,shap,{},4,test,F1_dir,0.4974
1,GLOBAL,XGBoost,SMOTE,6,shap,{},4,test,MCC_4cls,-0.0213
1,GLOBAL,XGBoost,SMOTE,6,shap,{},4,test,effective_n_train,945.5
1,GLOBAL,XGBoost,SMOTE,6,shap,{},4,test,n_train,1468.0
1,GLOBAL,XGBoost,SMOTE,10,shap,"{""n_estimators"": 152, ""max_depth"": 7, ""learning_rate"": 0.010418065015851491, ""subsample"": 0.9489671618323502, ""colsample_bytree"": 0.6826431824124335, ""min_child_weight"": 7}",1,test,AUC_ovr_4cls,0.5454
1,GLOBAL,XGBoost,SMOTE,10,shap,"{""n_estimators"": 152, ""max_depth"": 7, ""learning_rate"": 0.010418065015851491, ""subsample"": 0.9489671618323502, ""colsample_bytree"": 0.6826431824124335, ""min_child_weight"": 7}",1,test,Acc_dir,0.5592
1,GLOBAL,XGBoost,SMOTE,10,shap,"{""n_estimators"": 152, ""max_depth"": 7, ""learning_rate"": 0.010418065015851491, ""subsample"": 0.9489671618323502, ""colsample_bytree"": 0.6826431824124335, ""min_child_weight"": 7}",1,test,BalAcc_4cls,0.2822
1,GLOBAL,XGBoost,SMOTE,10,shap,"{""n_estimators"": 152, ""max_depth"": 7, ""learning_rate"": 0.010418065015851491, ""subsample"": 0.9489671618323502, ""colsample_bytree"": 0.6826431824124335, ""min_child_weight"": 7}",1,test,Brier_up,0.25285906366422795
1,GLOBAL,XGBoost,SMOTE,10,shap,"{""n_estimators"": 152, ""max_depth"": 7, ""learning_rate"": 0.010418065015851491, ""subsample"": 0.9489671618323502, ""colsample_bytree"": 0.6826431824124335, ""min_child_weight"": 7}",1,test,ECE_up,0.10452060189574819
1,GLOBAL,XGBoost,SMOTE,10,shap,"{""n_estimators"": 152, ""max_depth"": 7, ""learning_rate"": 0.010418065015851491, ""subsample"": 0.9489671618323502, ""colsample_bytree"": 0.6826431824124335, ""min_child_weight"": 7}",1,test,F1_4cls,0.2077
1,GLOBAL,XGBoost,SMOTE,10,shap,"{""n_estimators"": 152, ""max_depth"": 7, ""learning_rate"": 0.010418065015851491, ""subsample"": 0.9489671618323502, ""colsample_bytree"": 0.6826431824124335, ""min_child_weight"": 7}",1,test,F1_DOWN_FORT,0.5714
1,GLOBAL,XGBoost,SMOTE,10,shap,"{""n_estimators"": 152, ""max_depth"": 7, ""learning_rate"": 0.010418065015851491, ""subsample"": 0.9489671618323502, ""colsample_bytree"": 0.6826431824124335, ""min_child_weight"": 7}",1,test,F1_UP_FORT,0.4248
1,GLOBAL,XGBoost,SMOTE,10,shap,"{""n_estimators"": 152, ""max_depth"": 7, ""learning_rate"": 0.010418065015851491, ""subsample"": 0.9489671618323502, ""colsample_bytree"": 0.6826431824124335, ""min_child_weight"": 7}",1,test,F1_dir,0.5592
1,GLOBAL,XGBoost,SMOTE,10,shap,"{""n_estimators"": 152, ""max_depth"": 7, ""learning_rate"": 0.010418065015851491, ""subsample"": 0.9489671618323502, ""colsample_bytree"": 0.6826431824124335, ""min_child_weight"": 7}",1,test,MCC_4cls,0.0324
1,GLOBAL,XGBoost,SMOTE,10,shap,"{""n_estimators"": 152, ""max_depth"": 7, ""learning_rate"": 0.010418065015851491, ""subsample"": 0.9489671618323502, ""colsample_bytree"": 0.6826431824124335, ""min_child_weight"": 7}",2,test,AUC_ovr_4cls,0.6208
1,GLOBAL,XGBoost,SMOTE,10,shap,"{""n_estimators"": 152, ""max_depth"": 7, ""learning_rate"": 0.010418065015851491, ""subsample"": 0.9489671618323502, ""colsample_bytree"": 0.6826431824124335, ""min_child_weight"": 7}",2,test,Acc_dir,0.6425
1,GLOBAL,XGBoost,SMOTE,10,shap,"{""n_estimators"": 152, ""max_depth"": 7, ""learning_rate"": 0.010418065015851491, ""subsample"": 0.9489671618323502, ""colsample_bytree"": 0.6826431824124335, ""min_child_weight"": 7}",2,test,BalAcc_4cls,0.348
1,GLOBAL,XGBoost,SMOTE,10,shap,"{""n_estimators"": 152, ""max_depth"": 7, ""learning_rate"": 0.010418065015851491, ""subsample"": 0.9489671618323502, ""colsample_bytree"": 0.6826431824124335, ""min_child_weight"": 7}",2,test,Brier_up,0.22436233302737268
1,GLOBAL,XGBoost,SMOTE,10,shap,"{""n_estimators"": 152, ""max_depth"": 7, ""learning_rate"": 0.010418065015851491, ""subsample"": 0.9489671618323502, ""colsample_bytree"": 0.6826431824124335, ""min_child_weight"": 7}",2,test,ECE_up,0.06426325622457182
1,GLOBAL,XGBoost,SMOTE,10,shap,"{""n_estimators"": 152, ""max_depth"": 7, ""learning_rate"": 0.010418065015851491, ""subsample"": 0.9489671618323502, ""colsample_bytree"": 0.6826431824124335, ""min_child_weight"": 7}",2,test,F1_4cls,0.3474
1,GLOBAL,XGBoost,SMOTE,10,shap,"{""n_estimators"": 152, ""max_depth"": 7, ""learning_rate"": 0.010418065015851491, ""subsample"": 0.9489671618323502, ""colsample_bytree"": 0.6826431824124335, ""min_child_weight"": 7}",2,test,F1_DOWN_FORT,0.5593
1,GLOBAL,XGBoost,SMOTE,10,shap,"{""n_estimators"": 152, ""max_depth"": 7, ""learning_rate"": 0.010418065015851491, ""subsample"": 0.9489671618323502, ""colsample_bytree"": 0.6826431824124335, ""min_child_weight"": 7}",2,test,F1_UP_FORT,0.5487
1,GLOBAL,XGBoost,SMOTE,10,shap,"{""n_estimators"": 152, ""max_depth"": 7, ""learning_rate"": 0.010418065015851491, ""subsample"": 0.9489671618323502, ""colsample_bytree"": 0.6826431824124335, ""min_child_weight"": 7}",2,test,F1_dir,0.6421
1,GLOBAL,XGBoost,SMOTE,10,shap,"{""n_estimators"": 152, ""max_depth"": 7, ""learning_rate"": 0.010418065015851491, ""subsample"": 0.9489671618323502, ""colsample_bytree"": 0.6826431824124335, ""min_child_weight"": 7}",2,test,MCC_4cls,0.1558
1,GLOBAL,XGBoost,SMOTE,10,shap,"{""n_estimators"": 152, ""max_depth"": 7, ""learning_rate"": 0.010418065015851491, ""subsample"": 0.9489671618323502, ""colsample_bytree"": 0.6826431824124335, ""min_child_weight"": 7}",3,test,AUC_ovr_4cls,0.6783
1,GLOBAL,XGBoost,SMOTE,10,shap,"{""n_estimators"": 152, ""max_depth"": 7, ""learning_rate"": 0.010418065015851491, ""subsample"": 0.9489671618323502, ""colsample_bytree"": 0.6826431824124335, ""min_child_weight"": 7}",3,test,Acc_dir,0.7273
1,GLOBAL,XGBoost,SMOTE,10,shap,"{""n_estimators"": 152, ""max_depth"": 7, ""learning_rate"": 0.010418065015851491, ""subsample"": 0.9489671618323502, ""colsample_bytree"": 0.6826431824124335, ""min_child_weight"": 7}",3,test,BalAcc_4cls,0.416
1,GLOBAL,XGBoost,SMOTE,10,shap,"{""n_estimators"": 152, ""max_depth"": 7, ""learning_rate"": 0.010418065015851491, ""subsample"": 0.9489671618323502, ""colsample_bytree"": 0.6826431824124335, ""min_child_weight"": 7}",3,test,Brier_up,0.20259530498938144
1,GLOBAL,XGBoost,SMOTE,10,shap,"{""n_estimators"": 152, ""max_depth"": 7, ""learning_rate"": 0.010418065015851491, ""subsample"": 0.9489671618323502, ""colsample_bytree"": 0.6826431824124335, ""min_child_weight"": 7}",3,test,ECE_up,0.1459896249527281
1,GLOBAL,XGBoost,SMOTE,10,shap,"{""n_estimators"": 152, ""max_depth"": 7, ""learning_rate"": 0.010418065015851491, ""subsample"": 0.9489671618323502, ""colsample_bytree"": 0.6826431824124335, ""min_child_weight"": 7}",3,test,F1_4cls,0.4072
1,GLOBAL,XGBoost,SMOTE,10,shap,"{""n_estimators"": 152, ""max_depth"": 7, ""learning_rate"": 0.010418065015851491, ""subsample"": 0.9489671618323502, ""colsample_bytree"": 0.6826431824124335, ""min_child_weight"": 7}",3,test,F1_DOWN_FORT,0.6325
1,GLOBAL,XGBoost,SMOTE,10,shap,"{""n_estimators"": 152, ""max_depth"": 7, ""learning_rate"": 0.010418065015851491, ""subsample"": 0.9489671618323502, ""colsample_bytree"": 0.6826431824124335, ""min_child_weight"": 7}",3,test,F1_UP_FORT,0.5843
1,GLOBAL,XGBoost,SMOTE,10,shap,"{""n_estimators"": 152, ""max_depth"": 7, ""learning_rate"": 0.010418065015851491, ""subsample"": 0.9489671618323502, ""colsample_bytree"": 0.6826431824124335, ""min_child_weight"": 7}",3,test,F1_dir,0.7263
1,GLOBAL,XGBoost,SMOTE,10,shap,"{""n_estimators"": 152, ""max_depth"": 7, ""learning_rate"": 0.010418065015851491, ""subsample"": 0.9489671618323502, ""colsample_bytree"": 0.6826431824124335, ""min_child_weight"": 7}",3,test,MCC_4cls,0.2393
1,GLOBAL,XGBoost,SMOTE,10,shap,"{""n_estimators"": 152, ""max_depth"": 7, ""learning_rate"": 0.010418065015851491, ""subsample"": 0.9489671618323502, ""colsample_bytree"": 0.6826431824124335, ""min_child_weight"": 7}",4,test,AUC_ovr_4cls,0.5601
1,GLOBAL,XGBoost,SMOTE,10,shap,"{""n_estimators"": 152, ""max_depth"": 7, ""learning_rate"": 0.010418065015851491, ""subsample"": 0.9489671618323502, ""colsample_bytree"": 0.6826431824124335, ""min_child_weight"": 7}",4,test,Acc_dir,0.5744
1,GLOBAL,XGBoost,SMOTE,10,shap,"{""n_estimators"": 152, ""max_depth"": 7, ""learning_rate"": 0.010418065015851491, ""subsample"": 0.9489671618323502, ""colsample_bytree"": 0.6826431824124335, ""min_child_weight"": 7}",4,test,BalAcc_4cls,0.3367
1,GLOBAL,XGBoost,SMOTE,10,shap,"{""n_estimators"": 152, ""max_depth"": 7, ""learning_rate"": 0.010418065015851491, ""subsample"": 0.9489671618323502, ""colsample_bytree"": 0.6826431824124335, ""min_child_weight"": 7}",4,test,Brier_up,0.24969437327237723
1,GLOBAL,XGBoost,SMOTE,10,shap,"{""n_estimators"": 152, ""max_depth"": 7, ""learning_rate"": 0.010418065015851491, ""subsample"": 0.9489671618323502, ""colsample_bytree"": 0.6826431824124335, ""min_child_weight"": 7}",4,test,ECE_up,0.043292945432357274
1,GLOBAL,XGBoost,SMOTE,10,shap,"{""n_estimators"": 152, ""max_depth"": 7, ""learning_rate"": 0.010418065015851491, ""subsample"": 0.9489671618323502, ""colsample_bytree"": 0.6826431824124335, ""min_child_weight"": 7}",4,test,F1_4cls,0.3149
1,GLOBAL,XGBoost,SMOTE,10,shap,"{""n_estimators"": 152, ""max_depth"": 7, ""learning_rate"": 0.010418065015851491, ""subsample"": 0.9489671618323502, ""colsample_bytree"": 0.6826431824124335, ""min_child_weight"": 7}",4,test,F1_DOWN_FORT,0.619
1,GLOBAL,XGBoost,SMOTE,10,shap,"{""n_estimators"": 152, ""max_depth"": 7, ""learning_rate"": 0.010418065015851491, ""subsample"": 0.9489671618323502, ""colsample_bytree"": 0.6826431824124335, ""min_child_weight"": 7}",4,test,F1_UP_FORT,0.3768
1,GLOBAL,XGBoost,SMOTE,10,shap,"{""n_estimators"": 152, ""max_depth"": 7, ""learning_rate"": 0.010418065015851491, ""subsample"": 0.9489671618323502, ""colsample_bytree"": 0.6826431824124335, ""min_child_weight"": 7}",4,test,F1_dir,0.5727
1,GLOBAL,XGBoost,SMOTE,10,shap,"{""n_estimators"": 152, ""max_depth"": 7, ""learning_rate"": 0.010418065015851491, ""subsample"": 0.9489671618323502, ""colsample_bytree"": 0.6826431824124335, ""min_child_weight"": 7}",4,test,MCC_4cls,0.1074
1,GLOBAL,XGBoost,SMOTE,10,shap,{},0,holdout,AUC_ovr_4cls,0.5889
1,GLOBAL,XGBoost,SMOTE,10,shap,{},0,holdout,Acc_dir,0.5753
1,GLOBAL,XGBoost,SMOTE,10,shap,{},0,holdout,BalAcc_4cls,0.3335
1,GLOBAL,XGBoost,SMOTE,10,shap,{},0,holdout,Brier_up,0.2413900229023588
1,GLOBAL,XGBoost,SMOTE,10,shap,{},0,holdout,ECE_up,0.0470878299205534
1,GLOBAL,XGBoost,SMOTE,10,shap,{},0,holdout,F1_4cls,0.3254
1,GLOBAL,XGBoost,SMOTE,10,shap,{},0,holdout,F1_DOWN_FORT,0.5455
1,GLOBAL,XGBoost,SMOTE,10,shap,{},0,holdout,F1_UP_FORT,0.4615
1,GLOBAL,XGBoost,SMOTE,10,shap,{},0,holdout,F1_dir,0.575
1,GLOBAL,XGBoost,SMOTE,10,shap,{},0,holdout,MCC_4cls,0.1119
1,GLOBAL,XGBoost,SMOTE,10,shap,{},1,test,AUC_ovr_4cls,0.5583
1,GLOBAL,XGBoost,SMOTE,10,shap,{},1,test,Acc_dir,0.6114
1,GLOBAL,XGBoost,SMOTE,10,shap,{},1,test,BalAcc_4cls,0.3257
1,GLOBAL,XGBoost,SMOTE,10,shap,{},1,test,Brier_up,0.25761804886963485
1,GLOBAL,XGBoost,SMOTE,10,shap,{},1,test,ECE_up,0.16636041232155221
1,GLOBAL,XGBoost,SMOTE,10,shap,{},1,test,F1_4cls,0.2304
1,GLOBAL,XGBoost,SMOTE,10,shap,{},1,test,F1_DOWN_FORT,0.6304
1,GLOBAL,XGBoost,SMOTE,10,shap,{},1,test,F1_UP_FORT,0.4806
1,GLOBAL,XGBoost,SMOTE,10,shap,{},1,test,F1_dir,0.6094
1,GLOBAL,XGBoost,SMOTE,10,shap,{},1,test,MCC_4cls,0.0915
1,GLOBAL,XGBoost,SMOTE,10,shap,{},1,test,effective_n_train,540.0
1,GLOBAL,XGBoost,SMOTE,10,shap,{},1,test,n_train,835.0
1,GLOBAL,XGBoost,SMOTE,10,shap,{},2,test,AUC_ovr_4cls,0.6098
1,GLOBAL,XGBoost,SMOTE,10,shap,{},2,test,Acc_dir,0.6471
1,GLOBAL,XGBoost,SMOTE,10,shap,{},2,test,BalAcc_4cls,0.3047
1,GLOBAL,XGBoost,SMOTE,10,shap,{},2,test,Brier_up,0.2206784251831669
1,GLOBAL,XGBoost,SMOTE,10,shap,{},2,test,ECE_up,0.10010493747316873
1,GLOBAL,XGBoost,SMOTE,10,shap,{},2,test,F1_4cls,0.3093
1,GLOBAL,XGBoost,SMOTE,10,shap,{},2,test,F1_DOWN_FORT,0.4956
1,GLOBAL,XGBoost,SMOTE,10,shap,{},2,test,F1_UP_FORT,0.5185
1,GLOBAL,XGBoost,SMOTE,10,shap,{},2,test,F1_dir,0.6467
1,GLOBAL,XGBoost,SMOTE,10,shap,{},2,test,MCC_4cls,0.0995
1,GLOBAL,XGBoost,SMOTE,10,shap,{},2,test,effective_n_train,675.0
1,GLOBAL,XGBoost,SMOTE,10,shap,{},2,test,n_train,1047.0
1,GLOBAL,XGBoost,SMOTE,10,shap,{},3,test,AUC_ovr_4cls,0.6783
1,GLOBAL,XGBoost,SMOTE,10,shap,{},3,test,Acc_dir,0.702
1,GLOBAL,XGBoost,SMOTE,10,shap,{},3,test,BalAcc_4cls,0.3746
1,GLOBAL,XGBoost,SMOTE,10,shap,{},3,test,Brier_up,0.19126710223603843
1,GLOBAL,XGBoost,SMOTE,10,shap,{},3,test,ECE_up,0.06816935702932606
1,GLOBAL,XGBoost,SMOTE,10,shap,{},3,test,F1_4cls,0.3676
1,GLOBAL,XGBoost,SMOTE,10,shap,{},3,test,F1_DOWN_FORT,0.5664
1,GLOBAL,XGBoost,SMOTE,10,shap,{},3,test,F1_UP_FORT,0.5517
1,GLOBAL,XGBoost,SMOTE,10,shap,{},3,test,F1_dir,0.7003
1,GLOBAL,XGBoost,SMOTE,10,shap,{},3,test,MCC_4cls,0.1794
1,GLOBAL,XGBoost,SMOTE,10,shap,{},3,test,effective_n_train,811.5
1,GLOBAL,XGBoost,SMOTE,10,shap,{},3,test,n_train,1269.0
1,GLOBAL,XGBoost,SMOTE,10,shap,{},4,test,AUC_ovr_4cls,0.5699
1,GLOBAL,XGBoost,SMOTE,10,shap,{},4,test,Acc_dir,0.5641
1,GLOBAL,XGBoost,SMOTE,10,shap,{},4,test,BalAcc_4cls,0.3511
1,GLOBAL,XGBoost,SMOTE,10,shap,{},4,test,Brier_up,0.25955687092370094
1,GLOBAL,XGBoost,SMOTE,10,shap,{},4,test,ECE_up,0.1046576944490274
1,GLOBAL,XGBoost,SMOTE,10,shap,{},4,test,F1_4cls,0.3266
1,GLOBAL,XGBoost,SMOTE,10,shap,{},4,test,F1_DOWN_FORT,0.6667
1,GLOBAL,XGBoost,SMOTE,10,shap,{},4,test,F1_UP_FORT,0.3077
1,GLOBAL,XGBoost,SMOTE,10,shap,{},4,test,F1_dir,0.5585
1,GLOBAL,XGBoost,SMOTE,10,shap,{},4,test,MCC_4cls,0.1275
1,GLOBAL,XGBoost,SMOTE,10,shap,{},4,test,effective_n_train,945.5
1,GLOBAL,XGBoost,SMOTE,10,shap,{},4,test,n_train,1468.0
1,GLOBAL,XGBoost,SMOTE,14,shap,{},1,test,AUC_ovr_4cls,0.5581
1,GLOBAL,XGBoost,SMOTE,14,shap,{},1,test,Acc_dir,0.5782
1,GLOBAL,XGBoost,SMOTE,14,shap,{},1,test,BalAcc_4cls,0.2975
1,GLOBAL,XGBoost,SMOTE,14,shap,{},1,test,Brier_up,0.2732308183618922
1,GLOBAL,XGBoost,SMOTE,14,shap,{},1,test,ECE_up,0.1992148807243625
1,GLOBAL,XGBoost,SMOTE,14,shap,{},1,test,F1_4cls,0.2115
1,GLOBAL,XGBoost,SMOTE,14,shap,{},1,test,F1_DOWN_FORT,0.617
1,GLOBAL,XGBoost,SMOTE,14,shap,{},1,test,F1_UP_FORT,0.3932
1,GLOBAL,XGBoost,SMOTE,14,shap,{},1,test,F1_dir,0.5782
1,GLOBAL,XGBoost,SMOTE,14,shap,{},1,test,MCC_4cls,0.0471
1,GLOBAL,XGBoost,SMOTE,14,shap,{},1,test,effective_n_train,540.0
1,GLOBAL,XGBoost,SMOTE,14,shap,{},1,test,n_train,835.0
1,GLOBAL,XGBoost,SMOTE,14,shap,{},2,test,AUC_ovr_4cls,0.6105
1,GLOBAL,XGBoost,SMOTE,14,shap,{},2,test,Acc_dir,0.5747
1,GLOBAL,XGBoost,SMOTE,14,shap,{},2,test,BalAcc_4cls,0.3131
1,GLOBAL,XGBoost,SMOTE,14,shap,{},2,test,Brier_up,0.2307487562109979
1,GLOBAL,XGBoost,SMOTE,14,shap,{},2,test,ECE_up,0.10422568521314886
1,GLOBAL,XGBoost,SMOTE,14,shap,{},2,test,F1_4cls,0.3147
1,GLOBAL,XGBoost,SMOTE,14,shap,{},2,test,F1_DOWN_FORT,0.5455
1,GLOBAL,XGBoost,SMOTE,14,shap,{},2,test,F1_UP_FORT,0.5586
1,GLOBAL,XGBoost,SMOTE,14,shap,{},2,test,F1_dir,0.5744
1,GLOBAL,XGBoost,SMOTE,14,shap,{},2,test,MCC_4cls,0.1147
1,GLOBAL,XGBoost,SMOTE,14,shap,{},2,test,effective_n_train,675.0
1,GLOBAL,XGBoost,SMOTE,14,shap,{},2,test,n_train,1047.0
1,GLOBAL,XGBoost,SMOTE,14,shap,{},3,test,AUC_ovr_4cls,0.6814
1,GLOBAL,XGBoost,SMOTE,14,shap,{},3,test,Acc_dir,0.7273
1,GLOBAL,XGBoost,SMOTE,14,shap,{},3,test,BalAcc_4cls,0.4381
1,GLOBAL,XGBoost,SMOTE,14,shap,{},3,test,Brier_up,0.1869096137241694
1,GLOBAL,XGBoost,SMOTE,14,shap,{},3,test,ECE_up,0.04441376052552252
1,GLOBAL,XGBoost,SMOTE,14,shap,{},3,test,F1_4cls,0.4289
1,GLOBAL,XGBoost,SMOTE,14,shap,{},3,test,F1_DOWN_FORT,0.688
1,GLOBAL,XGBoost,SMOTE,14,shap,{},3,test,F1_UP_FORT,0.5977
1,GLOBAL,XGBoost,SMOTE,14,shap,{},3,test,F1_dir,0.7245
1,GLOBAL,XGBoost,SMOTE,14,shap,{},3,test,MCC_4cls,0.2724
1,GLOBAL,XGBoost,SMOTE,14,shap,{},3,test,effective_n_train,811.5
1,GLOBAL,XGBoost,SMOTE,14,shap,{},3,test,n_train,1269.0
1,GLOBAL,XGBoost,SMOTE,14,shap,{},4,test,AUC_ovr_4cls,0.5559
1,GLOBAL,XGBoost,SMOTE,14,shap,{},4,test,Acc_dir,0.5538
1,GLOBAL,XGBoost,SMOTE,14,shap,{},4,test,BalAcc_4cls,0.3344
1,GLOBAL,XGBoost,SMOTE,14,shap,{},4,test,Brier_up,0.2643647721865854
1,GLOBAL,XGBoost,SMOTE,14,shap,{},4,test,ECE_up,0.09612444733770995
1,GLOBAL,XGBoost,SMOTE,14,shap,{},4,test,F1_4cls,0.325
1,GLOBAL,XGBoost,SMOTE,14,shap,{},4,test,F1_DOWN_FORT,0.5455
1,GLOBAL,XGBoost,SMOTE,14,shap,{},4,test,F1_UP_FORT,0.3478
1,GLOBAL,XGBoost,SMOTE,14,shap,{},4,test,F1_dir,0.5527
1,GLOBAL,XGBoost,SMOTE,14,shap,{},4,test,MCC_4cls,0.1103
1,GLOBAL,XGBoost,SMOTE,14,shap,{},4,test,effective_n_train,945.5
1,GLOBAL,XGBoost,SMOTE,14,shap,{},4,test,n_train,1468.0
5,GLOBAL,CatBoost,SMOTE,6,shap,{},1,test,AUC_ovr_4cls,0.5812
5,GLOBAL,CatBoost,SMOTE,6,shap,{},1,test,Acc_dir,0.5556
5,GLOBAL,CatBoost,SMOTE,6,shap,{},1,test,BalAcc_4cls,0.336
5,GLOBAL,CatBoost,SMOTE,6,shap,{},1,test,Brier_up,0.26805347242908306
5,GLOBAL,CatBoost,SMOTE,6,shap,{},1,test,ECE_up,0.1726090360352684
5,GLOBAL,CatBoost,SMOTE,6,shap,{},1,test,F1_4cls,0.322
5,GLOBAL,CatBoost,SMOTE,6,shap,{},1,test,F1_DOWN_FORT,0.4658
5,GLOBAL,CatBoost,SMOTE,6,shap,{},1,test,F1_UP_FORT,0.4132
5,GLOBAL,CatBoost,SMOTE,6,shap,{},1,test,F1_dir,0.55
5,GLOBAL,CatBoost,SMOTE,6,shap,{},1,test,MCC_4cls,0.117
5,GLOBAL,CatBoost,SMOTE,6,shap,{},1,test,effective_n_train,195.5
5,GLOBAL,CatBoost,SMOTE,6,shap,{},1,test,n_train,997.0
5,GLOBAL,CatBoost,SMOTE,6,shap,{},2,test,AUC_ovr_4cls,0.4728
5,GLOBAL,CatBoost,SMOTE,6,shap,{},2,test,Acc_dir,0.4672
5,GLOBAL,CatBoost,SMOTE,6,shap,{},2,test,BalAcc_4cls,0.2385
5,GLOBAL,CatBoost,SMOTE,6,shap,{},2,test,Brier_up,0.2946498878447339
5,GLOBAL,CatBoost,SMOTE,6,shap,{},2,test,ECE_up,0.20243819474511426
5,GLOBAL,CatBoost,SMOTE,6,shap,{},2,test,F1_4cls,0.2118
5,GLOBAL,CatBoost,SMOTE,6,shap,{},2,test,F1_DOWN_FORT,0.4681
5,GLOBAL,CatBoost,SMOTE,6,shap,{},2,test,F1_UP_FORT,0.2444
5,GLOBAL,CatBoost,SMOTE,6,shap,{},2,test,F1_dir,0.4554
5,GLOBAL,CatBoost,SMOTE,6,shap,{},2,test,MCC_4cls,-0.0186
5,GLOBAL,CatBoost,SMOTE,6,shap,{},2,test,effective_n_train,244.16666666666666
5,GLOBAL,CatBoost,SMOTE,6,shap,{},2,test,n_train,1236.0
5,GLOBAL,CatBoost,SMOTE,6,shap,{},3,test,AUC_ovr_4cls,0.5356
5,GLOBAL,CatBoost,SMOTE,6,shap,{},3,test,Acc_dir,0.4843
5,GLOBAL,CatBoost,SMOTE,6,shap,{},3,test,BalAcc_4cls,0.2783
5,GLOBAL,CatBoost,SMOTE,6,shap,{},3,test,Brier_up,0.2805154886217666
5,GLOBAL,CatBoost,SMOTE,6,shap,{},3,test,ECE_up,0.22375556016529166
5,GLOBAL,CatBoost,SMOTE,6,shap,{},3,test,F1_4cls,0.2629
5,GLOBAL,CatBoost,SMOTE,6,shap,{},3,test,F1_DOWN_FORT,0.4375
5,GLOBAL,CatBoost,SMOTE,6,shap,{},3,test,F1_UP_FORT,0.3175
5,GLOBAL,CatBoost,SMOTE,6,shap,{},3,test,F1_dir,0.4824
5,GLOBAL,CatBoost,SMOTE,6,shap,{},3,test,MCC_4cls,0.0532
5,GLOBAL,CatBoost,SMOTE,6,shap,{},3,test,effective_n_train,292.8333333333333
5,GLOBAL,CatBoost,SMOTE,6,shap,{},3,test,n_train,1485.0
5,GLOBAL,CatBoost,SMOTE,6,shap,{},4,test,AUC_ovr_4cls,0.5691
5,GLOBAL,CatBoost,SMOTE,6,shap,{},4,test,Acc_dir,0.6098
5,GLOBAL,CatBoost,SMOTE,6,shap,{},4,test,BalAcc_4cls,0.3048
5,GLOBAL,CatBoost,SMOTE,6,shap,{},4,test,Brier_up,0.2367830624628631
5,GLOBAL,CatBoost,SMOTE,6,shap,{},4,test,ECE_up,0.06328908322904785
5,GLOBAL,CatBoost,SMOTE,6,shap,{},4,test,F1_4cls,0.3013
5,GLOBAL,CatBoost,SMOTE,6,shap,{},4,test,F1_DOWN_FORT,0.4211
5,GLOBAL,CatBoost,SMOTE,6,shap,{},4,test,F1_UP_FORT,0.283
5,GLOBAL,CatBoost,SMOTE,6,shap,{},4,test,F1_dir,0.5947
5,GLOBAL,CatBoost,SMOTE,6,shap,{},4,test,MCC_4cls,0.0763
5,GLOBAL,CatBoost,SMOTE,6,shap,{},4,test,effective_n_train,341.5
5,GLOBAL,CatBoost,SMOTE,6,shap,{},4,test,n_train,1744.0
5,GLOBAL,CatBoost,SMOTE,10,shap,{},1,test,AUC_ovr_4cls,0.5624
5,GLOBAL,CatBoost,SMOTE,10,shap,{},1,test,Acc_dir,0.5256
5,GLOBAL,CatBoost,SMOTE,10,shap,{},1,test,BalAcc_4cls,0.3164
5,GLOBAL,CatBoost,SMOTE,10,shap,{},1,test,Brier_up,0.28315036254638687
5,GLOBAL,CatBoost,SMOTE,10,shap,{},1,test,ECE_up,0.1838471292389339
5,GLOBAL,CatBoost,SMOTE,10,shap,{},1,test,F1_4cls,0.3069
5,GLOBAL,CatBoost,SMOTE,10,shap,{},1,test,F1_DOWN_FORT,0.4286
5,GLOBAL,CatBoost,SMOTE,10,shap,{},1,test,F1_UP_FORT,0.5
5,GLOBAL,CatBoost,SMOTE,10,shap,{},1,test,F1_dir,0.5246
5,GLOBAL,CatBoost,SMOTE,10,shap,{},1,test,MCC_4cls,0.0961
5,GLOBAL,CatBoost,SMOTE,10,shap,{},1,test,effective_n_train,195.5
5,GLOBAL,CatBoost,SMOTE,10,shap,{},1,test,n_train,997.0
5,GLOBAL,CatBoost,SMOTE,10,shap,{},2,test,AUC_ovr_4cls,0.4866
5,GLOBAL,CatBoost,SMOTE,10,shap,{},2,test,Acc_dir,0.4221
5,GLOBAL,CatBoost,SMOTE,10,shap,{},2,test,BalAcc_4cls,0.2381
5,GLOBAL,CatBoost,SMOTE,10,shap,{},2,test,Brier_up,0.28663100412577
5,GLOBAL,CatBoost,SMOTE,10,shap,{},2,test,ECE_up,0.23258880072316115
5,GLOBAL,CatBoost,SMOTE,10,shap,{},2,test,F1_4cls,0.2202
5,GLOBAL,CatBoost,SMOTE,10,shap,{},2,test,F1_DOWN_FORT,0.5143
5,GLOBAL,CatBoost,SMOTE,10,shap,{},2,test,F1_UP_FORT,0.25
5,GLOBAL,CatBoost,SMOTE,10,shap,{},2,test,F1_dir,0.421
5,GLOBAL,CatBoost,SMOTE,10,shap,{},2,test,MCC_4cls,-0.0177
5,GLOBAL,CatBoost,SMOTE,10,shap,{},2,test,effective_n_train,244.16666666666666
5,GLOBAL,CatBoost,SMOTE,10,shap,{},2,test,n_train,1236.0
5,GLOBAL,CatBoost,SMOTE,10,shap,{},3,test,AUC_ovr_4cls,0.5723
5,GLOBAL,CatBoost,SMOTE,10,shap,{},3,test,Acc_dir,0.4764
5,GLOBAL,CatBoost,SMOTE,10,shap,{},3,test,BalAcc_4cls,0.2864
5,GLOBAL,CatBoost,SMOTE,10,shap,{},3,test,Brier_up,0.2782626588778812
5,GLOBAL,CatBoost,SMOTE,10,shap,{},3,test,ECE_up,0.2051807745245278
5,GLOBAL,CatBoost,SMOTE,10,shap,{},3,test,F1_4cls,0.2502
5,GLOBAL,CatBoost,SMOTE,10,shap,{},3,test,F1_DOWN_FORT,0.4186
5,GLOBAL,CatBoost,SMOTE,10,shap,{},3,test,F1_UP_FORT,0.3692
5,GLOBAL,CatBoost,SMOTE,10,shap,{},3,test,F1_dir,0.4728
5,GLOBAL,CatBoost,SMOTE,10,shap,{},3,test,MCC_4cls,0.0523
5,GLOBAL,CatBoost,SMOTE,10,shap,{},3,test,effective_n_train,292.8333333333333
5,GLOBAL,CatBoost,SMOTE,10,shap,{},3,test,n_train,1485.0
5,GLOBAL,CatBoost,SMOTE,10,shap,{},4,test,AUC_ovr_4cls,0.6154
5,GLOBAL,CatBoost,SMOTE,10,shap,{},4,test,Acc_dir,0.6742
5,GLOBAL,CatBoost,SMOTE,10,shap,{},4,test,BalAcc_4cls,0.3402
5,GLOBAL,CatBoost,SMOTE,10,shap,{},4,test,Brier_up,0.2143643648241854
5,GLOBAL,CatBoost,SMOTE,10,shap,{},4,test,ECE_up,0.09662560153436506
5,GLOBAL,CatBoost,SMOTE,10,shap,{},4,test,F1_4cls,0.3153
5,GLOBAL,CatBoost,SMOTE,10,shap,{},4,test,F1_DOWN_FORT,0.3441
5,GLOBAL,CatBoost,SMOTE,10,shap,{},4,test,F1_UP_FORT,0.2424
5,GLOBAL,CatBoost,SMOTE,10,shap,{},4,test,F1_dir,0.6687
5,GLOBAL,CatBoost,SMOTE,10,shap,{},4,test,MCC_4cls,0.1173
5,GLOBAL,CatBoost,SMOTE,10,shap,{},4,test,effective_n_train,341.5
5,GLOBAL,CatBoost,SMOTE,10,shap,{},4,test,n_train,1744.0
5,GLOBAL,CatBoost,SMOTE,14,shap,{},1,test,AUC_ovr_4cls,0.5728
5,GLOBAL,CatBoost,SMOTE,14,shap,{},1,test,Acc_dir,0.5043
5,GLOBAL,CatBoost,SMOTE,14,shap,{},1,test,BalAcc_4cls,0.3104
5,GLOBAL,CatBoost,SMOTE,14,shap,{},1,test,Brier_up,0.2966311995434666
5,GLOBAL,CatBoost,SMOTE,14,shap,{},1,test,ECE_up,0.21572484846920303
5,GLOBAL,CatBoost,SMOTE,14,shap,{},1,test,F1_4cls,0.2757
5,GLOBAL,CatBoost,SMOTE,14,shap,{},1,test,F1_DOWN_FORT,0.4384
5,GLOBAL,CatBoost,SMOTE,14,shap,{},1,test,F1_UP_FORT,0.3361
5,GLOBAL,CatBoost,SMOTE,14,shap,{},1,test,F1_dir,0.499
5,GLOBAL,CatBoost,SMOTE,14,shap,{},1,test,MCC_4cls,0.0804
5,GLOBAL,CatBoost,SMOTE,14,shap,{},1,test,effective_n_train,195.5
5,GLOBAL,CatBoost,SMOTE,14,shap,{},1,test,n_train,997.0
5,GLOBAL,CatBoost,SMOTE,14,shap,{},2,test,AUC_ovr_4cls,0.4896
5,GLOBAL,CatBoost,SMOTE,14,shap,{},2,test,Acc_dir,0.4467
5,GLOBAL,CatBoost,SMOTE,14,shap,{},2,test,BalAcc_4cls,0.253
5,GLOBAL,CatBoost,SMOTE,14,shap,{},2,test,Brier_up,0.2878375319554154
5,GLOBAL,CatBoost,SMOTE,14,shap,{},2,test,ECE_up,0.19719659388084096
5,GLOBAL,CatBoost,SMOTE,14,shap,{},2,test,F1_4cls,0.2387
5,GLOBAL,CatBoost,SMOTE,14,shap,{},2,test,F1_DOWN_FORT,0.5253
5,GLOBAL,CatBoost,SMOTE,14,shap,{},2,test,F1_UP_FORT,0.3918
5,GLOBAL,CatBoost,SMOTE,14,shap,{},2,test,F1_dir,0.4466
5,GLOBAL,CatBoost,SMOTE,14,shap,{},2,test,MCC_4cls,0.0024
5,GLOBAL,CatBoost,SMOTE,14,shap,{},2,test,effective_n_train,244.16666666666666
5,GLOBAL,CatBoost,SMOTE,14,shap,{},2,test,n_train,1236.0
5,GLOBAL,CatBoost,SMOTE,14,shap,{},3,test,AUC_ovr_4cls,0.5506
5,GLOBAL,CatBoost,SMOTE,14,shap,{},3,test,Acc_dir,0.4606
5,GLOBAL,CatBoost,SMOTE,14,shap,{},3,test,BalAcc_4cls,0.2357
5,GLOBAL,CatBoost,SMOTE,14,shap,{},3,test,Brier_up,0.27828838055698873
5,GLOBAL,CatBoost,SMOTE,14,shap,{},3,test,ECE_up,0.1833536627089815
5,GLOBAL,CatBoost,SMOTE,14,shap,{},3,test,F1_4cls,0.2096
5,GLOBAL,CatBoost,SMOTE,14,shap,{},3,test,F1_DOWN_FORT,0.3721
5,GLOBAL,CatBoost,SMOTE,14,shap,{},3,test,F1_UP_FORT,0.2034
5,GLOBAL,CatBoost,SMOTE,14,shap,{},3,test,F1_dir,0.4596
5,GLOBAL,CatBoost,SMOTE,14,shap,{},3,test,MCC_4cls,-0.0183
5,GLOBAL,CatBoost,SMOTE,14,shap,{},3,test,effective_n_train,292.8333333333333
5,GLOBAL,CatBoost,SMOTE,14,shap,{},3,test,n_train,1485.0
5,GLOBAL,CatBoost,SMOTE,14,shap,{},4,test,AUC_ovr_4cls,0.5729
5,GLOBAL,CatBoost,SMOTE,14,shap,{},4,test,Acc_dir,0.625
5,GLOBAL,CatBoost,SMOTE,14,shap,{},4,test,BalAcc_4cls,0.295
5,GLOBAL,CatBoost,SMOTE,14,shap,{},4,test,Brier_up,0.2259699044965764
5,GLOBAL,CatBoost,SMOTE,14,shap,{},4,test,ECE_up,0.07355691091363419
5,GLOBAL,CatBoost,SMOTE,14,shap,{},4,test,F1_4cls,0.266
5,GLOBAL,CatBoost,SMOTE,14,shap,{},4,test,F1_DOWN_FORT,0.1282
5,GLOBAL,CatBoost,SMOTE,14,shap,{},4,test,F1_UP_FORT,0.3902
5,GLOBAL,CatBoost,SMOTE,14,shap,{},4,test,F1_dir,0.6127
5,GLOBAL,CatBoost,SMOTE,14,shap,{},4,test,MCC_4cls,0.0558
5,GLOBAL,CatBoost,SMOTE,14,shap,{},4,test,effective_n_train,341.5
5,GLOBAL,CatBoost,SMOTE,14,shap,{},4,test,n_train,1744.0
5,GLOBAL,LightGBM,SMOTE,6,shap,{},1,test,AUC_ovr_4cls,0.5884
5,GLOBAL,LightGBM,SMOTE,6,shap,{},1,test,Acc_dir,0.5256
5,GLOBAL,LightGBM,SMOTE,6,shap,{},1,test,BalAcc_4cls,0.3447
5,GLOBAL,LightGBM,SMOTE,6,shap,{},1,test,Brier_up,0.28606666589244506
5,GLOBAL,LightGBM,SMOTE,6,shap,{},1,test,ECE_up,0.19626478872628556
5,GLOBAL,LightGBM,SMOTE,6,shap,{},1,test,F1_4cls,0.3328
5,GLOBAL,LightGBM,SMOTE,6,shap,{},1,test,F1_DOWN_FORT,0.4737
5,GLOBAL,LightGBM,SMOTE,6,shap,{},1,test,F1_UP_FORT,0.4348
5,GLOBAL,LightGBM,SMOTE,6,shap,{},1,test,F1_dir,0.5254
5,GLOBAL,LightGBM,SMOTE,6,shap,{},1,test,MCC_4cls,0.1328
5,GLOBAL,LightGBM,SMOTE,6,shap,{},1,test,effective_n_train,195.5
5,GLOBAL,LightGBM,SMOTE,6,shap,{},1,test,n_train,997.0
5,GLOBAL,LightGBM,SMOTE,6,shap,{},2,test,AUC_ovr_4cls,0.4695
5,GLOBAL,LightGBM,SMOTE,6,shap,{},2,test,Acc_dir,0.459
5,GLOBAL,LightGBM,SMOTE,6,shap,{},2,test,BalAcc_4cls,0.25
5,GLOBAL,LightGBM,SMOTE,6,shap,{},2,test,Brier_up,0.37164145975683155
5,GLOBAL,LightGBM,SMOTE,6,shap,{},2,test,ECE_up,0.31484876813252194
5,GLOBAL,LightGBM,SMOTE,6,shap,{},2,test,F1_4cls,0.2472
5,GLOBAL,LightGBM,SMOTE,6,shap,{},2,test,F1_DOWN_FORT,0.2133
5,GLOBAL,LightGBM,SMOTE,6,shap,{},2,test,F1_UP_FORT,0.4158
5,GLOBAL,LightGBM,SMOTE,6,shap,{},2,test,F1_dir,0.4425
5,GLOBAL,LightGBM,SMOTE,6,shap,{},2,test,MCC_4cls,0.0011
5,GLOBAL,LightGBM,SMOTE,6,shap,{},2,test,effective_n_train,244.16666666666666
5,GLOBAL,LightGBM,SMOTE,6,shap,{},2,test,n_train,1236.0
5,GLOBAL,LightGBM,SMOTE,6,shap,{},3,test,AUC_ovr_4cls,0.5404
5,GLOBAL,LightGBM,SMOTE,6,shap,{},3,test,Acc_dir,0.4921
5,GLOBAL,LightGBM,SMOTE,6,shap,{},3,test,BalAcc_4cls,0.2684
5,GLOBAL,LightGBM,SMOTE,6,shap,{},3,test,Brier_up,0.3386229920487074
5,GLOBAL,LightGBM,SMOTE,6,shap,{},3,test,ECE_up,0.3135775257237325
5,GLOBAL,LightGBM,SMOTE,6,shap,{},3,test,F1_4cls,0.2571
5,GLOBAL,LightGBM,SMOTE,6,shap,{},3,test,F1_DOWN_FORT,0.4252
5,GLOBAL,LightGBM,SMOTE,6,shap,{},3,test,F1_UP_FORT,0.3143
5,GLOBAL,LightGBM,SMOTE,6,shap,{},3,test,F1_dir,0.4898
5,GLOBAL,LightGBM,SMOTE,6,shap,{},3,test,MCC_4cls,0.0378
5,GLOBAL,LightGBM,SMOTE,6,shap,{},3,test,effective_n_train,292.8333333333333
5,GLOBAL,LightGBM,SMOTE,6,shap,{},3,test,n_train,1485.0
5,GLOBAL,LightGBM,SMOTE,6,shap,{},4,test,AUC_ovr_4cls,0.5616
5,GLOBAL,LightGBM,SMOTE,6,shap,{},4,test,Acc_dir,0.6023
5,GLOBAL,LightGBM,SMOTE,6,shap,{},4,test,BalAcc_4cls,0.3087
5,GLOBAL,LightGBM,SMOTE,6,shap,{},4,test,Brier_up,0.2526687506049611
5,GLOBAL,LightGBM,SMOTE,6,shap,{},4,test,ECE_up,0.10661752329518667
5,GLOBAL,LightGBM,SMOTE,6,shap,{},4,test,F1_4cls,0.3097
5,GLOBAL,LightGBM,SMOTE,6,shap,{},4,test,F1_DOWN_FORT,0.4906
5,GLOBAL,LightGBM,SMOTE,6,shap,{},4,test,F1_UP_FORT,0.2778
5,GLOBAL,LightGBM,SMOTE,6,shap,{},4,test,F1_dir,0.5924
5,GLOBAL,LightGBM,SMOTE,6,shap,{},4,test,MCC_4cls,0.0744
5,GLOBAL,LightGBM,SMOTE,6,shap,{},4,test,effective_n_train,341.5
5,GLOBAL,LightGBM,SMOTE,6,shap,{},4,test,n_train,1744.0
5,GLOBAL,LightGBM,SMOTE,10,shap,"{""n_estimators"": 279, ""max_depth"": 8, ""learning_rate"": 0.01303561122512888, ""num_leaves"": 24, ""min_child_samples"": 7, ""subsample"": 0.7301321323053057}",1,test,AUC_ovr_4cls,0.5742
5,GLOBAL,LightGBM,SMOTE,10,shap,"{""n_estimators"": 279, ""max_depth"": 8, ""learning_rate"": 0.01303561122512888, ""num_leaves"": 24, ""min_child_samples"": 7, ""subsample"": 0.7301321323053057}",1,test,Acc_dir,0.5726
5,GLOBAL,LightGBM,SMOTE,10,shap,"{""n_estimators"": 279, ""max_depth"": 8, ""learning_rate"": 0.01303561122512888, ""num_leaves"": 24, ""min_child_samples"": 7, ""subsample"": 0.7301321323053057}",1,test,BalAcc_4cls,0.3093
5,GLOBAL,LightGBM,SMOTE,10,shap,"{""n_estimators"": 279, ""max_depth"": 8, ""learning_rate"": 0.01303561122512888, ""num_leaves"": 24, ""min_child_samples"": 7, ""subsample"": 0.7301321323053057}",1,test,Brier_up,0.28860469029342944
5,GLOBAL,LightGBM,SMOTE,10,shap,"{""n_estimators"": 279, ""max_depth"": 8, ""learning_rate"": 0.01303561122512888, ""num_leaves"": 24, ""min_child_samples"": 7, ""subsample"": 0.7301321323053057}",1,test,ECE_up,0.20643093783004643
5,GLOBAL,LightGBM,SMOTE,10,shap,"{""n_estimators"": 279, ""max_depth"": 8, ""learning_rate"": 0.01303561122512888, ""num_leaves"": 24, ""min_child_samples"": 7, ""subsample"": 0.7301321323053057}",1,test,F1_4cls,0.2914
5,GLOBAL,LightGBM,SMOTE,10,shap,"{""n_estimators"": 279, ""max_depth"": 8, ""learning_rate"": 0.01303561122512888, ""num_leaves"": 24, ""min_child_samples"": 7, ""subsample"": 0.7301321323053057}",1,test,F1_DOWN_FORT,0.4416
5,GLOBAL,LightGBM,SMOTE,10,shap,"{""n_estimators"": 279, ""max_depth"": 8, ""learning_rate"": 0.01303561122512888, ""num_leaves"": 24, ""min_child_samples"": 7, ""subsample"": 0.7301321323053057}",1,test,F1_UP_FORT,0.3939
5,GLOBAL,LightGBM,SMOTE,10,shap,"{""n_estimators"": 279, ""max_depth"": 8, ""learning_rate"": 0.01303561122512888, ""num_leaves"": 24, ""min_child_samples"": 7, ""subsample"": 0.7301321323053057}",1,test,F1_dir,0.5724
5,GLOBAL,LightGBM,SMOTE,10,shap,"{""n_estimators"": 279, ""max_depth"": 8, ""learning_rate"": 0.01303561122512888, ""num_leaves"": 24, ""min_child_samples"": 7, ""subsample"": 0.7301321323053057}",1,test,MCC_4cls,0.0721
5,GLOBAL,LightGBM,SMOTE,10,shap,"{""n_estimators"": 279, ""max_depth"": 8, ""learning_rate"": 0.01303561122512888, ""num_leaves"": 24, ""min_child_samples"": 7, ""subsample"": 0.7301321323053057}",2,test,AUC_ovr_4cls,0.5296
5,GLOBAL,LightGBM,SMOTE,10,shap,"{""n_estimators"": 279, ""max_depth"": 8, ""learning_rate"": 0.01303561122512888, ""num_leaves"": 24, ""min_child_samples"": 7, ""subsample"": 0.7301321323053057}",2,test,Acc_dir,0.4385
5,GLOBAL,LightGBM,SMOTE,10,shap,"{""n_estimators"": 279, ""max_depth"": 8, ""learning_rate"": 0.01303561122512888, ""num_leaves"": 24, ""min_child_samples"": 7, ""subsample"": 0.7301321323053057}",2,test,BalAcc_4cls,0.2466
5,GLOBAL,LightGBM,SMOTE,10,shap,"{""n_estimators"": 279, ""max_depth"": 8, ""learning_rate"": 0.01303561122512888, ""num_leaves"": 24, ""min_child_samples"": 7, ""subsample"": 0.7301321323053057}",2,test,Brier_up,0.3223484179462899
5,GLOBAL,LightGBM,SMOTE,10,shap,"{""n_estimators"": 279, ""max_depth"": 8, ""learning_rate"": 0.01303561122512888, ""num_leaves"": 24, ""min_child_samples"": 7, ""subsample"": 0.7301321323053057}",2,test,ECE_up,0.28837763880401823
5,GLOBAL,LightGBM,SMOTE,10,shap,"{""n_estimators"": 279, ""max_depth"": 8, ""learning_rate"": 0.01303561122512888, ""num_leaves"": 24, ""min_child_samples"": 7, ""subsample"": 0.7301321323053057}",2,test,F1_4cls,0.2438
5,GLOBAL,LightGBM,SMOTE,10,shap,"{""n_estimators"": 279, ""max_depth"": 8, ""learning_rate"": 0.01303561122512888, ""num_leaves"": 24, ""min_child_samples"": 7, ""subsample"": 0.7301321323053057}",2,test,F1_DOWN_FORT,0.3059
5,GLOBAL,LightGBM,SMOTE,10,shap,"{""n_estimators"": 279, ""max_depth"": 8, ""learning_rate"": 0.01303561122512888, ""num_leaves"": 24, ""min_child_samples"": 7, ""subsample"": 0.7301321323053057}",2,test,F1_UP_FORT,0.4762
5,GLOBAL,LightGBM,SMOTE,10,shap,"{""n_estimators"": 279, ""max_depth"": 8, ""learning_rate"": 0.01303561122512888, ""num_leaves"": 24, ""min_child_samples"": 7, ""subsample"": 0.7301321323053057}",2,test,F1_dir,0.4281
5,GLOBAL,LightGBM,SMOTE,10,shap,"{""n_estimators"": 279, ""max_depth"": 8, ""learning_rate"": 0.01303561122512888, ""num_leaves"": 24, ""min_child_samples"": 7, ""subsample"": 0.7301321323053057}",2,test,MCC_4cls,-0.0025
5,GLOBAL,LightGBM,SMOTE,10,shap,"{""n_estimators"": 279, ""max_depth"": 8, ""learning_rate"": 0.01303561122512888, ""num_leaves"": 24, ""min_child_samples"": 7, ""subsample"": 0.7301321323053057}",3,test,AUC_ovr_4cls,0.5547
5,GLOBAL,LightGBM,SMOTE,10,shap,"{""n_estimators"": 279, ""max_depth"": 8, ""learning_rate"": 0.01303561122512888, ""num_leaves"": 24, ""min_child_samples"": 7, ""subsample"": 0.7301321323053057}",3,test,Acc_dir,0.4606
5,GLOBAL,LightGBM,SMOTE,10,shap,"{""n_estimators"": 279, ""max_depth"": 8, ""learning_rate"": 0.01303561122512888, ""num_leaves"": 24, ""min_child_samples"": 7, ""subsample"": 0.7301321323053057}",3,test,BalAcc_4cls,0.2998
5,GLOBAL,LightGBM,SMOTE,10,shap,"{""n_estimators"": 279, ""max_depth"": 8, ""learning_rate"": 0.01303561122512888, ""num_leaves"": 24, ""min_child_samples"": 7, ""subsample"": 0.7301321323053057}",3,test,Brier_up,0.3078132734402422
5,GLOBAL,LightGBM,SMOTE,10,shap,"{""n_estimators"": 279, ""max_depth"": 8, ""learning_rate"": 0.01303561122512888, ""num_leaves"": 24, ""min_child_samples"": 7, ""subsample"": 0.7301321323053057}",3,test,ECE_up,0.24723126444799717
5,GLOBAL,LightGBM,SMOTE,10,shap,"{""n_estimators"": 279, ""max_depth"": 8, ""learning_rate"": 0.01303561122512888, ""num_leaves"": 24, ""min_child_samples"": 7, ""subsample"": 0.7301321323053057}",3,test,F1_4cls,0.2625
5,GLOBAL,LightGBM,SMOTE,10,shap,"{""n_estimators"": 279, ""max_depth"": 8, ""learning_rate"": 0.01303561122512888, ""num_leaves"": 24, ""min_child_samples"": 7, ""subsample"": 0.7301321323053057}",3,test,F1_DOWN_FORT,0.352
5,GLOBAL,LightGBM,SMOTE,10,shap,"{""n_estimators"": 279, ""max_depth"": 8, ""learning_rate"": 0.01303561122512888, ""num_leaves"": 24, ""min_child_samples"": 7, ""subsample"": 0.7301321323053057}",3,test,F1_UP_FORT,0.48
5,GLOBAL,LightGBM,SMOTE,10,shap,"{""n_estimators"": 279, ""max_depth"": 8, ""learning_rate"": 0.01303561122512888, ""num_leaves"": 24, ""min_child_samples"": 7, ""subsample"": 0.7301321323053057}",3,test,F1_dir,0.4545
5,GLOBAL,LightGBM,SMOTE,10,shap,"{""n_estimators"": 279, ""max_depth"": 8, ""learning_rate"": 0.01303561122512888, ""num_leaves"": 24, ""min_child_samples"": 7, ""subsample"": 0.7301321323053057}",3,test,MCC_4cls,0.0554
5,GLOBAL,LightGBM,SMOTE,10,shap,"{""n_estimators"": 279, ""max_depth"": 8, ""learning_rate"": 0.01303561122512888, ""num_leaves"": 24, ""min_child_samples"": 7, ""subsample"": 0.7301321323053057}",4,test,AUC_ovr_4cls,0.6486
5,GLOBAL,LightGBM,SMOTE,10,shap,"{""n_estimators"": 279, ""max_depth"": 8, ""learning_rate"": 0.01303561122512888, ""num_leaves"": 24, ""min_child_samples"": 7, ""subsample"": 0.7301321323053057}",4,test,Acc_dir,0.6364
5,GLOBAL,LightGBM,SMOTE,10,shap,"{""n_estimators"": 279, ""max_depth"": 8, ""learning_rate"": 0.01303561122512888, ""num_leaves"": 24, ""min_child_samples"": 7, ""subsample"": 0.7301321323053057}",4,test,BalAcc_4cls,0.3862
5,GLOBAL,LightGBM,SMOTE,10,shap,"{""n_estimators"": 279, ""max_depth"": 8, ""learning_rate"": 0.01303561122512888, ""num_leaves"": 24, ""min_child_samples"": 7, ""subsample"": 0.7301321323053057}",4,test,Brier_up,0.21546237498268814
5,GLOBAL,LightGBM,SMOTE,10,shap,"{""n_estimators"": 279, ""max_depth"": 8, ""learning_rate"": 0.01303561122512888, ""num_leaves"": 24, ""min_child_samples"": 7, ""subsample"": 0.7301321323053057}",4,test,ECE_up,0.08375047181560127
5,GLOBAL,LightGBM,SMOTE,10,shap,"{""n_estimators"": 279, ""max_depth"": 8, ""learning_rate"": 0.01303561122512888, ""num_leaves"": 24, ""min_child_samples"": 7, ""subsample"": 0.7301321323053057}",4,test,F1_4cls,0.3664
5,GLOBAL,LightGBM,SMOTE,10,shap,"{""n_estimators"": 279, ""max_depth"": 8, ""learning_rate"": 0.01303561122512888, ""num_leaves"": 24, ""min_child_samples"": 7, ""subsample"": 0.7301321323053057}",4,test,F1_DOWN_FORT,0.4706
5,GLOBAL,LightGBM,SMOTE,10,shap,"{""n_estimators"": 279, ""max_depth"": 8, ""learning_rate"": 0.01303561122512888, ""num_leaves"": 24, ""min_child_samples"": 7, ""subsample"": 0.7301321323053057}",4,test,F1_UP_FORT,0.3774
5,GLOBAL,LightGBM,SMOTE,10,shap,"{""n_estimators"": 279, ""max_depth"": 8, ""learning_rate"": 0.01303561122512888, ""num_leaves"": 24, ""min_child_samples"": 7, ""subsample"": 0.7301321323053057}",4,test,F1_dir,0.6363
5,GLOBAL,LightGBM,SMOTE,10,shap,"{""n_estimators"": 279, ""max_depth"": 8, ""learning_rate"": 0.01303561122512888, ""num_leaves"": 24, ""min_child_samples"": 7, ""subsample"": 0.7301321323053057}",4,test,MCC_4cls,0.1703
5,GLOBAL,LightGBM,SMOTE,10,shap,{},1,test,AUC_ovr_4cls,0.5783
5,GLOBAL,LightGBM,SMOTE,10,shap,{},1,test,Acc_dir,0.5598
5,GLOBAL,LightGBM,SMOTE,10,shap,{},1,test,BalAcc_4cls,0.3019
5,GLOBAL,LightGBM,SMOTE,10,shap,{},1,test,Brier_up,0.30562234959272355
5,GLOBAL,LightGBM,SMOTE,10,shap,{},1,test,ECE_up,0.2424639961940525
5,GLOBAL,LightGBM,SMOTE,10,shap,{},1,test,F1_4cls,0.2824
5,GLOBAL,LightGBM,SMOTE,10,shap,{},1,test,F1_DOWN_FORT,0.5
5,GLOBAL,LightGBM,SMOTE,10,shap,{},1,test,F1_UP_FORT,0.4242
5,GLOBAL,LightGBM,SMOTE,10,shap,{},1,test,F1_dir,0.5592
5,GLOBAL,LightGBM,SMOTE,10,shap,{},1,test,MCC_4cls,0.0649
5,GLOBAL,LightGBM,SMOTE,10,shap,{},1,test,effective_n_train,195.5
5,GLOBAL,LightGBM,SMOTE,10,shap,{},1,test,n_train,997.0
5,GLOBAL,LightGBM,SMOTE,10,shap,{},2,test,AUC_ovr_4cls,0.5071
5,GLOBAL,LightGBM,SMOTE,10,shap,{},2,test,Acc_dir,0.4672
5,GLOBAL,LightGBM,SMOTE,10,shap,{},2,test,BalAcc_4cls,0.2362
5,GLOBAL,LightGBM,SMOTE,10,shap,{},2,test,Brier_up,0.34801876251286
5,GLOBAL,LightGBM,SMOTE,10,shap,{},2,test,ECE_up,0.3205577667684891
5,GLOBAL,LightGBM,SMOTE,10,shap,{},2,test,F1_4cls,0.2402
5,GLOBAL,LightGBM,SMOTE,10,shap,{},2,test,F1_DOWN_FORT,0.2963
5,GLOBAL,LightGBM,SMOTE,10,shap,{},2,test,F1_UP_FORT,0.3883
5,GLOBAL,LightGBM,SMOTE,10,shap,{},2,test,F1_dir,0.462
5,GLOBAL,LightGBM,SMOTE,10,shap,{},2,test,MCC_4cls,-0.0181
5,GLOBAL,LightGBM,SMOTE,10,shap,{},2,test,effective_n_train,244.16666666666666
5,GLOBAL,LightGBM,SMOTE,10,shap,{},2,test,n_train,1236.0
5,GLOBAL,LightGBM,SMOTE,10,shap,{},3,test,AUC_ovr_4cls,0.5781
5,GLOBAL,LightGBM,SMOTE,10,shap,{},3,test,Acc_dir,0.4685
5,GLOBAL,LightGBM,SMOTE,10,shap,{},3,test,BalAcc_4cls,0.3201
5,GLOBAL,LightGBM,SMOTE,10,shap,{},3,test,Brier_up,0.31796614726663663
5,GLOBAL,LightGBM,SMOTE,10,shap,{},3,test,ECE_up,0.2791137658355746
5,GLOBAL,LightGBM,SMOTE,10,shap,{},3,test,F1_4cls,0.2731
5,GLOBAL,LightGBM,SMOTE,10,shap,{},3,test,F1_DOWN_FORT,0.3471
5,GLOBAL,LightGBM,SMOTE,10,shap,{},3,test,F1_UP_FORT,0.5316
5,GLOBAL,LightGBM,SMOTE,10,shap,{},3,test,F1_dir,0.4615
5,GLOBAL,LightGBM,SMOTE,10,shap,{},3,test,MCC_4cls,0.0792
5,GLOBAL,LightGBM,SMOTE,10,shap,{},3,test,effective_n_train,292.8333333333333
5,GLOBAL,LightGBM,SMOTE,10,shap,{},3,test,n_train,1485.0
5,GLOBAL,LightGBM,SMOTE,10,shap,{},4,test,AUC_ovr_4cls,0.6505
5,GLOBAL,LightGBM,SMOTE,10,shap,{},4,test,Acc_dir,0.6326
5,GLOBAL,LightGBM,SMOTE,10,shap,{},4,test,BalAcc_4cls,0.3866
5,GLOBAL,LightGBM,SMOTE,10,shap,{},4,test,Brier_up,0.22229957241494785
5,GLOBAL,LightGBM,SMOTE,10,shap,{},4,test,ECE_up,0.10949214660404864
5,GLOBAL,LightGBM,SMOTE,10,shap,{},4,test,F1_4cls,0.3665
5,GLOBAL,LightGBM,SMOTE,10,shap,{},4,test,F1_DOWN_FORT,0.4752
5,GLOBAL,LightGBM,SMOTE,10,shap,{},4,test,F1_UP_FORT,0.4071
5,GLOBAL,LightGBM,SMOTE,10,shap,{},4,test,F1_dir,0.6326
5,GLOBAL,LightGBM,SMOTE,10,shap,{},4,test,MCC_4cls,0.1695
5,GLOBAL,LightGBM,SMOTE,10,shap,{},4,test,effective_n_train,341.5
5,GLOBAL,LightGBM,SMOTE,10,shap,{},4,test,n_train,1744.0
5,GLOBAL,LightGBM,SMOTE,14,shap,"{""n_estimators"": 282, ""max_depth"": 4, ""learning_rate"": 0.012151617026673379, ""num_leaves"": 61, ""min_child_samples"": 49, ""subsample"": 0.9233589392465844}",1,test,AUC_ovr_4cls,0.5894
5,GLOBAL,LightGBM,SMOTE,14,shap,"{""n_estimators"": 282, ""max_depth"": 4, ""learning_rate"": 0.012151617026673379, ""num_leaves"": 61, ""min_child_samples"": 49, ""subsample"": 0.9233589392465844}",1,test,Acc_dir,0.5556
5,GLOBAL,LightGBM,SMOTE,14,shap,"{""n_estimators"": 282, ""max_depth"": 4, ""learning_rate"": 0.012151617026673379, ""num_leaves"": 61, ""min_child_samples"": 49, ""subsample"": 0.9233589392465844}",1,test,BalAcc_4cls,0.3218
5,GLOBAL,LightGBM,SMOTE,14,shap,"{""n_estimators"": 282, ""max_depth"": 4, ""learning_rate"": 0.012151617026673379, ""num_leaves"": 61, ""min_child_samples"": 49, ""subsample"": 0.9233589392465844}",1,test,Brier_up,0.2866462428569051
5,GLOBAL,LightGBM,SMOTE,14,shap,"{""n_estimators"": 282, ""max_depth"": 4, ""learning_rate"": 0.012151617026673379, ""num_leaves"": 61, ""min_child_samples"": 49, ""subsample"": 0.9233589392465844}",1,test,ECE_up,0.1927951976759793
5,GLOBAL,LightGBM,SMOTE,14,shap,"{""n_estimators"": 282, ""max_depth"": 4, ""learning_rate"": 0.012151617026673379, ""num_leaves"": 61, ""min_child_samples"": 49, ""subsample"": 0.9233589392465844}",1,test,F1_4cls,0.3024
5,GLOBAL,LightGBM,SMOTE,14,shap,"{""n_estimators"": 282, ""max_depth"": 4, ""learning_rate"": 0.012151617026673379, ""num_leaves"": 61, ""min_child_samples"": 49, ""subsample"": 0.9233589392465844}",1,test,F1_DOWN_FORT,0.4359
5,GLOBAL,LightGBM,SMOTE,14,shap,"{""n_estimators"": 282, ""max_depth"": 4, ""learning_rate"": 0.012151617026673379, ""num_leaves"": 61, ""min_child_samples"": 49, ""subsample"": 0.9233589392465844}",1,test,F1_UP_FORT,0.3667
5,GLOBAL,LightGBM,SMOTE,14,shap,"{""n_estimators"": 282, ""max_depth"": 4, ""learning_rate"": 0.012151617026673379, ""num_leaves"": 61, ""min_child_samples"": 49, ""subsample"": 0.9233589392465844}",1,test,F1_dir,0.5554
5,GLOBAL,LightGBM,SMOTE,14,shap,"{""n_estimators"": 282, ""max_depth"": 4, ""learning_rate"": 0.012151617026673379, ""num_leaves"": 61, ""min_child_samples"": 49, ""subsample"": 0.9233589392465844}",1,test,MCC_4cls,0.0939
5,GLOBAL,LightGBM,SMOTE,14,shap,"{""n_estimators"": 282, ""max_depth"": 4, ""learning_rate"": 0.012151617026673379, ""num_leaves"": 61, ""min_child_samples"": 49, ""subsample"": 0.9233589392465844}",2,test,AUC_ovr_4cls,0.5402
5,GLOBAL,LightGBM,SMOTE,14,shap,"{""n_estimators"": 282, ""max_depth"": 4, ""learning_rate"": 0.012151617026673379, ""num_leaves"": 61, ""min_child_samples"": 49, ""subsample"": 0.9233589392465844}",2,test,Acc_dir,0.4795
5,GLOBAL,LightGBM,SMOTE,14,shap,"{""n_estimators"": 282, ""max_depth"": 4, ""learning_rate"": 0.012151617026673379, ""num_leaves"": 61, ""min_child_samples"": 49, ""subsample"": 0.9233589392465844}",2,test,BalAcc_4cls,0.3113
5,GLOBAL,LightGBM,SMOTE,14,shap,"{""n_estimators"": 282, ""max_depth"": 4, ""learning_rate"": 0.012151617026673379, ""num_leaves"": 61, ""min_child_samples"": 49, ""subsample"": 0.9233589392465844}",2,test,Brier_up,0.27646894741920125
5,GLOBAL,LightGBM,SMOTE,14,shap,"{""n_estimators"": 282, ""max_depth"": 4, ""learning_rate"": 0.012151617026673379, ""num_leaves"": 61, ""min_child_samples"": 49, ""subsample"": 0.9233589392465844}",2,test,ECE_up,0.17582428779275874
5,GLOBAL,LightGBM,SMOTE,14,shap,"{""n_estimators"": 282, ""max_depth"": 4, ""learning_rate"": 0.012151617026673379, ""num_leaves"": 61, ""min_child_samples"": 49, ""subsample"": 0.9233589392465844}",2,test,F1_4cls,0.2883
5,GLOBAL,LightGBM,SMOTE,14,shap,"{""n_estimators"": 282, ""max_depth"": 4, ""learning_rate"": 0.012151617026673379, ""num_leaves"": 61, ""min_child_samples"": 49, ""subsample"": 0.9233589392465844}",2,test,F1_DOWN_FORT,0.6538
5,GLOBAL,LightGBM,SMOTE,14,shap,"{""n_estimators"": 282, ""max_depth"": 4, ""learning_rate"": 0.012151617026673379, ""num_leaves"": 61, ""min_child_samples"": 49, ""subsample"": 0.9233589392465844}",2,test,F1_UP_FORT,0.4082
5,GLOBAL,LightGBM,SMOTE,14,shap,"{""n_estimators"": 282, ""max_depth"": 4, ""learning_rate"": 0.012151617026673379, ""num_leaves"": 61, ""min_child_samples"": 49, ""subsample"": 0.9233589392465844}",2,test,F1_dir,0.4791
5,GLOBAL,LightGBM,SMOTE,14,shap,"{""n_estimators"": 282, ""max_depth"": 4, ""learning_rate"": 0.012151617026673379, ""num_leaves"": 61, ""min_child_samples"": 49, ""subsample"": 0.9233589392465844}",2,test,MCC_4cls,0.0813
5,GLOBAL,LightGBM,SMOTE,14,shap,"{""n_estimators"": 282, ""max_depth"": 4, ""learning_rate"": 0.012151617026673379, ""num_leaves"": 61, ""min_child_samples"": 49, ""subsample"": 0.9233589392465844}",3,test,AUC_ovr_4cls,0.5162
5,GLOBAL,LightGBM,SMOTE,14,shap,"{""n_estimators"": 282, ""max_depth"": 4, ""learning_rate"": 0.012151617026673379, ""num_leaves"": 61, ""min_child_samples"": 49, ""subsample"": 0.9233589392465844}",3,test,Acc_dir,0.4213
5,GLOBAL,LightGBM,SMOTE,14,shap,"{""n_estimators"": 282, ""max_depth"": 4, ""learning_rate"": 0.012151617026673379, ""num_leaves"": 61, ""min_child_samples"": 49, ""subsample"": 0.9233589392465844}",3,test,BalAcc_4cls,0.2318
5,GLOBAL,LightGBM,SMOTE,14,shap,"{""n_estimators"": 282, ""max_depth"": 4, ""learning_rate"": 0.012151617026673379, ""num_leaves"": 61, ""min_child_samples"": 49, ""subsample"": 0.9233589392465844}",3,test,Brier_up,0.29028838916677246
5,GLOBAL,LightGBM,SMOTE,14,shap,"{""n_estimators"": 282, ""max_depth"": 4, ""learning_rate"": 0.012151617026673379, ""num_leaves"": 61, ""min_child_samples"": 49, ""subsample"": 0.9233589392465844}",3,test,ECE_up,0.22139464361785718
5,GLOBAL,LightGBM,SMOTE,14,shap,"{""n_estimators"": 282, ""max_depth"": 4, ""learning_rate"": 0.012151617026673379, ""num_leaves"": 61, ""min_child_samples"": 49, ""subsample"": 0.9233589392465844}",3,test,F1_4cls,0.2079
5,GLOBAL,LightGBM,SMOTE,14,shap,"{""n_estimators"": 282, ""max_depth"": 4, ""learning_rate"": 0.012151617026673379, ""num_leaves"": 61, ""min_child_samples"": 49, ""subsample"": 0.9233589392465844}",3,test,F1_DOWN_FORT,0.2906
5,GLOBAL,LightGBM,SMOTE,14,shap,"{""n_estimators"": 282, ""max_depth"": 4, ""learning_rate"": 0.012151617026673379, ""num_leaves"": 61, ""min_child_samples"": 49, ""subsample"": 0.9233589392465844}",3,test,F1_UP_FORT,0.3944
5,GLOBAL,LightGBM,SMOTE,14,shap,"{""n_estimators"": 282, ""max_depth"": 4, ""learning_rate"": 0.012151617026673379, ""num_leaves"": 61, ""min_child_samples"": 49, ""subsample"": 0.9233589392465844}",3,test,F1_dir,0.4187
5,GLOBAL,LightGBM,SMOTE,14,shap,"{""n_estimators"": 282, ""max_depth"": 4, ""learning_rate"": 0.012151617026673379, ""num_leaves"": 61, ""min_child_samples"": 49, ""subsample"": 0.9233589392465844}",3,test,MCC_4cls,-0.0444
5,GLOBAL,LightGBM,SMOTE,14,shap,"{""n_estimators"": 282, ""max_depth"": 4, ""learning_rate"": 0.012151617026673379, ""num_leaves"": 61, ""min_child_samples"": 49, ""subsample"": 0.9233589392465844}",4,test,AUC_ovr_4cls,0.5986
5,GLOBAL,LightGBM,SMOTE,14,shap,"{""n_estimators"": 282, ""max_depth"": 4, ""learning_rate"": 0.012151617026673379, ""num_leaves"": 61, ""min_child_samples"": 49, ""subsample"": 0.9233589392465844}",4,test,Acc_dir,0.6477
5,GLOBAL,LightGBM,SMOTE,14,shap,"{""n_estimators"": 282, ""max_depth"": 4, ""learning_rate"": 0.012151617026673379, ""num_leaves"": 61, ""min_child_samples"": 49, ""subsample"": 0.9233589392465844}",4,test,BalAcc_4cls,0.3321
5,GLOBAL,LightGBM,SMOTE,14,shap,"{""n_estimators"": 282, ""max_depth"": 4, ""learning_rate"": 0.012151617026673379, ""num_leaves"": 61, ""min_child_samples"": 49, ""subsample"": 0.9233589392465844}",4,test,Brier_up,0.22204654746535363
5,GLOBAL,LightGBM,SMOTE,14,shap,"{""n_estimators"": 282, ""max_depth"": 4, ""learning_rate"": 0.012151617026673379, ""num_leaves"": 61, ""min_child_samples"": 49, ""subsample"": 0.9233589392465844}",4,test,ECE_up,0.06992393119442833
5,GLOBAL,LightGBM,SMOTE,14,shap,"{""n_estimators"": 282, ""max_depth"": 4, ""learning_rate"": 0.012151617026673379, ""num_leaves"": 61, ""min_child_samples"": 49, ""subsample"": 0.9233589392465844}",4,test,F1_4cls,0.3054
5,GLOBAL,LightGBM,SMOTE,14,shap,"{""n_estimators"": 282, ""max_depth"": 4, ""learning_rate"": 0.012151617026673379, ""num_leaves"": 61, ""min_child_samples"": 49, ""subsample"": 0.9233589392465844}",4,test,F1_DOWN_FORT,0.1951
5,GLOBAL,LightGBM,SMOTE,14,shap,"{""n_estimators"": 282, ""max_depth"": 4, ""learning_rate"": 0.012151617026673379, ""num_leaves"": 61, ""min_child_samples"": 49, ""subsample"": 0.9233589392465844}",4,test,F1_UP_FORT,0.3833
5,GLOBAL,LightGBM,SMOTE,14,shap,"{""n_estimators"": 282, ""max_depth"": 4, ""learning_rate"": 0.012151617026673379, ""num_leaves"": 61, ""min_child_samples"": 49, ""subsample"": 0.9233589392465844}",4,test,F1_dir,0.6341
5,GLOBAL,LightGBM,SMOTE,14,shap,"{""n_estimators"": 282, ""max_depth"": 4, ""learning_rate"": 0.012151617026673379, ""num_leaves"": 61, ""min_child_samples"": 49, ""subsample"": 0.9233589392465844}",4,test,MCC_4cls,0.1002
5,GLOBAL,LightGBM,SMOTE,14,shap,{},1,test,AUC_ovr_4cls,0.5811
5,GLOBAL,LightGBM,SMOTE,14,shap,{},1,test,Acc_dir,0.5342
5,GLOBAL,LightGBM,SMOTE,14,shap,{},1,test,BalAcc_4cls,0.3093
5,GLOBAL,LightGBM,SMOTE,14,shap,{},1,test,Brier_up,0.3398108141909505
5,GLOBAL,LightGBM,SMOTE,14,shap,{},1,test,ECE_up,0.29347686953253743
5,GLOBAL,LightGBM,SMOTE,14,shap,{},1,test,F1_4cls,0.2675
5,GLOBAL,LightGBM,SMOTE,14,shap,{},1,test,F1_DOWN_FORT,0.4634
5,GLOBAL,LightGBM,SMOTE,14,shap,{},1,test,F1_UP_FORT,0.1905
5,GLOBAL,LightGBM,SMOTE,14,shap,{},1,test,F1_dir,0.5304
5,GLOBAL,LightGBM,SMOTE,14,shap,{},1,test,MCC_4cls,0.0685
5,GLOBAL,LightGBM,SMOTE,14,shap,{},1,test,effective_n_train,195.5
5,GLOBAL,LightGBM,SMOTE,14,shap,{},1,test,n_train,997.0
5,GLOBAL,LightGBM,SMOTE,14,shap,{},2,test,AUC_ovr_4cls,0.5277
5,GLOBAL,LightGBM,SMOTE,14,shap,{},2,test,Acc_dir,0.4631
5,GLOBAL,LightGBM,SMOTE,14,shap,{},2,test,BalAcc_4cls,0.2558
5,GLOBAL,LightGBM,SMOTE,14,shap,{},2,test,Brier_up,0.34012219793065274
5,GLOBAL,LightGBM,SMOTE,14,shap,{},2,test,ECE_up,0.29624672589352014
5,GLOBAL,LightGBM,SMOTE,14,shap,{},2,test,F1_4cls,0.2554
5,GLOBAL,LightGBM,SMOTE,14,shap,{},2,test,F1_DOWN_FORT,0.359
5,GLOBAL,LightGBM,SMOTE,14,shap,{},2,test,F1_UP_FORT,0.4505
5,GLOBAL,LightGBM,SMOTE,14,shap,{},2,test,F1_dir,0.449
5,GLOBAL,LightGBM,SMOTE,14,shap,{},2,test,MCC_4cls,0.0071
5,GLOBAL,LightGBM,SMOTE,14,shap,{},2,test,effective_n_train,244.16666666666666
5,GLOBAL,LightGBM,SMOTE,14,shap,{},2,test,n_train,1236.0
5,GLOBAL,LightGBM,SMOTE,14,shap,{},3,test,AUC_ovr_4cls,0.5295
5,GLOBAL,LightGBM,SMOTE,14,shap,{},3,test,Acc_dir,0.4724
5,GLOBAL,LightGBM,SMOTE,14,shap,{},3,test,BalAcc_4cls,0.2851
5,GLOBAL,LightGBM,SMOTE,14,shap,{},3,test,Brier_up,0.32537772605948134
5,GLOBAL,LightGBM,SMOTE,14,shap,{},3,test,ECE_up,0.2725092977774657
5,GLOBAL,LightGBM,SMOTE,14,shap,{},3,test,F1_4cls,0.2631
5,GLOBAL,LightGBM,SMOTE,14,shap,{},3,test,F1_DOWN_FORT,0.368
5,GLOBAL,LightGBM,SMOTE,14,shap,{},3,test,F1_UP_FORT,0.4179
5,GLOBAL,LightGBM,SMOTE,14,shap,{},3,test,F1_dir,0.4719
5,GLOBAL,LightGBM,SMOTE,14,shap,{},3,test,MCC_4cls,0.0344
5,GLOBAL,LightGBM,SMOTE,14,shap,{},3,test,effective_n_train,292.8333333333333
5,GLOBAL,LightGBM,SMOTE,14,shap,{},3,test,n_train,1485.0
5,GLOBAL,LightGBM,SMOTE,14,shap,{},4,test,AUC_ovr_4cls,0.6206
5,GLOBAL,LightGBM,SMOTE,14,shap,{},4,test,Acc_dir,0.6705
5,GLOBAL,LightGBM,SMOTE,14,shap,{},4,test,BalAcc_4cls,0.3968
5,GLOBAL,LightGBM,SMOTE,14,shap,{},4,test,Brier_up,0.2268998833586008
5,GLOBAL,LightGBM,SMOTE,14,shap,{},4,test,ECE_up,0.08221092689508795
5,GLOBAL,LightGBM,SMOTE,14,shap,{},4,test,F1_4cls,0.3676
5,GLOBAL,LightGBM,SMOTE,14,shap,{},4,test,F1_DOWN_FORT,0.2759
5,GLOBAL,LightGBM,SMOTE,14,shap,{},4,test,F1_UP_FORT,0.4333
5,GLOBAL,LightGBM,SMOTE,14,shap,{},4,test,F1_dir,0.6664
5,GLOBAL,LightGBM,SMOTE,14,shap,{},4,test,MCC_4cls,0.1775
5,GLOBAL,LightGBM,SMOTE,14,shap,{},4,test,effective_n_train,341.5
5,GLOBAL,LightGBM,SMOTE,14,shap,{},4,test,n_train,1744.0
5,GLOBAL,RandomForest,SMOTE,6,shap,{},1,test,AUC_ovr_4cls,0.5595
5,GLOBAL,RandomForest,SMOTE,6,shap,{},1,test,Acc_dir,0.4957
5,GLOBAL,RandomForest,SMOTE,6,shap,{},1,test,BalAcc_4cls,0.2882
5,GLOBAL,RandomForest,SMOTE,6,shap,{},1,test,Brier_up,0.2606486166639219
5,GLOBAL,RandomForest,SMOTE,6,shap,{},1,test,ECE_up,0.14468310908473217
5,GLOBAL,RandomForest,SMOTE,6,shap,{},1,test,F1_4cls,0.2669
5,GLOBAL,RandomForest,SMOTE,6,shap,{},1,test,F1_DOWN_FORT,0.4359
5,GLOBAL,RandomForest,SMOTE,6,shap,{},1,test,F1_UP_FORT,0.2752
5,GLOBAL,RandomForest,SMOTE,6,shap,{},1,test,F1_dir,0.4951
5,GLOBAL,RandomForest,SMOTE,6,shap,{},1,test,MCC_4cls,0.0538
5,GLOBAL,RandomForest,SMOTE,6,shap,{},1,test,effective_n_train,195.5
5,GLOBAL,RandomForest,SMOTE,6,shap,{},1,test,n_train,997.0
5,GLOBAL,RandomForest,SMOTE,6,shap,{},2,test,AUC_ovr_4cls,0.4925
5,GLOBAL,RandomForest,SMOTE,6,shap,{},2,test,Acc_dir,0.459
5,GLOBAL,RandomForest,SMOTE,6,shap,{},2,test,BalAcc_4cls,0.2183
5,GLOBAL,RandomForest,SMOTE,6,shap,{},2,test,Brier_up,0.2805424012293318
5,GLOBAL,RandomForest,SMOTE,6,shap,{},2,test,ECE_up,0.15557064979119983
5,GLOBAL,RandomForest,SMOTE,6,shap,{},2,test,F1_4cls,0.1848
5,GLOBAL,RandomForest,SMOTE,6,shap,{},2,test,F1_DOWN_FORT,0.2892
5,GLOBAL,RandomForest,SMOTE,6,shap,{},2,test,F1_UP_FORT,0.2326
5,GLOBAL,RandomForest,SMOTE,6,shap,{},2,test,F1_dir,0.4266
5,GLOBAL,RandomForest,SMOTE,6,shap,{},2,test,MCC_4cls,-0.047
5,GLOBAL,RandomForest,SMOTE,6,shap,{},2,test,effective_n_train,244.16666666666666
5,GLOBAL,RandomForest,SMOTE,6,shap,{},2,test,n_train,1236.0
5,GLOBAL,RandomForest,SMOTE,6,shap,{},3,test,AUC_ovr_4cls,0.522
5,GLOBAL,RandomForest,SMOTE,6,shap,{},3,test,Acc_dir,0.4213
5,GLOBAL,RandomForest,SMOTE,6,shap,{},3,test,BalAcc_4cls,0.2692
5,GLOBAL,RandomForest,SMOTE,6,shap,{},3,test,Brier_up,0.280193895120432
5,GLOBAL,RandomForest,SMOTE,6,shap,{},3,test,ECE_up,0.20673962348045227
5,GLOBAL,RandomForest,SMOTE,6,shap,{},3,test,F1_4cls,0.2244
5,GLOBAL,RandomForest,SMOTE,6,shap,{},3,test,F1_DOWN_FORT,0.3729
5,GLOBAL,RandomForest,SMOTE,6,shap,{},3,test,F1_UP_FORT,0.381
5,GLOBAL,RandomForest,SMOTE,6,shap,{},3,test,F1_dir,0.4058
5,GLOBAL,RandomForest,SMOTE,6,shap,{},3,test,MCC_4cls,0.024
5,GLOBAL,RandomForest,SMOTE,6,shap,{},3,test,effective_n_train,292.8333333333333
5,GLOBAL,RandomForest,SMOTE,6,shap,{},3,test,n_train,1485.0
5,GLOBAL,RandomForest,SMOTE,6,shap,{},4,test,AUC_ovr_4cls,0.5849
5,GLOBAL,RandomForest,SMOTE,6,shap,{},4,test,Acc_dir,0.5871
5,GLOBAL,RandomForest,SMOTE,6,shap,{},4,test,BalAcc_4cls,0.2882
5,GLOBAL,RandomForest,SMOTE,6,shap,{},4,test,Brier_up,0.23956413017724265
5,GLOBAL,RandomForest,SMOTE,6,shap,{},4,test,ECE_up,0.04303884758138705
5,GLOBAL,RandomForest,SMOTE,6,shap,{},4,test,F1_4cls,0.264
5,GLOBAL,RandomForest,SMOTE,6,shap,{},4,test,F1_DOWN_FORT,0.383
5,GLOBAL,RandomForest,SMOTE,6,shap,{},4,test,F1_UP_FORT,0.2105
5,GLOBAL,RandomForest,SMOTE,6,shap,{},4,test,F1_dir,0.5442
5,GLOBAL,RandomForest,SMOTE,6,shap,{},4,test,MCC_4cls,0.0639
5,GLOBAL,RandomForest,SMOTE,6,shap,{},4,test,effective_n_train,341.5
5,GLOBAL,RandomForest,SMOTE,6,shap,{},4,test,n_train,1744.0
5,GLOBAL,RandomForest,SMOTE,10,shap,{},1,test,AUC_ovr_4cls,0.5563
5,GLOBAL,RandomForest,SMOTE,10,shap,{},1,test,Acc_dir,0.5043
5,GLOBAL,RandomForest,SMOTE,10,shap,{},1,test,BalAcc_4cls,0.2856
5,GLOBAL,RandomForest,SMOTE,10,shap,{},1,test,Brier_up,0.26389411513997374
5,GLOBAL,RandomForest,SMOTE,10,shap,{},1,test,ECE_up,0.1590377290775039
5,GLOBAL,RandomForest,SMOTE,10,shap,{},1,test,F1_4cls,0.2755
5,GLOBAL,RandomForest,SMOTE,10,shap,{},1,test,F1_DOWN_FORT,0.4304
5,GLOBAL,RandomForest,SMOTE,10,shap,{},1,test,F1_UP_FORT,0.4444
5,GLOBAL,RandomForest,SMOTE,10,shap,{},1,test,F1_dir,0.5034
5,GLOBAL,RandomForest,SMOTE,10,shap,{},1,test,MCC_4cls,0.0577
5,GLOBAL,RandomForest,SMOTE,10,shap,{},1,test,effective_n_train,195.5
5,GLOBAL,RandomForest,SMOTE,10,shap,{},1,test,n_train,997.0
5,GLOBAL,RandomForest,SMOTE,10,shap,{},2,test,AUC_ovr_4cls,0.5165
5,GLOBAL,RandomForest,SMOTE,10,shap,{},2,test,Acc_dir,0.4508
5,GLOBAL,RandomForest,SMOTE,10,shap,{},2,test,BalAcc_4cls,0.2445
5,GLOBAL,RandomForest,SMOTE,10,shap,{},2,test,Brier_up,0.2623388459454831
5,GLOBAL,RandomForest,SMOTE,10,shap,{},2,test,ECE_up,0.16963391978328862
5,GLOBAL,RandomForest,SMOTE,10,shap,{},2,test,F1_4cls,0.2189
5,GLOBAL,RandomForest,SMOTE,10,shap,{},2,test,F1_DOWN_FORT,0.495
5,GLOBAL,RandomForest,SMOTE,10,shap,{},2,test,F1_UP_FORT,0.2338
5,GLOBAL,RandomForest,SMOTE,10,shap,{},2,test,F1_dir,0.4499
5,GLOBAL,RandomForest,SMOTE,10,shap,{},2,test,MCC_4cls,-0.0084
5,GLOBAL,RandomForest,SMOTE,10,shap,{},2,test,effective_n_train,244.16666666666666
5,GLOBAL,RandomForest,SMOTE,10,shap,{},2,test,n_train,1236.0
5,GLOBAL,RandomForest,SMOTE,10,shap,{},3,test,AUC_ovr_4cls,0.5205
5,GLOBAL,RandomForest,SMOTE,10,shap,{},3,test,Acc_dir,0.4173
5,GLOBAL,RandomForest,SMOTE,10,shap,{},3,test,BalAcc_4cls,0.2701
5,GLOBAL,RandomForest,SMOTE,10,shap,{},3,test,Brier_up,0.27754262715989175
5,GLOBAL,RandomForest,SMOTE,10,shap,{},3,test,ECE_up,0.2001562074577941
5,GLOBAL,RandomForest,SMOTE,10,shap,{},3,test,F1_4cls,0.2249
5,GLOBAL,RandomForest,SMOTE,10,shap,{},3,test,F1_DOWN_FORT,0.3577
5,GLOBAL,RandomForest,SMOTE,10,shap,{},3,test,F1_UP_FORT,0.3137
5,GLOBAL,RandomForest,SMOTE,10,shap,{},3,test,F1_dir,0.4091
5,GLOBAL,RandomForest,SMOTE,10,shap,{},3,test,MCC_4cls,0.0164
5,GLOBAL,RandomForest,SMOTE,10,shap,{},3,test,effective_n_train,292.8333333333333
5,GLOBAL,RandomForest,SMOTE,10,shap,{},3,test,n_train,1485.0
5,GLOBAL,RandomForest,SMOTE,10,shap,{},4,test,AUC_ovr_4cls,0.6401
5,GLOBAL,RandomForest,SMOTE,10,shap,{},4,test,Acc_dir,0.6667
5,GLOBAL,RandomForest,SMOTE,10,shap,{},4,test,BalAcc_4cls,0.3417
5,GLOBAL,RandomForest,SMOTE,10,shap,{},4,test,Brier_up,0.22288277930459094
5,GLOBAL,RandomForest,SMOTE,10,shap,{},4,test,ECE_up,0.07712958264572176
5,GLOBAL,RandomForest,SMOTE,10,shap,{},4,test,F1_4cls,0.2768
5,GLOBAL,RandomForest,SMOTE,10,shap,{},4,test,F1_DOWN_FORT,0.15
5,GLOBAL,RandomForest,SMOTE,10,shap,{},4,test,F1_UP_FORT,0.1591
5,GLOBAL,RandomForest,SMOTE,10,shap,{},4,test,F1_dir,0.6498
5,GLOBAL,RandomForest,SMOTE,10,shap,{},4,test,MCC_4cls,0.1237
5,GLOBAL,RandomForest,SMOTE,10,shap,{},4,test,effective_n_train,341.5
5,GLOBAL,RandomForest,SMOTE,10,shap,{},4,test,n_train,1744.0
5,GLOBAL,RandomForest,SMOTE,14,shap,{},1,test,AUC_ovr_4cls,0.577
5,GLOBAL,RandomForest,SMOTE,14,shap,{},1,test,Acc_dir,0.4957
5,GLOBAL,RandomForest,SMOTE,14,shap,{},1,test,BalAcc_4cls,0.3002
5,GLOBAL,RandomForest,SMOTE,14,shap,{},1,test,Brier_up,0.2641795346411947
5,GLOBAL,RandomForest,SMOTE,14,shap,{},1,test,ECE_up,0.1628775766038135
5,GLOBAL,RandomForest,SMOTE,14,shap,{},1,test,F1_4cls,0.286
5,GLOBAL,RandomForest,SMOTE,14,shap,{},1,test,F1_DOWN_FORT,0.4
5,GLOBAL,RandomForest,SMOTE,14,shap,{},1,test,F1_UP_FORT,0.3667
5,GLOBAL,RandomForest,SMOTE,14,shap,{},1,test,F1_dir,0.4957
5,GLOBAL,RandomForest,SMOTE,14,shap,{},1,test,MCC_4cls,0.0637
5,GLOBAL,RandomForest,SMOTE,14,shap,{},1,test,effective_n_train,195.5
5,GLOBAL,RandomForest,SMOTE,14,shap,{},1,test,n_train,997.0
5,GLOBAL,RandomForest,SMOTE,14,shap,{},2,test,AUC_ovr_4cls,0.5155
5,GLOBAL,RandomForest,SMOTE,14,shap,{},2,test,Acc_dir,0.4385
5,GLOBAL,RandomForest,SMOTE,14,shap,{},2,test,BalAcc_4cls,0.2559
5,GLOBAL,RandomForest,SMOTE,14,shap,{},2,test,Brier_up,0.26012084917355033
5,GLOBAL,RandomForest,SMOTE,14,shap,{},2,test,ECE_up,0.11523334873784916
5,GLOBAL,RandomForest,SMOTE,14,shap,{},2,test,F1_4cls,0.2314
5,GLOBAL,RandomForest,SMOTE,14,shap,{},2,test,F1_DOWN_FORT,0.54
5,GLOBAL,RandomForest,SMOTE,14,shap,{},2,test,F1_UP_FORT,0.4
5,GLOBAL,RandomForest,SMOTE,14,shap,{},2,test,F1_dir,0.4374
5,GLOBAL,RandomForest,SMOTE,14,shap,{},2,test,MCC_4cls,0.0069
5,GLOBAL,RandomForest,SMOTE,14,shap,{},2,test,effective_n_train,244.16666666666666
5,GLOBAL,RandomForest,SMOTE,14,shap,{},2,test,n_train,1236.0
5,GLOBAL,RandomForest,SMOTE,14,shap,{},3,test,AUC_ovr_4cls,0.4966
5,GLOBAL,RandomForest,SMOTE,14,shap,{},3,test,Acc_dir,0.4094
5,GLOBAL,RandomForest,SMOTE,14,shap,{},3,test,BalAcc_4cls,0.246
5,GLOBAL,RandomForest,SMOTE,14,shap,{},3,test,Brier_up,0.2731381761218677
5,GLOBAL,RandomForest,SMOTE,14,shap,{},3,test,ECE_up,0.18395552181720498
5,GLOBAL,RandomForest,SMOTE,14,shap,{},3,test,F1_4cls,0.1927
5,GLOBAL,RandomForest,SMOTE,14,shap,{},3,test,F1_DOWN_FORT,0.374
5,GLOBAL,RandomForest,SMOTE,14,shap,{},3,test,F1_UP_FORT,0.2
5,GLOBAL,RandomForest,SMOTE,14,shap,{},3,test,F1_dir,0.4011
5,GLOBAL,RandomForest,SMOTE,14,shap,{},3,test,MCC_4cls,-0.006
5,GLOBAL,RandomForest,SMOTE,14,shap,{},3,test,effective_n_train,292.8333333333333
5,GLOBAL,RandomForest,SMOTE,14,shap,{},3,test,n_train,1485.0
5,GLOBAL,RandomForest,SMOTE,14,shap,{},4,test,AUC_ovr_4cls,0.5956
5,GLOBAL,RandomForest,SMOTE,14,shap,{},4,test,Acc_dir,0.6439
5,GLOBAL,RandomForest,SMOTE,14,shap,{},4,test,BalAcc_4cls,0.3153
5,GLOBAL,RandomForest,SMOTE,14,shap,{},4,test,Brier_up,0.23311523764552927
5,GLOBAL,RandomForest,SMOTE,14,shap,{},4,test,ECE_up,0.05972583170699392
5,GLOBAL,RandomForest,SMOTE,14,shap,{},4,test,F1_4cls,0.2778
5,GLOBAL,RandomForest,SMOTE,14,shap,{},4,test,F1_DOWN_FORT,0.1026
5,GLOBAL,RandomForest,SMOTE,14,shap,{},4,test,F1_UP_FORT,0.3304
5,GLOBAL,RandomForest,SMOTE,14,shap,{},4,test,F1_dir,0.6202
5,GLOBAL,RandomForest,SMOTE,14,shap,{},4,test,MCC_4cls,0.0798
5,GLOBAL,RandomForest,SMOTE,14,shap,{},4,test,effective_n_train,341.5
5,GLOBAL,RandomForest,SMOTE,14,shap,{},4,test,n_train,1744.0
5,GLOBAL,XGBoost,SMOTE,6,shap,{},1,test,AUC_ovr_4cls,0.568
5,GLOBAL,XGBoost,SMOTE,6,shap,{},1,test,Acc_dir,0.5171
5,GLOBAL,XGBoost,SMOTE,6,shap,{},1,test,BalAcc_4cls,0.3105
5,GLOBAL,XGBoost,SMOTE,6,shap,{},1,test,Brier_up,0.2729272096832953
5,GLOBAL,XGBoost,SMOTE,6,shap,{},1,test,ECE_up,0.1621470914946662
5,GLOBAL,XGBoost,SMOTE,6,shap,{},1,test,F1_4cls,0.2895
5,GLOBAL,XGBoost,SMOTE,6,shap,{},1,test,F1_DOWN_FORT,0.5063
5,GLOBAL,XGBoost,SMOTE,6,shap,{},1,test,F1_UP_FORT,0.3604
5,GLOBAL,XGBoost,SMOTE,6,shap,{},1,test,F1_dir,0.5164
5,GLOBAL,XGBoost,SMOTE,6,shap,{},1,test,MCC_4cls,0.0858
5,GLOBAL,XGBoost,SMOTE,6,shap,{},1,test,effective_n_train,195.5
5,GLOBAL,XGBoost,SMOTE,6,shap,{},1,test,n_train,997.0
5,GLOBAL,XGBoost,SMOTE,6,shap,{},2,test,AUC_ovr_4cls,0.4791
5,GLOBAL,XGBoost,SMOTE,6,shap,{},2,test,Acc_dir,0.4713
5,GLOBAL,XGBoost,SMOTE,6,shap,{},2,test,BalAcc_4cls,0.2127
5,GLOBAL,XGBoost,SMOTE,6,shap,{},2,test,Brier_up,0.3293961514417138
5,GLOBAL,XGBoost,SMOTE,6,shap,{},2,test,ECE_up,0.25583029191818885
5,GLOBAL,XGBoost,SMOTE,6,shap,{},2,test,F1_4cls,0.1904
5,GLOBAL,XGBoost,SMOTE,6,shap,{},2,test,F1_DOWN_FORT,0.275
5,GLOBAL,XGBoost,SMOTE,6,shap,{},2,test,F1_UP_FORT,0.3738
5,GLOBAL,XGBoost,SMOTE,6,shap,{},2,test,F1_dir,0.4282
5,GLOBAL,XGBoost,SMOTE,6,shap,{},2,test,MCC_4cls,-0.0536
5,GLOBAL,XGBoost,SMOTE,6,shap,{},2,test,effective_n_train,244.16666666666666
5,GLOBAL,XGBoost,SMOTE,6,shap,{},2,test,n_train,1236.0
5,GLOBAL,XGBoost,SMOTE,6,shap,{},3,test,AUC_ovr_4cls,0.5478
5,GLOBAL,XGBoost,SMOTE,6,shap,{},3,test,Acc_dir,0.5039
5,GLOBAL,XGBoost,SMOTE,6,shap,{},3,test,BalAcc_4cls,0.3175
5,GLOBAL,XGBoost,SMOTE,6,shap,{},3,test,Brier_up,0.29492876331877904
5,GLOBAL,XGBoost,SMOTE,6,shap,{},3,test,ECE_up,0.2671453608566617
5,GLOBAL,XGBoost,SMOTE,6,shap,{},3,test,F1_4cls,0.295
5,GLOBAL,XGBoost,SMOTE,6,shap,{},3,test,F1_DOWN_FORT,0.4615
5,GLOBAL,XGBoost,SMOTE,6,shap,{},3,test,F1_UP_FORT,0.4242
5,GLOBAL,XGBoost,SMOTE,6,shap,{},3,test,F1_dir,0.5024
5,GLOBAL,XGBoost,SMOTE,6,shap,{},3,test,MCC_4cls,0.0943
5,GLOBAL,XGBoost,SMOTE,6,shap,{},3,test,effective_n_train,292.8333333333333
5,GLOBAL,XGBoost,SMOTE,6,shap,{},3,test,n_train,1485.0
5,GLOBAL,XGBoost,SMOTE,6,shap,{},4,test,AUC_ovr_4cls,0.5747
5,GLOBAL,XGBoost,SMOTE,6,shap,{},4,test,Acc_dir,0.5871
5,GLOBAL,XGBoost,SMOTE,6,shap,{},4,test,BalAcc_4cls,0.3232
5,GLOBAL,XGBoost,SMOTE,6,shap,{},4,test,Brier_up,0.2454147654696517
5,GLOBAL,XGBoost,SMOTE,6,shap,{},4,test,ECE_up,0.08974898715545845
5,GLOBAL,XGBoost,SMOTE,6,shap,{},4,test,F1_4cls,0.322
5,GLOBAL,XGBoost,SMOTE,6,shap,{},4,test,F1_DOWN_FORT,0.486
5,GLOBAL,XGBoost,SMOTE,6,shap,{},4,test,F1_UP_FORT,0.3333
5,GLOBAL,XGBoost,SMOTE,6,shap,{},4,test,F1_dir,0.5788
5,GLOBAL,XGBoost,SMOTE,6,shap,{},4,test,MCC_4cls,0.102
5,GLOBAL,XGBoost,SMOTE,6,shap,{},4,test,effective_n_train,341.5
5,GLOBAL,XGBoost,SMOTE,6,shap,{},4,test,n_train,1744.0
5,GLOBAL,XGBoost,SMOTE,10,shap,{},1,test,AUC_ovr_4cls,0.5608
5,GLOBAL,XGBoost,SMOTE,10,shap,{},1,test,Acc_dir,0.547
5,GLOBAL,XGBoost,SMOTE,10,shap,{},1,test,BalAcc_4cls,0.2788
5,GLOBAL,XGBoost,SMOTE,10,shap,{},1,test,Brier_up,0.29261150933627234
5,GLOBAL,XGBoost,SMOTE,10,shap,{},1,test,ECE_up,0.22021870450594294
5,GLOBAL,XGBoost,SMOTE,10,shap,{},1,test,F1_4cls,0.2666
5,GLOBAL,XGBoost,SMOTE,10,shap,{},1,test,F1_DOWN_FORT,0.4337
5,GLOBAL,XGBoost,SMOTE,10,shap,{},1,test,F1_UP_FORT,0.4545
5,GLOBAL,XGBoost,SMOTE,10,shap,{},1,test,F1_dir,0.5467
5,GLOBAL,XGBoost,SMOTE,10,shap,{},1,test,MCC_4cls,0.0498
5,GLOBAL,XGBoost,SMOTE,10,shap,{},1,test,effective_n_train,195.5
5,GLOBAL,XGBoost,SMOTE,10,shap,{},1,test,n_train,997.0
5,GLOBAL,XGBoost,SMOTE,10,shap,{},2,test,AUC_ovr_4cls,0.4943
5,GLOBAL,XGBoost,SMOTE,10,shap,{},2,test,Acc_dir,0.4262
5,GLOBAL,XGBoost,SMOTE,10,shap,{},2,test,BalAcc_4cls,0.2376
5,GLOBAL,XGBoost,SMOTE,10,shap,{},2,test,Brier_up,0.31342982514206746
5,GLOBAL,XGBoost,SMOTE,10,shap,{},2,test,ECE_up,0.28917092675740114
5,GLOBAL,XGBoost,SMOTE,10,shap,{},2,test,F1_4cls,0.2353
5,GLOBAL,XGBoost,SMOTE,10,shap,{},2,test,F1_DOWN_FORT,0.4
5,GLOBAL,XGBoost,SMOTE,10,shap,{},2,test,F1_UP_FORT,0.3789
5,GLOBAL,XGBoost,SMOTE,10,shap,{},2,test,F1_dir,0.4231
5,GLOBAL,XGBoost,SMOTE,10,shap,{},2,test,MCC_4cls,-0.0166
5,GLOBAL,XGBoost,SMOTE,10,shap,{},2,test,effective_n_train,244.16666666666666
5,GLOBAL,XGBoost,SMOTE,10,shap,{},2,test,n_train,1236.0
5,GLOBAL,XGBoost,SMOTE,10,shap,{},3,test,AUC_ovr_4cls,0.5699
5,GLOBAL,XGBoost,SMOTE,10,shap,{},3,test,Acc_dir,0.4724
5,GLOBAL,XGBoost,SMOTE,10,shap,{},3,test,BalAcc_4cls,0.3137
5,GLOBAL,XGBoost,SMOTE,10,shap,{},3,test,Brier_up,0.29673360935056775
5,GLOBAL,XGBoost,SMOTE,10,shap,{},3,test,ECE_up,0.2510472455127971
5,GLOBAL,XGBoost,SMOTE,10,shap,{},3,test,F1_4cls,0.2738
5,GLOBAL,XGBoost,SMOTE,10,shap,{},3,test,F1_DOWN_FORT,0.3548
5,GLOBAL,XGBoost,SMOTE,10,shap,{},3,test,F1_UP_FORT,0.4706
5,GLOBAL,XGBoost,SMOTE,10,shap,{},3,test,F1_dir,0.466
5,GLOBAL,XGBoost,SMOTE,10,shap,{},3,test,MCC_4cls,0.0717
5,GLOBAL,XGBoost,SMOTE,10,shap,{},3,test,effective_n_train,292.8333333333333
5,GLOBAL,XGBoost,SMOTE,10,shap,{},3,test,n_train,1485.0
5,GLOBAL,XGBoost,SMOTE,10,shap,{},4,test,AUC_ovr_4cls,0.637
5,GLOBAL,XGBoost,SMOTE,10,shap,{},4,test,Acc_dir,0.6553
5,GLOBAL,XGBoost,SMOTE,10,shap,{},4,test,BalAcc_4cls,0.3757
5,GLOBAL,XGBoost,SMOTE,10,shap,{},4,test,Brier_up,0.2138476103286641
5,GLOBAL,XGBoost,SMOTE,10,shap,{},4,test,ECE_up,0.047651832591685796
5,GLOBAL,XGBoost,SMOTE,10,shap,{},4,test,F1_4cls,0.3544
5,GLOBAL,XGBoost,SMOTE,10,shap,{},4,test,F1_DOWN_FORT,0.375
5,GLOBAL,XGBoost,SMOTE,10,shap,{},4,test,F1_UP_FORT,0.3964
5,GLOBAL,XGBoost,SMOTE,10,shap,{},4,test,F1_dir,0.6545
5,GLOBAL,XGBoost,SMOTE,10,shap,{},4,test,MCC_4cls,0.1551
5,GLOBAL,XGBoost,SMOTE,10,shap,{},4,test,effective_n_train,341.5
5,GLOBAL,XGBoost,SMOTE,10,shap,{},4,test,n_train,1744.0
5,GLOBAL,XGBoost,SMOTE,14,shap,{},1,test,AUC_ovr_4cls,0.5851
5,GLOBAL,XGBoost,SMOTE,14,shap,{},1,test,Acc_dir,0.5385
5,GLOBAL,XGBoost,SMOTE,14,shap,{},1,test,BalAcc_4cls,0.2855
5,GLOBAL,XGBoost,SMOTE,14,shap,{},1,test,Brier_up,0.3099304080838077
5,GLOBAL,XGBoost,SMOTE,14,shap,{},1,test,ECE_up,0.23928420961850405
5,GLOBAL,XGBoost,SMOTE,14,shap,{},1,test,F1_4cls,0.2566
5,GLOBAL,XGBoost,SMOTE,14,shap,{},1,test,F1_DOWN_FORT,0.3684
5,GLOBAL,XGBoost,SMOTE,14,shap,{},1,test,F1_UP_FORT,0.198
5,GLOBAL,XGBoost,SMOTE,14,shap,{},1,test,F1_dir,0.5363
5,GLOBAL,XGBoost,SMOTE,14,shap,{},1,test,MCC_4cls,0.0536
5,GLOBAL,XGBoost,SMOTE,14,shap,{},1,test,effective_n_train,195.5
5,GLOBAL,XGBoost,SMOTE,14,shap,{},1,test,n_train,997.0
5,GLOBAL,XGBoost,SMOTE,14,shap,{},2,test,AUC_ovr_4cls,0.5163
5,GLOBAL,XGBoost,SMOTE,14,shap,{},2,test,Acc_dir,0.4303
5,GLOBAL,XGBoost,SMOTE,14,shap,{},2,test,BalAcc_4cls,0.2534
5,GLOBAL,XGBoost,SMOTE,14,shap,{},2,test,Brier_up,0.3054837226211977
5,GLOBAL,XGBoost,SMOTE,14,shap,{},2,test,ECE_up,0.23629193655291544
5,GLOBAL,XGBoost,SMOTE,14,shap,{},2,test,F1_4cls,0.2451
5,GLOBAL,XGBoost,SMOTE,14,shap,{},2,test,F1_DOWN_FORT,0.5474
5,GLOBAL,XGBoost,SMOTE,14,shap,{},2,test,F1_UP_FORT,0.3516
5,GLOBAL,XGBoost,SMOTE,14,shap,{},2,test,F1_dir,0.4299
5,GLOBAL,XGBoost,SMOTE,14,shap,{},2,test,MCC_4cls,0.002
5,GLOBAL,XGBoost,SMOTE,14,shap,{},2,test,effective_n_train,244.16666666666666
5,GLOBAL,XGBoost,SMOTE,14,shap,{},2,test,n_train,1236.0
5,GLOBAL,XGBoost,SMOTE,14,shap,{},3,test,AUC_ovr_4cls,0.5249
5,GLOBAL,XGBoost,SMOTE,14,shap,{},3,test,Acc_dir,0.4173
5,GLOBAL,XGBoost,SMOTE,14,shap,{},3,test,BalAcc_4cls,0.2249
5,GLOBAL,XGBoost,SMOTE,14,shap,{},3,test,Brier_up,0.3006696102464793
5,GLOBAL,XGBoost,SMOTE,14,shap,{},3,test,ECE_up,0.25183619894673975
5,GLOBAL,XGBoost,SMOTE,14,shap,{},3,test,F1_4cls,0.19
5,GLOBAL,XGBoost,SMOTE,14,shap,{},3,test,F1_DOWN_FORT,0.314
5,GLOBAL,XGBoost,SMOTE,14,shap,{},3,test,F1_UP_FORT,0.3051
5,GLOBAL,XGBoost,SMOTE,14,shap,{},3,test,F1_dir,0.415
5,GLOBAL,XGBoost,SMOTE,14,shap,{},3,test,MCC_4cls,-0.0463
5,GLOBAL,XGBoost,SMOTE,14,shap,{},3,test,effective_n_train,292.8333333333333
5,GLOBAL,XGBoost,SMOTE,14,shap,{},3,test,n_train,1485.0
5,GLOBAL,XGBoost,SMOTE,14,shap,{},4,test,AUC_ovr_4cls,0.5896
5,GLOBAL,XGBoost,SMOTE,14,shap,{},4,test,Acc_dir,0.6553
5,GLOBAL,XGBoost,SMOTE,14,shap,{},4,test,BalAcc_4cls,0.3392
5,GLOBAL,XGBoost,SMOTE,14,shap,{},4,test,Brier_up,0.22982258605496123
5,GLOBAL,XGBoost,SMOTE,14,shap,{},4,test,ECE_up,0.04925510954732696
5,GLOBAL,XGBoost,SMOTE,14,shap,{},4,test,F1_4cls,0.3073
5,GLOBAL,XGBoost,SMOTE,14,shap,{},4,test,F1_DOWN_FORT,0.1951
5,GLOBAL,XGBoost,SMOTE,14,shap,{},4,test,F1_UP_FORT,0.3802
5,GLOBAL,XGBoost,SMOTE,14,shap,{},4,test,F1_dir,0.6498
5,GLOBAL,XGBoost,SMOTE,14,shap,{},4,test,MCC_4cls,0.103
5,GLOBAL,XGBoost,SMOTE,14,shap,{},4,test,effective_n_train,341.5
5,GLOBAL,XGBoost,SMOTE,14,shap,{},4,test,n_train,1744.0
